0,0,7.2598,-2.7753,7.0991,-4.1107,7.2506,-5.4213,0,0,0,0,1.1704,5.6095,1.4905,-0.1686
0,0,-1.312,-1.5539,-1.4711,-1.8005,-1.4992,-2.7607,-1.1514,-4.1259,5.8178,-2.4133,1.2546,5.5253,1.4905,-0.1686
0.0006,0.1499,-1.7519,0.4173,-1.2583,-1.6561,-1.5867,-1.6216,-1.5144,-2.508,-1.2812,-3.6131,1.3389,5.441,1.4905,-0.1686
-0.0009,0.328,-1.9048,0.0033,-1.0971,-1.8147,-1.8763,-1.4648,-1.538,-2.3123,2.9338,-1.7263,1.3857,5.3942,1.4908,-0.0936
-0.0124,0.1452,1.98,-0.3083,1.934,0.5684,1.4916,-1.4811,-2.0575,-0.4918,-1.0365,-2.0908,1.3505,5.4294,1.4904,0.0704
-0.1949,-0.2097,0.4965,0.2304,0.5122,-0.5879,0.0516,-1.2698,0.2387,-1.9843,-2.2119,-0.9478,1.2789,5.501,1.4842,0.143
0.0935,0.2546,-0.8438,0.0097,1.0757,-0.2672,-0.8581,-0.7722,-1.361,-1.0211,-1.0638,-1.6555,1.2598,5.5201,1.3868,0.0382
0.0145,0.2203,-0.2566,-0.7784,0.7736,-1.9122,-2.2468,-0.2809,-2.0864,-0.9317,-1.9878,-1.5624,1.177,5.6029,1.4335,0.1655
0.0512,-0.0506,-1.59,-1.3453,-0.693,-1.9752,-1.8593,-1.6852,-2.2024,-1.9369,-1.9969,-2.4132,1.0392,5.7407,1.4408,0.2757
-0.005,0.0774,-0.04,1.4779,0.0523,2.6815,0.5717,5.7547,0.5505,6.0607,-6.917,0.9689,6.3495,0.4304,-1.4799,0.4841
-0.0074,-0.3967,0.0728,1.6259,0.0967,2.6979,0.6139,5.0834,-5.5604,1.1361,0.5713,5.705,6.0881,0.6918,-1.4823,0.5228
-0.0053,-0.1906,0.1875,1.8721,0.143,2.8139,-4.2017,1.4013,0.6525,4.5339,-3.8879,2.7255,5.9258,0.8541,-1.486,0.3245
-0.0031,-0.0823,0.3039,2.1613,0.1904,2.9796,-2.8341,1.6692,-2.3377,2.37,-2.975,2.2122,5.8112,0.9687,-1.4886,0.2292
-0.0017,-0.0357,-0.8429,2.004,-1.4407,1.7751,0.4246,2.4539,-1.715,2.3648,0.2375,3.1684,5.7171,1.0628,-1.4902,0.1881
-0.0009,-0.0159,0.6243,1.6233,-0.1637,1.8978,-0.3689,2.5302,0.561,2.7167,-0.4497,2.9808,5.632,1.1479,-1.491,0.1703
-0.0005,-0.0074,1.1555,2.0513,2.0658,1.2282,1.0173,2.5695,-2.029,1.9388,1.0995,2.8114,5.5508,1.2291,-1.4915,0.1624
-0.0002,-0.0037,-0.5359,1.923,1.3876,2.8546,2.5567,2.019,3.2428,-0.4717,0.4744,3.2506,5.4714,1.3085,-1.4917,0.1587
0.2476,-0.0806,-0.8885,0.0122,-1.0928,1.5633,0.9573,1.908,3.2409,-0.4864,2.4805,2.5211,5.3929,1.387,-1.4918,0.1569
0,0.0002,-0.0923,-1.2037,-0.0524,-2.6816,0.5194,3.0731,0.4982,3.3791,-5.8179,2.4132,3.6679,3.112,-1.3934,0.5554
-0.0001,0.0019,-0.024,-1.0721,0.5171,2.3854,-0.0968,-2.698,0.4746,3.007,-4.376,2.0512,3.3902,3.3897,-1.3934,0.5555
-0.0009,0.0085,0.0444,-0.9419,0.5094,1.72,0.4505,2.5802,-0.1431,-2.814,-2.9339,1.7262,3.1119,3.668,-1.3935,0.5564
-0.004,0.01,0.1134,-0.8183,0.4883,1.1728,0.4423,2.0495,-1.4917,1.481,-2.5281,-0.6097,2.8315,3.9484,-1.3939,0.5607
-0.0852,-0.0605,0.187,-0.7146,0.4606,0.6819,-0.0517,1.2697,0.4448,1.5001,-1.0804,-1.1645,2.5487,4.2312,-1.3959,0.5657
0.0212,0.1329,0.5029,0.2489,0.2972,-0.6344,-0.7135,-0.3703,-1.0182,-0.1291,-0.6328,-0.8208,2.2809,4.499,-1.4384,0.5355
0.0325,0.1779,0.066,-0.5113,0.7052,-0.1289,0.5449,0.5219,0.4569,-0.6134,0.8038,-0.7595,1.9799,4.8,-1.4278,0.602
0.1746,0.1961,0.1386,-0.5864,-0.6265,0.0437,0.6282,0.0307,0.6495,-0.6128,0.9853,-0.4736,1.6344,5.1455,-1.4115,0.6909
-0.0615,-0.2473,-0.2687,-0.5921,0.7672,-0.4079,0.6263,-0.6937,0.7835,-0.6649,1.3143,-0.8188,1.2398,5.5401,-1.3242,0.789
0.0843,-0.2366,-0.6348,-0.2609,0.9185,-0.6765,0.968,-0.7078,0.9407,-1.4222,1.6849,-1.0559,0.9071,5.8728,-1.355,0.6654
0.4304,-0.0752,-0.3284,0.0345,-0.2561,-0.852,-0.023,-1.957,1.2582,1.656,-0.4936,2.0734,2.995,3.7849,1.5979,-0.3731
-0.4028,-0.1424,-0.4409,-0.4977,-0.7792,0.3498,-0.3139,-1.3242,-0.8077,1.8179,1.097,1.8146,3.2003,3.5796,1.8131,-0.4107
-0.2244,-0.1241,-0.6374,-0.1578,-0.4964,-0.7008,-1.0139,0.7609,-1.0211,1.5989,1.0364,2.0907,3.4412,3.3387,1.6117,-0.4818
-0.1127,-0.0946,-0.5979,-0.2289,-0.8722,0.3608,1.2674,0.4499,-1.0959,1.1441,1.0803,1.1644,3.7131,3.0668,1.4996,-0.5438
-0.1034,-0.0734,-0.788,0.2744,-0.0633,1.0933,-0.9932,0.9069,-1.074,1.3575,-0.6244,-1.6234,4.0086,2.7713,1.4433,-0.5911
-0.0523,-0.0325,-0.9103,0.823,-1.0486,1.3412,-0.9664,1.5831,1.1782,-1.7013,-1.3132,1.7292,4.3225,2.4574,1.3916,-0.6278
-0.0215,-0.0163,-0.2517,-1.2987,-0.9377,1.192,0.3661,1.6301,-1.1433,1.6684,-0.8001,1.9201,4.6445,2.1354,1.3654,-0.644
-0.0093,-0.0089,-0.9472,1.5299,-1.6768,-0.9089,-1.0265,2.0069,-1.3864,1.9202,-0.5985,2.2942,4.9705,1.8094,1.3547,-0.6521
-0.0077,0.0677,0.4103,-0.933,0.1775,2.0624,-1.0119,1.925,-1.6731,2.1333,0.412,2.7759,5.2988,1.4811,1.3501,-0.6566
-0.6956,0.0614,0.3283,-0.0346,0.0723,-0.8865,0.3054,-1.9915,-0.1653,2.0389,1.5866,1.6215,2.9604,3.8195,1.2594,0.1893
0.4613,0.2404,0.7791,-0.3499,0.3382,-0.8476,-0.0286,1.468,0.4652,-1.6741,1.8762,1.4647,2.8504,3.9295,0.9116,0.22
0.3863,-0.2352,-0.0072,0.838,0.3765,-0.9187,1.0138,-0.761,0.5174,-1.4617,2.0502,1.3297,2.6803,4.0996,1.1423,0.3403
0.3033,-0.7743,-0.0873,0.3421,0.2237,-0.7834,0.498,-1.3731,1.0958,-1.1442,-1.9772,-0.2289,2.5689,4.211,1.3355,0.2227
0.2393,-0.0243,-0.3047,0.2411,0.0807,-0.4506,0.7134,0.3702,1.0106,-0.2642,0.2859,-1.0831,2.6511,4.1288,1.4871,-0.1645
0.1822,0.4133,-0.0823,-0.2419,-0.3469,0.146,-0.0986,0.6306,0.056,-0.7601,-0.7378,0.2482,2.7394,4.0405,1.6068,-0.1766
0.1199,0.1317,-0.3432,-0.2518,0.2692,0.3398,-0.1377,-0.7281,1.1662,-0.29,-1.3067,0.1075,2.7243,4.0556,1.698,0.0301
-0.2707,0.6037,-0.428,-0.2873,-0.3487,-0.7644,-0.7879,-0.374,-1.206,-0.0083,-1.8387,-0.1956,2.6763,4.1036,1.7579,0.096
-0.4327,0.1282,0.4046,0.1759,0.8742,-0.0455,0.6397,-0.759,-0.5497,-0.8965,1.1707,0.6857,2.4773,4.3026,1.6226,0.3978
-0.3144,0.3898,-0.2561,0.5127,-0.2094,-0.6183,0.3426,-0.6019,-0.7268,-0.8732,-1.2248,-0.0067,2.2463,4.5336,1.4063,0.462
-0.0018,-0.2171,0.0425,-0.6216,-0.4747,-3.0071,-0.4986,-4.0791,-4.8506,-0.9559,-0.5714,-5.7051,0.3831,6.3968,-1.4407,-0.1887
0.0626,-0.4071,0.0589,-0.8602,-0.4506,-2.5803,-3.3844,-0.8541,-0.4061,-3.5221,-4.4815,-2.6687,0.5317,6.2482,-1.4416,-0.2972
0.0389,-0.0647,0.046,-0.8767,1.8417,0.071,-1.9341,-0.5685,-0.4424,-2.0496,-0.3289,-2.8678,0.782,5.9979,-1.4103,-0.5007
0.1938,0.2596,-0.4966,-0.2305,0.0157,-0.8183,-0.4449,-1.5002,1.9049,-0.0728,-0.2579,-2.2147,1.0485,5.7314,-1.3908,-0.533
-0.1571,-0.0251,-0.0143,-0.7819,0.8437,-0.0098,-0.5172,-1.0308,-0.22,-1.6652,-1.2307,-1.4011,1.2501,5.5298,-1.2938,-0.4032
0.2548,0.2484,0.1603,-0.6509,-0.545,-0.522,-0.088,-1.1354,-0.4789,-1.0333,0.2589,-1.2815,1.4579,5.322,-1.3724,-0.4157
0.3976,0.4065,0.3571,-0.5044,-0.6283,-0.0308,0.0213,-0.6436,-0.4896,-0.6172,0.4237,-1.0132,1.6036,5.1763,-1.2449,-0.2915
-0.0125,0.433,0.0163,-0.257,-0.141,-0.2859,0.547,-0.411,0.6556,-0.4748,-0.7673,0.4078,1.6477,5.1322,-1.0461,-0.0882
-0.5532,0.2487,0.0495,-0.0313,0.0222,-0.7457,0.7663,-0.3795,-0.9186,0.6764,0.8965,-0.7575,1.5836,5.1963,-1.0523,0.1283
-0.1303,0.0036,-0.2998,-0.1367,0.3575,0.0708,1.0475,-0.4167,-0.9106,0.8236,-1.341,-0.5561,1.4572,5.3227,-1.3289,0.2527
-0.0001,-0.0005,0.0922,1.2036,0.0399,-1.478,0.6117,4.2768,0.5905,4.5827,-5.7256,3.6169,4.8716,1.9083,-1.2567,0.8189
0,-0.0037,0.0239,1.072,-0.0729,-1.626,0.541,3.4575,0.4985,4.079,-4.3521,3.1232,4.4622,2.3177,-1.2567,0.8187
0.0017,-0.0182,-0.0445,0.9418,-0.1876,-1.8722,0.465,2.6618,0.406,3.522,-2.9783,2.668,4.0537,2.7262,-1.2567,0.8169
0.0143,-0.0692,-0.1135,0.8182,0.3748,1.9911,-0.304,-2.1614,-2.6416,0.2086,-1.6052,2.2993,3.6498,3.1301,-1.2558,0.8078
0.061,-0.1549,-0.1871,0.7145,-1.2675,-0.45,0.2735,1.3964,-1.8654,-0.6788,-0.2388,1.9842,3.2632,3.5167,-1.2487,0.7732
0.2198,-0.104,-0.2973,0.6343,0.2057,0.8833,-0.93,-0.1865,-1.0107,0.2641,-0.7248,-0.819,2.9152,3.8647,-1.2182,0.6958
0.1635,0.0966,0.3468,-0.1461,-0.391,0.1021,0.2646,-0.388,0.2483,0.4845,-0.457,0.6133,2.5933,4.1866,-1.1083,0.6438
-0.0593,-0.0147,0.3358,0.1391,-0.5109,0.0263,0.4023,-0.3696,-0.0214,0.6435,-0.6496,0.6127,2.2472,4.5327,-1.0265,0.6922
0.1403,-0.2104,-0.1573,-0.0289,-0.0164,0.2569,0.5307,-0.154,0.6393,-0.2178,-0.7836,0.6648,1.9047,4.8752,-1.0561,0.6849
0.546,-0.2458,-0.0496,0.0312,-0.0274,-0.7145,0.7168,-0.3482,0.847,-0.7262,-0.9681,0.7077,1.6148,5.1651,-0.9859,0.5797
0.5949,0.2619,-0.3576,-0.0709,-0.6574,-0.2075,0.6899,-0.4875,-1.2681,0.7528,0.8645,-1.447,1.3864,5.3935,-0.7129,0.4568
-0.6803,0.2378,-0.8469,-0.2375,0.3943,-0.853,0.0579,-1.0016,-0.7582,-1.0708,2.0247,-1.4255,1.0925,5.6874,-0.4154,0.5878
-0.6925,-0.0642,0.3498,-1.231,0.2891,-1.5946,0.8851,-1.9248,1.8123,-1.6135,1.257,-2.5014,0.7391,6.0408,-0.7555,0.7068
0.0008,-0.0045,-0.2332,1.105,0.0229,1.9569,-0.3055,1.9914,1.2811,3.613,-0.4707,4.0303,4.9519,1.828,1.2309,0.8572
0.0308,-0.1799,-0.1271,0.8264,0.3138,1.3241,-0.4653,1.674,-0.4939,3.142,1.4109,3.1387,4.5245,2.2554,1.2313,0.8549
0.0996,-0.7302,-0.141,0.543,0.4963,0.7007,-0.5175,1.4616,-0.5247,2.2997,3.1379,0.4921,4.1419,2.638,1.2467,0.765
-0.4671,0.0311,0.5978,0.2288,-0.2743,0.5896,-0.4981,1.373,-0.5853,1.7152,1.8653,0.6787,3.9419,2.838,1.2965,0.3999
0.168,0.1078,-0.2052,0.6324,0.7879,-0.2745,0.7247,0.8189,-0.286,1.083,-0.5907,1.3241,3.7342,3.0457,1.063,0.4155
0.3271,-0.7507,-0.1383,0.5181,-0.0561,0.76,-0.403,0.9061,0.9102,-0.8231,-0.7939,1.0083,3.4994,3.2805,1.147,0.4694
0.0504,-0.1412,-0.2056,0.4763,0.1376,0.728,0.4068,1.0679,1.3038,0.438,-1.1691,0.8356,3.4524,3.3275,1.3106,0.0941
-0.2305,0.2204,-0.0794,0.477,-0.4393,0.3903,0.3486,0.7643,-0.8574,0.756,-1.49,0.5687,3.4406,3.3393,1.3358,0.0235
-0.3373,0.7494,-0.6612,0.2082,0.5496,0.8964,1.1893,0.1374,-1.3382,0.4855,0.9542,1.0723,3.3737,3.4062,1.2206,0.1337
-0.4238,0.3008,-0.0107,-0.4024,0.5174,0.2549,-0.717,-0.033,-0.498,0.8664,1.0694,0.2713,3.1195,3.6604,1.052,0.5084
-0.2518,0.4576,0.1129,-0.0482,-0.2424,-0.4524,-0.6611,-0.1549,0.9313,0.8722,0.2615,1.2728,2.7901,3.9898,0.8401,0.6588
-0.0434,0.3266,-0.7011,-0.2803,0.1617,0.7874,-0.7217,0.4263,-0.6455,-0.5488,-0.9759,-1.3545,2.3462,4.4337,0.7142,0.8876
-0.0043,-0.1834,0.617,2.9705,-3.2445,0.5027,-2.6202,2.126,-3.4082,2.4005,-2.6835,3.2194,6.1347,0.6452,-1.4902,0.3136
-0.0038,-0.1214,-1.1783,1.7012,0.6169,2.9345,-2.0885,2.5242,-3.2441,0.4729,-2.2268,3.0424,6.0237,0.7562,-1.4923,0.2219
-0.0027,-0.0675,0.2516,1.2986,-0.6861,2.4907,0.6177,2.9287,-0.8917,2.967,-0.5485,3.2187,5.9431,0.8368,-1.4942,0.1612
-0.002,-0.0403,1.6767,0.9088,0.7296,2.4387,0.2903,2.829,0.6502,2.9157,-0.7604,3.0075,5.8793,0.9006,-1.4956,0.1275
-0.0018,-0.0374,-0.7881,2.4042,0.3301,2.5278,-2.7069,0.6094,0.0595,2.975,1.427,2.6601,5.8256,0.9543,-1.4965,0.1074
-0.0012,-0.0861,-1.2439,0.7455,1.4814,1.9402,0.6894,2.3712,-1.3555,2.1879,-2.581,-0.7471,5.7812,0.9987,-1.4974,0.0887
0.1436,0.0793,0.234,0.8762,-1.1124,-0.383,0.1229,2.2769,0.702,2.456,0.52,2.5971,5.7584,1.0215,-1.498,0.0457
-0.0891,0.1186,0.295,-0.1862,-1.0944,1.4856,1.6815,0.9767,0.7433,2.4752,1.4755,2.2485,5.7157,1.0642,-1.4262,0.0854
-0.0215,0.0907,-0.0426,0.6215,-0.5172,-2.3855,-0.5411,-3.4576,-4.8931,-0.3343,-0.614,-5.0835,1.0047,5.7752,-1.3981,-0.8199
-0.0548,0.4816,-0.059,0.8601,-0.5095,-1.7201,-0.4651,-2.6619,-3.4433,0.0061,-0.6526,-4.534,1.3919,5.388,-1.4088,-0.7745
-0.0303,0.2349,-0.0461,0.8766,-0.4884,-1.1729,-1.9801,0.3082,-0.3749,-1.9912,1.7957,0.9477,1.6587,5.1212,-1.4361,-0.5337
0.1948,0.1716,-0.5123,0.5878,-0.0158,0.8182,-0.4607,-0.682,-0.2736,-1.3965,1.8892,0.7454,1.8667,4.9132,-1.4513,-0.4162
0.6615,0.3533,-0.503,-0.249,0.0142,0.7818,-0.2058,-0.8834,0.858,0.7721,-1.2165,-0.6192,2.0319,4.748,-1.3538,-0.3304
0.3431,0.3102,-0.2484,-0.4846,0.0985,-0.6307,-0.1604,0.6508,-0.7053,0.1288,-0.6393,-0.3824,2.1087,4.6712,-1.0231,-0.1537
0.3705,0.1943,-0.3359,-0.1392,0.0665,-0.5088,-0.3572,0.5043,-0.8467,-0.1128,-0.9854,0.4735,2.108,4.6719,-0.8515,0.0014
0.1049,0.1851,0.1085,-0.0639,-0.5308,0.1539,-0.5471,0.4109,-0.688,0.125,0.7466,-0.8132,2.0586,4.7213,-0.6662,0.0986
-0.3058,-0.0258,0.1301,-0.378,-0.7169,0.3481,-0.7442,-0.3663,-0.7664,0.3794,1.0958,-0.0812,1.963,4.8169,-0.6137,0.1912
-0.4803,-0.643,-0.69,0.4874,0.1745,-0.9596,-1.0476,0.4166,1.041,-0.8728,-1.3473,0.2799,1.8738,4.9061,-0.7666,0.1783
0.3246,0.1877,-0.3364,-0.1487,-0.3944,0.8529,-1.1525,-0.2179,-1.2412,0.6154,0.9747,-1.2159,1.9454,4.8345,-1.0067,-0.1432
-0.0347,0.3057,-0.0608,-0.3636,0.5352,-0.6939,-0.3499,1.2309,1.4624,-0.3825,0.9071,-1.2705,1.97,4.8099,-0.8444,-0.0493
-0.2241,-0.784,0.9697,-0.6525,1.2334,-0.355,-0.47,1.5164,0.8206,-1.516,1.4846,-1.1876,1.9182,4.8617,-0.8617,0.1036
-0,-0,-1.0746,-1.0772,1.693,0.1882,-0.6996,1.6302,1.9977,-0.0529,2.0785,-0.5035,2.5983,4.1816,1.4459,0.399
-0.0626,-0.086,1.2743,0.4188,-0.74,1.1193,1.3404,-0.0924,-1.0503,-1.2132,1.7313,-0.1946,2.3988,4.3811,1.4459,0.399
-0.3409,-0.3189,0.5108,-0.0264,-0.1387,0.5863,0.4895,0.6171,0.8466,0.1127,-0.7652,0.6301,2.2208,4.5591,1.4146,0.356
0.2334,-0.0802,-0.1086,0.0638,-0.6394,0.2177,-0.6557,0.4747,-0.7966,0.1889,0.6381,-0.7494,2.1225,4.6574,1.2442,0.1965
0.1105,0.3979,0.0293,-0.8065,-0.9658,-0.2968,-1.0959,0.0811,0.7197,-0.844,0.2999,-1.2536,2.0442,4.7357,1.3609,0.1565
-0.0324,0.2328,-0.5779,-0.858,1.3778,-0.3866,-1.1463,-0.8801,-1.227,-1.0983,1.1589,-1.2861,1.8664,4.9135,1.4162,0.3555
-0.2725,0.3485,-0.1489,-0.6443,0.9082,-0.0257,0.9347,-1.3145,1.8573,0.1132,-0.7583,-1.8049,1.6305,5.1494,1.4,0.4719
0.135,-0.0152,-0.409,-0.3575,0.5993,-0.6126,0.6199,-1.3191,1.4828,-0.2514,1.321,-1.0389,1.3073,5.4726,1.2638,0.6462
-0.0112,-0.1168,0.0751,-0.6477,1.0558,-0.2168,0.2542,-1.2606,1.0016,-0.8327,-0.7208,-1.2758,0.988,5.7919,1.3314,0.6386
-0.0333,-0.0778,-0.0724,0.8864,0.256,0.8519,0.2331,-1.1051,1.5143,2.5079,-0.2376,2.9253,3.8469,2.933,1.4601,0.3367
-0.4496,-0.1997,0.4408,0.4976,0.127,-0.8265,-0.3383,0.8475,-0.3669,2.3155,1.5379,2.3122,3.698,3.0819,1.4435,0.2978
-0.3776,0.5905,0.1409,-0.5431,0.6373,0.1577,-0.3766,0.9186,-0.3838,1.7567,1.6737,2.2484,3.5989,3.181,1.2188,0.198
0.3422,0.0155,0.2742,-0.5897,-0.2238,0.7833,0.8721,-0.3609,-0.3111,1.1255,1.9524,0.8035,3.3522,3.4277,1.03,0.4933
0.1595,-0.5205,-0.0808,0.4505,0.2051,-0.6325,-0.3855,0.6917,0.9299,0.1864,0.6327,0.8207,3.1017,3.6782,1.2011,0.5011
-0.2098,-0.4611,0.0822,0.2418,-0.2647,0.3879,0.1382,-0.5182,-0.6556,0.4901,-0.0164,0.8725,2.9812,3.7987,1.2809,0.2408
-0.6151,-0.3178,0.3431,0.2517,0.2055,-0.4764,0.6124,0.5916,-0.9636,0.3592,-1.0301,0.868,2.976,3.8039,1.176,0.0103
-0.1835,-0.1639,0.3598,0.0867,-0.4181,0.3657,0.4392,-0.3904,0.7878,0.3739,-1.0508,0.1784,3.0503,3.7296,0.8685,-0.1485
0.3273,0.5126,0.6611,-0.2083,-0.6771,0.2772,-1.0969,-0.1324,1.2107,0.6881,-1.3675,0.3148,3.1654,3.6145,0.7768,-0.2304
0.0225,0.7784,0.7169,0.0329,0.7062,-0.3694,0.2189,0.8994,1.2343,0.2878,-1.1646,-0.6886,3.1525,3.6274,0.9404,0.0259
-0.635,0.4433,0.4187,-0.2976,0.661,0.1548,0.774,0.1066,-0.4055,-0.9332,-1.0836,0.6701,2.9449,3.835,0.9517,0.4151
-0.0686,0.2379,0.0556,-0.2686,-0.0207,0.7065,0.701,0.2802,-0.2748,-1.0743,0.8628,1.0677,2.6264,4.1535,0.6342,0.6368
0.6317,-0.5673,-0.1791,0.6129,0.7473,0.4278,-0.9751,-0.0153,-0.6358,-0.807,-0.2543,1.2605,2.2485,4.5314,0.6,0.7558
-0,0,1.0502,1.2131,0.3103,2.3324,2.3906,1.1207,-0.503,2.6545,2.0289,-1.9389,3.6119,3.168,1.4946,0.127
0,-0,1.0102,1.3276,0.245,1.9577,0.5358,-1.9231,1.521,1.3012,0.8715,1.9139,3.5484,3.2315,1.4946,0.127
-0.0001,-0.0001,0.0885,1.5513,0.2457,1.5801,0.7765,1.4262,0.885,1.3623,1.5231,0.613,3.4849,3.295,1.4946,0.127
-0.074,-0.2087,0.8476,0.5707,-0.1475,1.0803,1.1182,0.1235,-0.2777,1.4583,-1.0218,1.092,3.4214,3.3585,1.4945,0.1269
0.0421,-0.1466,-0.4294,0.4452,0.2197,0.6855,-0.3487,0.6634,0.7919,-0.431,-1.2152,0.5766,3.41,3.3699,1.4576,0.0226
0.0262,0.307,-0.5895,0.3575,0.564,-0.9129,0.6094,1.1605,-1.002,0.9174,1.2876,-0.4428,3.4353,3.3446,1.4786,-0.0506
-0.1416,0.2553,-0.1183,-0.7252,-0.7923,0.0229,0.9894,-0.3169,-0.9074,1.0195,1.3199,0.4888,3.3838,3.3961,1.4918,0.1029
-0.2008,-0.32,0.218,0.213,-0.2569,-0.7721,-0.8832,-0.3157,-0.1213,1.0047,0.8537,1.02,3.2685,3.5114,1.421,0.2306
0.246,0.15,-0.857,0.1499,-0.9073,-0.4848,0.6514,1.2207,-1.4292,0.5947,-1.1934,-1.1275,3.2332,3.5467,1.3206,0.0706
0.0001,0.0039,0.0285,-1.4681,1.9047,-0.0034,0.8076,-1.818,0.3668,-2.3156,0.4938,-3.1421,1.3824,5.3975,1.1849,-0.9217
-0.0193,0.3014,0.0071,-0.8381,0.3837,-1.7568,1.021,-1.599,2.0574,0.4917,0.5246,-2.2998,1.8422,4.9377,1.185,-0.9197
-0.2464,0.8048,0.0872,-0.3422,0.311,-1.1256,0.5852,-1.7153,1.1831,-1.4864,-1.89,-0.5711,2.2267,4.5532,1.1754,-0.769
-0.6232,0.4085,0.3046,-0.2412,0.3854,-0.6918,1.0181,0.129,1.3153,-0.5053,0.5906,-1.3242,2.41,4.3699,1.0522,-0.3666
-0.361,-0.178,0.3909,-0.1022,-0.0661,0.5112,0.6392,0.3823,0.7377,-0.2483,0.6555,-0.4902,2.4911,4.2888,0.7406,-0.1624
0.2676,-0.5178,-0.0666,0.5087,-0.4024,0.3695,-0.9133,0.3959,0.9635,-0.3593,-0.4238,1.0131,2.6167,4.1632,0.5602,-0.2513
-0.0189,-0.6838,0.6326,0.1873,-0.6382,0.7493,1.0507,-0.1785,-0.7467,0.8131,1.4106,-0.0918,2.8718,3.9081,0.694,-0.5102
0.2411,-0.4688,-0.2707,0.4471,0.4198,0.4096,1.0968,0.1323,-1.1183,-0.1236,-0.3,1.2535,3.2978,3.4821,0.6846,-0.852
0.4352,0.1438,-0.792,0.4309,-0.5723,1.1165,1.1645,0.6885,-1.2214,0.8762,-1.1407,1.0944,3.841,2.9389,0.8051,-1.0864
0.12,-0.0236,0.7235,0.4701,-0.5641,0.9128,-1.1536,1.2704,0.784,-1.5518,1.1289,1.4033,4.3482,2.4317,1.0228,-1.0145
-0.1951,0.0095,-0.4779,0.7523,0.8058,-0.3842,-0.4982,-0.9085,0.6299,1.1606,-0.3596,1.4774,4.8613,1.9186,1.0828,-1.0263
0.1464,0.0138,-0.2064,0.5872,-0.3986,1.3314,-1.7315,-0.2745,-1.647,1.0584,-1.0249,1.7878,5.3721,1.4078,0.9853,-1.0215
0.2716,0.3038,-1.2041,1.5186,-1.5704,1.5924,-1.8115,1.3455,-1.9778,1.1555,-0.918,2.1614,5.8793,0.9006,1.0585,-1.0146
0,-0.0001,-1.0302,1.1337,-0.7737,1.9121,-1.7952,-1.2333,-2.7055,-0.4103,-2.7615,0.3498,3.0892,3.6907,-1.4925,0.1498
0.1239,-0.0967,-0.897,0.6298,-1.1663,0.2899,-1.3039,-0.4381,-1.5095,0.0382,-0.3662,-1.6302,3.0143,3.7656,-1.4925,0.1498
0.2669,0.0985,-0.3599,-0.0868,0.0793,-0.4771,0.4279,0.2872,-0.778,0.279,-1.4107,0.0917,2.9635,3.8164,-1.4305,0.1014
0.236,0.3533,-0.4199,-0.4097,-0.6905,0.0375,0.677,-0.2773,-0.7198,0.8439,1.3381,-0.4856,2.8882,3.8917,-1.2971,0.1507
0.4288,0.1713,-0.5684,-0.0222,-0.6491,-0.2404,-0.2198,-0.6856,0.5778,0.8579,0.5722,-1.1166,2.7244,4.0555,-1.1791,0.3274
-0.4317,-0.1647,0.4124,-0.56,-0.4739,-0.7845,-0.6558,-0.6434,1.0019,-0.9175,-1.0529,-0.9636,2.5179,4.262,-0.9647,0.4131
-0.2786,-0.3441,-0.9272,-0.3114,-0.5553,-0.888,0.1768,-1.1147,1.4307,-0.0118,-1.4625,0.3824,2.3525,4.4274,-1.1805,0.3307
0.1303,0.231,-0.2637,-0.2976,0.2512,-0.8327,-0.4128,-1.1611,-1.2335,0.3549,1.3347,-0.164,2.2731,4.5068,-1.3198,0.1587
-0.2451,-0.5732,-1.0931,0.0735,0.9259,-0.7019,1.2212,-0.3604,-1.4792,-0.1863,-0.2997,-1.6724,2.1359,4.644,-1.2546,0.2742
0.1834,-0.1774,-0.1916,-0.6143,0.0809,0.91,1.2138,-0.3264,-0.85,1.9023,-0.0986,-2.1584,2.1421,4.6378,-1.3771,-0.0123
-0.0011,0.0184,-1.905,0.0727,-1.8893,-0.7455,-2.4016,-0.1577,-2.3499,-1.4275,-2.1628,-2.142,1.1212,5.6587,-1.2643,-0.8207
0.0677,-0.0911,-1.0758,0.2671,-1.9196,0.2768,-1.9338,-0.505,1.1609,-1.6372,-2.1395,-1.3883,1.527,5.2529,-1.2648,-0.8115
0.0096,-0.0022,0.2565,0.7783,1.0301,-1.1338,-1.8299,-0.1533,-1.7313,-0.784,-1.9903,0.4975,1.9554,4.8245,-1.2309,-0.857
0.067,0.5155,-0.2693,-0.3399,-0.6125,-0.5917,0.8969,-0.6299,-0.4069,-1.068,-1.576,-0.2324,2.3844,4.3955,-1.2261,-0.858
0.1411,0.5359,0.418,-0.3658,-0.6327,-0.1874,0.7779,-0.2791,0.8573,-0.7561,1.2059,0.0082,2.6845,4.0954,-1.1926,-0.6002
0.0513,0.2078,0.2706,-0.4472,0.6904,-0.0376,-0.0294,0.8064,-0.8477,-0.5708,-0.9951,0.5096,2.8506,3.9293,-1.122,-0.3322
0.2364,-0.3292,0.0806,0.2182,0.4293,-0.4453,0.649,0.2403,-0.7859,0.1313,-0.9604,1.0909,2.9647,3.8152,-1.0963,-0.2283
-0.0031,0.4686,0.1819,-0.1412,-0.3971,-0.3203,0.6557,0.6433,1.0681,0.0833,-0.9748,1.2158,3.1612,3.6187,-0.9781,-0.3929
-0.1104,-0.4576,-0.3719,0.5765,0.7321,-0.2267,0.5552,0.8879,-0.9679,0.9068,1.2123,-0.5765,3.2405,3.5394,-0.9796,-0.1586
0.0128,-0.7224,0.664,0.3283,0.1491,0.8634,-0.5713,-0.8316,0.4127,1.161,-0.8207,1.5159,3.4341,3.3458,-1.0348,-0.3873
0.1068,-0.4715,0.6923,-0.5085,1.2256,0.9705,0.2996,1.6723,1.7995,0.3597,-1.1795,1.4861,3.8083,2.9716,-1.0283,-0.7485
0.1475,-0.3114,-0.093,1.544,1.9266,-0.0637,0.0985,2.1583,1.3124,1.8319,2.3043,-0.3905,4.3004,2.4795,-0.9749,-0.9842
-0.0021,0.0007,-0.8133,0.322,0.7399,-1.1194,2.0143,-0.7005,-0.3104,-2.3325,2.0803,-1.2118,1.2794,5.5005,1.3651,-0.6228
-0.3654,-0.1271,0.6264,-0.0438,-0.896,0.1987,0.7651,-0.6302,1.2546,-0.0131,1.2759,-0.6566,1.5906,5.1893,1.3641,-0.6225
-0.3177,-0.2581,0.1572,0.0288,0.1409,0.2858,0.6879,-0.1251,0.7965,-0.189,-0.895,0.1015,1.9335,4.8464,1.1814,-0.686
0.065,0.0077,-0.1302,0.3779,-0.8744,0.0117,0.9657,0.2967,0.1474,-1.0804,-0.8471,0.7261,2.341,4.4389,1.0226,-0.815
-0.1164,0.2971,-0.0807,-0.2183,0.5683,0.0221,0.3486,-0.6635,-0.8666,-0.0869,-1.0411,0.8727,2.7465,4.0334,1.0551,-0.8111
0.1783,0.1927,0.5894,-0.3576,-0.4125,0.5599,-0.8863,-0.2246,-1.0682,-0.0834,1.1989,0.803,3.0778,3.7021,0.997,-0.6626
0.3061,0.239,0.7922,-0.023,-0.8888,-0.4561,-0.1151,0.9966,0.674,-0.7482,-1.369,-0.1063,3.3609,3.419,1.0862,-0.5662
0.0661,0.3583,0.6262,-0.4564,0.8831,0.3156,-0.6222,-0.7295,-0.878,-0.6569,1.1011,0.5286,3.5842,3.1957,1.2393,-0.4467
0.1703,-0.1469,0.0502,0.6347,-0.2862,-0.6428,-0.6524,-0.569,0.9072,0.4847,-0.522,1.0794,3.7179,3.062,1.2723,-0.2675
0.0831,-0.1803,-0.8186,-0.8715,0.9502,0.7279,-1.3048,-0.093,-1.1356,0.8452,-1.3278,0.7016,3.8884,2.8915,1.3575,-0.3409
0.0146,-0.0978,-0.7366,-0.9416,-1.3629,0.8643,-1.5668,-1.0957,-2.442,0.5308,-2.2996,1.1791,4.1039,2.676,1.3991,-0.4311
-0.081,0.2858,-0.4047,-0.176,0.4696,-0.2214,0.7661,0.5098,0.2351,-0.935,-0.9543,-1.0724,2.3014,4.4785,-1.812,-0.0463
0.3981,-0.2805,-0.219,-0.8995,0.4979,-0.8665,0.9687,0.5194,1.0154,-0.6116,1.2247,0.0066,2.253,4.5269,-1.8524,0.0967
0.223,-0.271,0.1488,0.6442,1.057,0.6186,1.0835,-0.6702,-0.6095,-1.1606,-1.199,-0.8031,2.2748,4.5051,-1.6533,-0.0436
0.0601,0.0668,0.115,-0.9967,1.1426,0.6995,0.9073,-1.0196,-1.4308,0.0117,-0.7738,-1.4527,2.3643,4.4156,-1.5418,-0.179
0.0601,0.054,0.1092,-0.9439,-1.0836,-0.6687,-1.3348,0.1639,1.1857,0.7128,-1.5985,-0.1337,2.437,4.3429,-1.5117,-0.1456
0.1796,0.3485,-0.2953,-0.3415,0.2786,-0.9523,-1.2213,0.3603,1.19,0.7447,1.534,-0.7621,2.4963,4.2836,-1.4817,-0.1186
-0.1057,-0.2257,0.9826,-0.6635,-1.2139,0.3263,1.1409,0.7081,-1.4054,-0.2879,-1.133,1.2364,2.4685,4.3114,-1.3919,0.0557
0.1909,-0.2199,-0.0502,-0.6837,0.2735,0.9598,-0.9748,0.2145,-1.1342,0.3044,1.1225,0.7756,2.497,4.2829,-1.4447,-0.0572
-0.0306,-0.0224,0.8959,-0.1988,1.5224,-0.2426,1.6611,-0.829,2.1506,-0.2118,0.6508,-2.1566,1.3918,5.3881,1.1986,-0.869
-0.239,-0.229,0.2686,0.592,0.8949,-0.1016,1.0359,0.1842,1.0522,-0.0728,1.5829,-0.2267,1.8319,4.948,1.1834,-0.8802
0.0136,-0.0272,0.0273,0.7144,-0.0223,0.7456,0.7441,0.3662,0.8743,-0.0118,1.0217,-1.0921,2.3293,4.4506,1.0639,-0.9947
-0.2264,0.1404,0.7858,-0.1314,0.8665,0.0868,-0.1746,0.9595,-0.8298,-0.76,1.2151,-0.5767,2.8334,3.9465,1.0707,-1.0083
0.2472,-0.1823,-0.182,0.1411,-0.5791,-0.1791,0.8862,0.2245,0.4738,0.7844,1.4757,-0.133,3.3024,3.4775,0.9575,-0.938
0.3594,0.3618,-0.4802,0.3497,-0.2742,-0.922,0.8887,0.456,-1.2124,0.5764,1.5627,-0.2921,3.8169,2.963,1.0812,-1.0292
-0.0394,0.5252,0.2558,-0.0727,-0.1826,-0.4002,-0.5034,0.86,0.8779,0.6568,0.1713,-1.4055,4.241,2.5389,1.2609,-0.8483
0.5324,0.2669,-0.1663,-0.19,0.2411,0.2468,0.6073,0.1731,-0.9875,0.0148,0.8935,0.8158,4.5338,2.2461,1.2412,-0.5856
0.1109,-0.2381,-0.423,-0.2098,-0.4863,0.7785,0.8185,0.8714,-1.1985,0.3503,-0.5093,1.5731,4.7598,2.0201,1.5075,-0.4521
-0.5353,-0.5245,-0.8302,-0.1542,0.7365,0.9415,-1.6025,-0.517,-0.6263,1.8059,-1.9114,1.0343,5.0454,1.7345,1.563,-0.5712
-0.4102,-0.2371,0.7131,0.3375,-1.0223,0.2291,0.7921,1.1182,0.9664,-1.0726,-1.5823,0.0556,5.4621,1.3178,1.2954,-0.8334
-0.0057,-0.1633,1.0091,-0.0244,1.0031,0.4353,-0.1666,2.5236,-0.1559,2.9259,-2.0373,2.2044,6.0454,0.7345,-1.4807,0.3724
0.0038,-0.0609,1.1561,0.2211,-0.7841,1.5517,-0.0606,2.0219,0.7636,2.6575,-1.3482,2.4646,5.9,0.8799,-1.4836,0.2908
0.0006,-0.0278,0.4981,0.9084,1.3039,0.5243,0.0203,1.6607,-1.8167,1.0308,1.128,2.069,5.7698,1.0101,-1.4817,0.2604
0.0414,-0.0021,-0.3539,1.0053,0.0845,1.3328,-0.1714,1.4054,-1.7396,-0.1416,1.5251,0.8616,5.6465,1.1334,-1.4814,0.2465
0.1684,0.2776,-0.2827,-0.1858,0.1921,1.0047,1.0133,0.7999,1.1795,0.9899,1.4207,1.2368,5.5237,1.2562,-1.4606,0.2455
-0.3103,-0.5179,0.1897,0.6407,-0.188,0.9674,1.0863,-0.3462,1.4231,0.922,0.8382,1.57,5.3315,1.4484,-1.3764,0.3843
-0.1955,-0.1928,0.3347,0.3863,1.2667,0.955,1.4829,0.7072,-1.7994,0.3984,-0.8089,2.088,5.2688,1.5111,-1.5315,0.1254
0.2179,0.2321,0.6374,0.318,-0.8328,0.4855,1.6252,0.4519,0.6629,1.7008,-1.2846,2.1943,5.2543,1.5256,-1.6293,0.029
-0.0001,-0.0001,0.1379,-1.5047,-0.3319,-1.6232,1.0349,1.3821,2.0567,0.29,1.9093,1.3704,3.7114,3.0685,1.4812,0.2363
-0.0446,-0.0252,0.8297,0.7599,0.1116,-1.4425,1.6155,0.6285,0.6552,1.7194,1.6962,0.8467,3.5933,3.1866,1.4812,0.2363
-0.3601,-0.3903,0.397,0.3202,0.579,0.179,0.111,-1.4007,1.0528,0.9635,1.4652,0.4036,3.4814,3.2985,1.4589,0.2237
-0.1288,0.2875,0.4801,-0.3498,-0.7322,0.2266,-0.1769,1.1146,0.2059,-1.2718,-1.1041,0.8032,3.4671,3.3128,1.2789,0.0285
0.3067,0.1456,-0.1093,0.9438,0.5033,-0.8601,0.7591,-0.9327,-1.1929,0.2751,0.3207,-1.2603,3.3809,3.399,1.2146,0.1723
0.0019,-0.204,0.8115,0.6198,0.6811,-1.0286,-1.2555,-0.1903,0.4399,-1.2755,-0.5476,-1.2607,3.2583,3.5216,1.3679,0.2451
-0.08,-0.4976,0.1922,0.1435,-0.4968,0.2118,0.023,-0.7946,0.0856,1.3384,-1.2741,-0.5748,3.1867,3.5932,1.3689,0.1432
0.1749,0.5401,-0.9368,0.3147,-1.0792,-0.3336,-1.2851,-0.7716,1.3628,-0.8644,-0.2904,1.6464,3.2395,3.5404,1.329,-0.1056
-0.0063,0.4331,-1.3625,-1.1346,1.3578,-1.1867,-2.0735,-0.3135,-0.4566,-2.0758,-2.1927,0.0129,3.1572,3.6227,1.4164,0.1645
-0.0588,0.0778,0.256,-0.5128,0.8327,0.6276,-0.9688,-0.5195,0.0467,-1.1311,0.5986,-1.1147,1.7335,5.0464,-1.4473,0.116
0.2122,-0.3446,-0.9083,0.0256,0.9491,0.1388,-1.0571,-0.6187,0.0265,-1.2888,0.6876,-1.134,1.6561,5.1238,-1.4767,0.1549
-0.1101,-0.2034,0.4089,0.3574,1.0083,-0.2552,-1.1427,-0.6996,1.0289,-0.9617,1.0845,-1.2303,1.6647,5.1152,-1.3706,-0.0174
-0.0949,0.1284,1.0666,-0.5396,-1.1858,-0.7129,1.8626,0.0886,0.3047,-1.86,1.7874,0.7362,1.7242,5.0557,-1.4256,-0.1191
-0.0343,0.0745,-1.1901,-0.7448,1.1555,-0.8869,0.3439,-1.5068,-1.4854,-1.0862,1.8554,0.0205,1.7516,5.0283,-1.473,-0.0548
0.0172,0.1907,-1.141,-0.7082,-0.1583,-1.3716,1.2767,-1.2146,1.8591,-0.088,0.4994,-2.0012,1.7604,5.0195,-1.4901,-0.0175
0.361,0.5223,-0.8491,0.1842,-1.1226,-0.7757,-1.1727,-1.4593,1.8607,-0.2551,1.232,-1.5884,1.7214,5.0585,-1.4815,0.0778
0.1386,0.0963,0.4196,-0.301,-0.4568,0.5617,-1.0528,-0.0154,-0.7641,-0.7452,-1.2393,-0.5338,1.5519,5.228,-1.301,0.339
0.0837,-0.2361,-0.0658,0.2669,0.3025,-0.1988,-0.1442,-0.5961,0.8365,0.1179,-0.7378,0.417,1.3583,5.4216,-1.2316,0.3872
0.1578,0.0783,0.2345,0.7135,-0.2352,0.9349,-0.6398,0.7589,-1.1894,-0.1375,0.531,1.4447,3.2363,3.5436,-1.427,-0.6102
0.153,-0.2829,0.0106,0.4023,-0.7063,0.3693,0.5281,0.6572,1.0801,0.6736,-0.4873,1.2688,3.5218,3.2581,-1.3481,-0.5711
-0.0968,0.5011,-0.7236,-0.4702,0.4054,0.9331,0.8241,0.6356,-1.2877,0.4427,1.0665,1.0879,3.878,2.9019,-1.2716,-0.7125
-0.0661,0.1051,0.1182,0.7251,0.4778,-0.7524,-0.6741,0.7481,1.1077,0.4083,-1.5628,0.292,4.109,2.6709,-1.32,-0.4619
0.215,-0.0027,-0.2559,0.0726,-0.4384,-0.3276,0.6221,0.7294,-0.7592,0.9326,1.2483,0.273,4.3136,2.4663,-1.353,-0.4094
-0.2716,0.1337,0.8212,-0.2049,0.9874,-0.0149,-0.1922,-1.0048,1.2286,0.232,-0.4748,-1.1906,4.5189,2.261,-1.2454,-0.4107
0.2793,-0.079,-0.3777,0.3267,-0.1898,-0.6408,0.6484,0.9293,1.2333,0.2813,0.8965,-0.9869,4.6908,2.0891,-1.3812,-0.3438
0.4351,0.5511,-0.3348,-0.3864,0.932,0.5686,1.1481,0.3208,1.2611,1.5726,-1.1436,1.7017,4.8824,1.8975,-1.2415,-0.3833
-0.1694,-0.144,-0.6375,-0.3181,0.9878,0.1339,0.0255,1.3827,-1.4702,0.1675,1.3635,1.2916,4.9363,1.8436,-1.0239,-0.1077
-0.3032,-0.3678,-0.2867,0.6291,0.825,0.0774,-0.8433,-0.1557,1.3534,0.9615,1.2241,1.1468,5.0261,1.7538,-1.1086,-0.1797
0.1599,0.0632,-0.4699,-0.1186,-0.138,1.5046,1.9187,1.7947,2.7068,-0.6095,0.8969,2.8868,5.2161,1.5638,1.3486,0.3291
0.0581,-0.1072,-0.1117,1.4424,1.2438,-0.7456,-1.3372,-1.4926,0.718,2.2023,1.9332,1.6257,5.0357,1.7442,1.4286,0.3607
0.0222,-0.0416,-0.2341,-0.8763,-0.1111,1.4006,0.4679,1.5797,0.286,1.7209,-1.3465,-1.2592,4.8821,1.8978,1.4577,0.3072
-0.0494,-0.1821,0.2741,0.9219,-0.206,1.2717,-0.9382,1.4984,1.1629,1.378,-1.3865,-1.163,4.7389,2.041,1.4688,0.2864
-0.3408,-0.7213,0.1825,0.4001,0.4383,0.3275,0.3538,-1.0054,-0.3208,1.2602,1.0604,1.0569,4.6412,2.1387,1.4442,0.1954
-0.5593,-0.6531,0.1662,0.1899,0.4074,0.4368,-0.8213,0.2048,0.7736,0.363,-1.0134,-0.8,4.7238,2.0561,1.2738,-0.1652
-0.4915,0.0636,0.4229,0.2097,-0.7756,0.5601,-0.0634,0.9883,-1.1124,-0.7081,1.2414,1.0812,4.9696,1.8103,0.9941,-0.4918
0.3255,0.7862,0.8301,0.1541,-0.7723,-0.3629,-1.0812,1.1885,-0.8752,1.6265,1.5667,1.0956,5.1996,1.5803,0.7484,-0.46
0.3556,0.799,-0.5601,-0.1735,1.0222,-0.2292,-0.906,0.9411,1.7354,0.1083,1.8143,0.8891,5.233,1.5469,0.9112,-0.0668
-0.144,0.1195,0.5386,0.3223,-0.6267,-0.2226,-0.7824,0.4882,0.9649,0.5695,0.8623,-0.9732,5.0666,1.7133,1.089,0.3327
-0.043,-0.1569,-0.0695,0.4154,-0.6427,0.0837,0.5755,-0.3861,-0.6665,-0.3695,-0.2644,-0.7477,4.8703,1.9096,1.0171,0.3925
0.6585,-0.3493,-0.4697,0.2213,-0.2346,-0.7136,0.2964,0.7311,-0.8743,0.0454,-1.424,-0.851,2.5228,4.2571,-1.0902,-0.5091
0.1625,-0.144,0.5519,0.0164,-0.5175,-0.255,0.2093,0.6182,-0.5282,-0.6573,-0.0468,1.131,2.8646,3.9153,-0.7609,-0.6837
-0.1466,-0.3218,0.2423,0.4523,-0.4188,0.2975,0.3553,0.4042,-0.8242,-0.6357,-0.4453,1.5863,3.2424,3.5375,-0.6796,-0.7557
-0.6377,0.4734,0.3304,0.8057,-0.9895,0.3168,0.2747,1.0742,-1.1078,-0.4084,-0.63,-1.1607,3.7007,3.0792,-0.7529,-0.9166
-0.4266,0.3743,0.1922,-0.7443,-0.6263,0.4563,0.2568,0.772,0.4748,0.985,-1.2484,-0.2731,4.0406,2.7393,-1.0717,-0.6799
-0.1736,0.4949,-0.2412,-0.2469,0.3662,-0.0738,-0.4075,-0.4369,0.6523,0.5689,-0.6812,1.0285,4.2869,2.493,-1.285,-0.4927
-0.0804,-0.118,0.7121,0.4281,-0.5849,0.6479,0.7755,-0.5602,1.1984,-0.3504,-1.2334,-0.2814,4.4095,2.3704,-1.3717,-0.2452
0.1345,-0.3547,-0.2162,0.2477,0.7745,0.5505,-1.1482,-0.3209,0.1129,1.2517,0.2753,1.2666,4.5616,2.2183,-1.4119,-0.3042
-0.1792,0.3778,-0.9879,-0.134,0.3756,1.1577,1.1077,0.6174,-0.9624,1.2488,-1.6253,-0.452,4.8023,1.9776,-1.3446,-0.4815
0.0129,0.2543,-0.8251,-0.0775,0.5283,0.884,0.3991,1.0694,-1.1118,0.5516,-1.6683,-0.2331,4.9486,1.8313,-1.4342,-0.2926
0.1225,0.2601,-0.7413,-0.1766,0.7223,0.4425,0.2465,1.008,-1.0273,-0.5859,-0.0723,1.4845,5.0313,1.7486,-1.4277,-0.1655
-0.3263,-0.2972,0.2997,0.1366,0.6573,0.2074,-1.0412,-0.4195,-0.6108,0.9602,1.3472,-0.28,1.5938,5.1861,1.1783,-0.8518
-0.2329,-0.2788,0.3363,0.1486,-0.8161,-0.0692,-0.058,1.0015,-0.9049,0.764,0.9139,-1.3875,2.094,4.6859,1.0152,-1.0004
0.2765,0.5118,-0.596,0.3302,0.3718,-0.5766,-0.5353,0.6938,0.9271,0.3113,1.104,-0.8033,2.6639,4.116,0.8987,-1.1398
0.4113,0.3961,-0.6641,-0.3284,-0.5149,0.535,-0.2513,0.8326,1.1928,-0.2752,1.0835,0.6686,3.1057,3.6742,1.037,-0.8838
0.1777,0.1196,-0.574,0.6108,-0.2787,0.9522,1.2554,0.1902,0.7079,-1.0704,-1.1072,-0.8682,3.4486,3.3313,1.2427,-0.6857
-0.0492,0.2536,0.5848,-0.648,-0.6577,0.6296,0.7772,0.7865,-0.6485,-0.9294,-1.0262,-0.6026,3.7615,3.0184,1.3316,-0.6259
-0.0909,-0.125,0.2059,0.4379,-0.4993,0.716,-0.7746,-0.5506,-0.6616,0.7011,-0.9908,-0.3028,4.011,2.7689,1.307,-0.4991
0.1493,-0.0233,-0.9699,0.1068,-0.711,0.821,0.3459,-1.1147,0.9059,-0.9412,-0.8302,1.1474,4.2918,2.4881,1.2616,-0.5615
-0.0799,0.3134,0.1556,-0.7109,0.7823,-0.4883,-0.9588,0.3708,-0.738,0.9623,1.3209,-0.166,4.5783,2.2016,1.3363,-0.5732
-0.195,0.2888,-0.0238,-0.4532,0.0102,0.4578,0.6426,-0.0838,0.5732,0.3316,0.3783,-0.8315,4.7865,1.9934,1.2963,-0.4165
0.1511,0.3419,-0.0578,-0.1915,-0.1554,-0.3166,0.541,0.2092,-0.4734,0.5861,0.1147,0.8594,4.9225,1.8574,1.1988,-0.272
-0.2526,-0.082,0.816,0.0691,-0.0888,0.8332,1.1524,0.2178,0.7581,1.0707,1.73,-1.3183,2.1632,4.6167,1.4653,-0.2999
-0.2795,-0.2668,0.0607,0.3635,0.5959,-0.3303,0.9678,-0.9069,1.5231,-0.0189,-0.2892,1.5945,2.3336,4.4463,1.339,-0.3409
-0.1494,-0.12,0.2636,0.2975,0.5148,-0.5351,-0.1492,-0.8635,-0.9698,0.6524,1.5984,0.1336,2.5707,4.2092,1.1993,-0.4742
0.079,-0.1083,0.2952,0.3414,0.5739,-0.6109,-0.926,0.7018,-1.2257,-0.9706,-0.5333,-1.479,2.8378,3.9421,1.1246,-0.5342
0.2702,0.4648,0.6576,-0.6297,-0.9827,0.6634,-0.3686,-1.2322,0.1582,1.3715,1.4349,0.1569,3.1319,3.648,1.1641,-0.5883
-0.273,0.0681,0.1623,0.0148,0.8675,-0.2633,0.6615,-0.7012,-0.3292,-1.004,1.0098,0.3851,3.3098,3.4701,1.2992,-0.3559
0.239,0.0623,-0.1192,0.3263,-0.2589,-0.7142,-0.1453,0.7506,-0.9911,-0.174,0.7109,-0.8211,3.4707,3.3092,1.1627,-0.3218
0.3537,0.5727,-0.2208,-0.5915,0.7379,-0.9624,-1.1336,0.8226,-1.4262,1.2396,0.8936,-1.6732,3.616,3.1639,1.2823,-0.2907
0.0542,0.2745,-0.2699,-0.7482,0.6668,-0.7107,0.6565,-1.1685,1.2298,-0.8368,0.6327,-1.6217,3.6181,3.1618,1.4591,-0.0043
-0.0671,0.1499,-0.6999,-0.3134,0.0395,-0.7849,0.6276,-0.5116,-0.3596,-0.9909,0.6363,1.1668,3.5516,3.2283,1.4862,0.133
-0.0164,0.0348,0.6697,-0.4006,-0.9492,-0.1389,-0.2616,-1.2729,-0.1486,-1.321,-0.9227,-1.4277,1.5173,5.2626,-1.244,-0.8228
-0.1136,0.2351,0.0206,-0.7066,0.7216,-0.4264,-0.5994,0.6125,0.8834,0.3611,0.0762,-0.9751,1.9199,4.86,-1.2522,-0.8054
0.0275,-0.1234,0.3393,-0.7918,0.975,0.0152,0.1212,-1.0048,0.7959,0.6281,-1.0667,0.5395,2.2638,4.5161,-1.3089,-0.6878
0.0947,0.1529,0.5721,-0.4448,-0.8116,-0.6199,0.6998,0.9074,0.5219,-1.0795,-1.1556,0.8868,2.6385,4.1414,-1.2952,-0.7495
0.0035,0.0657,0.4967,-0.2119,0.689,-0.0683,-0.7773,-0.7866,0.5197,-1.0064,0.5824,1.1266,2.9749,3.805,-1.2478,-0.673
0.2042,-0.1187,-0.1624,-0.0149,0.7051,-0.2782,0.4992,-0.7161,0.8475,0.3702,-0.4915,-1.0189,3.2949,3.485,-1.246,-0.6401
0.0303,-0.2809,0.7321,-0.5403,0.8718,0.5003,0.991,0.1739,-0.3757,-1.1578,0.8457,0.9245,3.6446,3.1353,-1.1439,-0.6994
0.1778,-0.4176,-0.1293,0.1853,-0.5284,-0.8841,1.0629,1.2711,-1.3535,-0.9616,-1.6401,-0.3325,4.0645,2.7154,-1.1288,-0.8398
-0.1292,0.1145,-0.4758,0.5655,-0.7224,-0.4426,0.9968,0.4837,-0.7946,1.042,-1.4636,-0.6191,4.5888,2.1911,-1.0399,-1.0486
-0.0503,0.4178,-0.502,-0.6369,-0.8533,0.0354,0.3653,1.4496,0.8286,1.3161,2.209,0.7149,5.0844,1.6955,-1.1044,-0.9913
-0.1255,-0.0084,0.7818,-0.3668,1.3856,1.7808,-1.1653,2.0915,-0.0681,2.8415,2.193,1.9742,5.4756,1.3043,-1.1296,-0.7824
-0.101,-0.5905,1.1123,0.3829,1.3464,1.2591,1.2353,2.6598,1.8143,2.8389,1.6324,2.98,6.1413,0.6386,1.4391,0.774
0.1142,-0.5024,-0.2951,0.1861,1.3864,1.1629,-1.3895,1.6718,1.6606,2.0849,0.4483,2.6613,5.9019,0.878,1.3887,0.4788
0.0144,-0.1412,1.7395,0.1415,-1.7533,0.1447,1.3856,1.1468,-1.3633,1.5223,1.5681,1.547,5.788,0.9919,1.4458,0.2276
-0.1831,-0.187,0.2826,0.1857,0.4747,1.1905,1.296,0.9857,1.4622,1.1756,-1.3403,1.3927,5.7095,1.0704,1.453,0.1571
0.1339,0.3336,-1.0864,0.3461,0.3368,1.2681,1.1123,0.708,-0.8966,0.9868,1.5352,0.9177,5.6776,1.1023,1.3615,0.0636
-0.1856,0.163,0.7722,0.3628,-1.0835,1.0008,-0.3089,1.5513,1.6024,0.5169,-1.2996,1.2486,5.5624,1.2175,1.4285,0.2304
-0.7599,-0.1551,0.56,0.1734,-0.346,1.1146,1.5822,-0.0557,-1.3158,1.2215,-1.057,1.9357,5.4064,1.3735,1.3357,0.3119
-0.0369,-0.2713,0.6266,0.2225,-0.1557,0.7108,1.1652,0.5448,-1.1145,1.0817,1.489,-0.7507,5.2892,1.4907,0.9558,0.2344
-0.0034,-0.195,0.0237,0.4531,0.4021,-0.3783,0.6664,0.3694,0.034,0.911,0.597,0.7848,5.2397,1.5402,0.9374,0.0988
-0.1765,-0.2859,0.0976,0.125,0.1553,0.3165,-0.6654,-0.0255,0.6964,0.5258,-0.3181,0.9026,5.2391,1.5408,0.9357,0.0013
-0.6078,-0.0578,0.3688,0.3367,-0.5686,0.5222,0.7652,-0.3941,-0.9821,0.3045,-0.7847,1.1872,5.3098,1.4701,0.8475,-0.1416
0.0013,-0.0622,0.5712,0.8315,-0.3901,-1.3777,1.2352,1.1598,0.7203,1.6949,1.3632,-1.5224,4.2656,2.5143,1.4982,-0.0712
-0.0108,0.0152,-0.6924,0.5084,1.1071,0.8681,0.5332,1.4789,1.815,-0.2022,1.3402,-1.3928,4.3168,2.4631,1.4989,-0.1023
-0.2312,0.3902,0.3776,-0.3268,0.1879,-0.9675,1.0261,0.6025,0.3685,1.2321,1.611,-0.0455,4.364,2.4159,1.4935,-0.0946
-0.1494,0.3144,0.2161,-0.2478,0.9907,0.3027,0.3291,1.0039,-0.9321,-0.5687,0.4914,1.0188,4.3138,2.4661,1.3779,0.1005
0.1102,-0.6059,0.2588,0.7141,-0.7322,0.5402,0.9698,-0.1069,0.1397,1.0405,-1.1078,-0.6175,4.1849,2.595,1.3033,0.2577
0.005,-0.5448,0.2207,0.5914,0.9587,-0.3709,1.1144,-1.0818,-0.9128,1.414,1.7411,-0.8592,4.2075,2.5724,1.3584,-0.0452
-0.1083,-0.0698,0.2698,0.7481,0.9367,0.0375,0.9264,-0.4204,0.9026,-0.8736,1.4997,-0.0887,4.3662,2.4137,1.3609,-0.3176
-0.3245,-0.2757,0.399,0.206,0.0517,-0.7222,-0.3403,0.6774,0.8724,-0.3801,0.8147,-0.5716,4.5424,2.2375,1.3068,-0.3525
0.0943,0.5384,-0.4136,-0.2178,-0.2161,0.665,0.5685,-0.5223,-0.6035,0.6097,0.9373,-0.1855,4.7875,1.9924,1.1446,-0.4903
-0.0069,-0.0742,0.179,-0.613,-0.0752,0.6476,0.9264,-0.1851,-0.796,-0.6282,0.9806,0.4308,1.6356,5.1443,-1.4839,-0.1538
0.0094,-0.0875,1.0023,0.4322,-0.6999,-0.9075,-0.1277,-1.3522,1.3807,-0.2814,0.7292,-1.5022,1.731,5.0489,-1.4874,-0.1909
0.0087,-0.0436,1.0196,0.4007,0.1065,-1.1949,-0.5825,-1.1267,-0.0857,-1.3385,-1.8592,0.0879,1.8483,4.9316,-1.4827,-0.2346
0.0017,-0.0193,0.3812,-0.9483,1.0276,0.3834,-0.4664,-1.3185,-0.6287,-1.3334,0.2388,-1.5966,1.9765,4.8034,-1.4783,-0.2564
0.1179,-0.0432,0.5462,-0.6106,1.0326,0.3724,0.5722,-1.0349,-1.3529,0.2566,0.6914,-1.3613,2.1095,4.6704,-1.4774,-0.266
0.244,-0.213,-0.0281,0.0625,0.6156,-0.1232,0.9082,-0.5402,1.0117,0.38,-1.09,-0.0151,2.2532,4.5267,-1.4184,-0.2876
0.0603,0.0997,0.2847,0.1986,0.6309,0.3737,-0.0279,0.8365,-0.7136,0.5035,0.5278,0.9636,2.4502,4.3297,-1.2964,-0.3941
0.2189,0.6414,0.3787,0.553,0.6629,0.8595,0.4198,-1.0125,0.6482,0.923,0.3988,1.1031,2.6223,4.1576,-1.2663,-0.3442
0.3636,0.7662,0.6536,1.1157,-1.1091,0.6872,0.7472,1.0789,-1.0972,-0.75,1.2055,0.6871,2.634,4.1459,-1.1568,-0.0235
0.4418,0.4163,0.1207,0.5352,0.0839,-0.6635,0.5267,1.1147,1.1973,0.4246,1.7702,0.81,2.4542,4.3257,-0.975,0.3597
0.5404,-0.267,-0.113,0.0481,-0.3554,-0.4043,-0.7741,-0.1067,0.8183,0.9203,0.1485,1.3209,2.8382,3.9417,-1.0728,0.0199
0.0395,-0.4152,-0.0557,0.2685,0.6454,0.5487,-0.3305,-0.8058,-0.0763,0.975,-1.32,-0.4889,2.895,3.8849,-0.8026,-0.1136
-0.0933,0.5313,-0.2181,-0.2131,-0.3394,0.7917,0.6357,0.8069,-0.4749,-0.9851,-1.1012,-0.5287,3.0555,3.7244,-0.7828,-0.3211
-0.3694,0.2711,-0.0503,-0.6348,-0.5722,0.4447,0.8569,-0.15,-0.3365,-1.2775,0.1276,1.3521,3.0832,3.6967,-0.8294,-0.0555
0.1701,0.3134,-0.1923,-0.1436,-0.6891,0.0682,-0.1693,-0.9382,-0.1066,1.1948,1.1355,-0.8453,3.0431,3.7368,-1.0141,0.0801
-0.4368,0.3449,-0.1424,-0.6484,-0.8476,-0.3703,0.9367,-0.3148,-0.3813,0.9482,-1.0099,-0.3852,2.9247,3.8552,-0.929,0.2368
-0.2645,0.5558,0.026,-0.4243,0.1452,-0.7507,-0.5463,0.6105,0.4863,0.9829,-0.8458,-0.9246,2.72,4.0599,-1.1474,0.4093
0.0276,-0.1751,0.2926,-0.417,-0.6157,0.1231,0.3961,0.5031,-0.6437,0.1856,-1.7057,0.108,2.3764,4.4035,-1.2797,0.6872
0.1271,0.0553,-0.3462,-0.1752,0.3928,0.1729,-0.1031,0.5898,0.5257,-0.4039,-0.631,-0.3738,2.0765,4.7034,-1.2658,0.5997
0.0535,-0.2771,-0.0148,0.0634,-0.2641,0.2436,-0.2843,-0.3066,0.4563,-0.1321,0.5619,0.0896,1.7628,5.0171,-1.2022,0.6274
-0.1064,-0.2623,0.0936,-0.0368,0.5519,-0.4286,0.9937,-0.1878,0.7015,-0.7632,1.0848,-0.3691,1.5183,5.2616,-1.1755,0.4889
0.2134,-0.7878,-0.4061,-0.5795,0.6705,-0.6902,-0.5268,-1.1148,1.2434,-0.3047,-0.4429,-1.7782,1.3394,5.4405,-1.2287,0.3577
-0.0086,-0.2194,0.3289,0.6009,0.3783,-0.7137,-1.0024,-0.4323,-0.2732,-1.9345,-1.1301,-1.7845,1.2988,5.4811,-1.444,-0.188
-0.0282,0.0135,-1.0197,-0.4008,-0.9131,-1.5956,-1.1053,-1.7392,1.1728,-1.7128,-1.6021,-1.5274,1.4476,5.3323,-1.4482,-0.2977
-0.0103,0.0056,-1.0277,-0.3835,-0.6464,-1.3317,0.2903,-1.6465,-0.7888,-1.9801,-1.494,-1.702,1.593,5.1869,-1.4623,-0.2909
0.0145,0.0313,-0.4864,-0.983,-1.0327,-0.3725,-0.4604,-1.4073,-0.3412,-1.7337,1.7323,-1.4202,1.737,5.0429,-1.4674,-0.2881
0.3757,0.4232,-0.3962,-0.5032,-0.1035,-0.9202,-1.0118,-0.3801,-1.0399,-0.3176,-1.8544,0.6328,1.8732,4.9067,-1.4602,-0.2724
0.3941,0.1564,-0.3929,-0.173,0.1329,-0.5769,-0.496,0.4169,0.2589,-0.7288,-0.7391,-0.3481,1.9036,4.8763,-1.2723,-0.0607
0.1817,-0.2436,0.1055,0.2217,-0.4564,0.132,-0.4711,0.1954,0.4886,-0.3528,-0.7407,-0.1746,1.8948,4.8851,-1.0752,0.0175
-0.0141,-0.1221,0.1496,-0.3346,0.4418,0.2408,0.5328,0.0595,-0.4584,0.3917,-0.552,0.4285,1.9469,4.833,-0.9844,-0.1043
-0.2081,-0.5047,0.5729,0.3854,-0.6706,0.6901,-1.0766,0.1106,0.9906,-0.5096,1.089,-0.557,2.0295,4.7504,-0.9914,-0.1653
-0.2261,-0.2088,0.1626,0.3954,0.1303,-0.6517,-1.0267,0.068,-0.6838,0.8808,1.4216,-0.3414,2.2383,4.5416,-1.0954,-0.4176
0.0138,0.0329,-0.081,-0.9101,-0.9309,0.9923,-0.2725,-1.5244,1.1329,-1.2365,2.2738,-0.5284,1.232,5.5479,1.3612,-0.6267
-0.2638,-0.0421,0.849,-0.1843,-0.2736,-0.9599,-0.9378,0.9024,-1.2483,-0.7453,-1.4078,-0.6555,1.5372,5.2427,1.3682,-0.6103
-0.0103,-0.0892,-0.4197,0.3009,-0.8765,0.8626,-1.1837,-0.4443,1.3528,-0.2567,-1.4724,0.2855,1.8528,4.9271,1.2363,-0.6313
-0.3161,0.1931,0.028,-0.0626,0.6436,-0.1857,-1.062,-0.0776,1.0398,0.3175,0.9363,-0.6027,2.1907,4.5892,1.2312,-0.6759
0.114,0.1352,0.1259,-0.152,-0.133,0.5768,-0.5258,0.4038,-0.872,0.2287,-1.1568,0.0301,2.4804,4.2995,1.0732,-0.5794
0.409,-0.0421,-0.6462,0.1399,-0.747,0.4886,-0.472,1.0531,-1.2357,0.8414,-1.1301,1.0631,2.7362,4.0437,1.1302,-0.5117
-0.0351,0.3061,0.4304,-0.4471,-0.7386,0.7631,-0.367,1.1628,-1.3396,-0.4988,-1.5543,0.3936,3.0026,3.7773,1.3347,-0.5328
-0.0003,-0.246,0.3388,0.3443,-0.8467,0.065,0.1453,-0.8655,-0.2558,1.1335,0.6482,-0.9787,3.1924,3.5875,1.3172,-0.3797
0.0209,-0.293,-0.0411,0.6292,-0.3578,-0.8288,0.7654,0.5942,-0.9815,0.4174,-0.22,1.0638,3.4437,3.3362,1.3171,-0.5027
0.0638,0.0391,-0.4456,0.6956,-0.2309,1.0859,-0.5615,-1.1505,-1.3624,0.9092,-1.5374,-0.6144,3.7683,3.0116,1.3276,-0.6492
0.0094,0.1582,-0.7619,0.4588,-0.6468,-0.8237,0.9377,-0.9025,-0.47,-1.5579,-0.3106,-1.6478,0.6347,6.1452,1.3543,-0.7901
-0.0083,0.4212,0.4567,-0.5618,-0.596,-0.5771,-0.8264,0.331,0.8764,-0.8627,-0.3073,-1.3069,0.9902,5.7897,1.3591,-0.711
0.179,0.0152,-0.534,-0.3167,-0.8366,-0.118,-0.9023,0.149,-0.2474,-1.028,-0.9807,-0.714,1.2403,5.5396,1.355,-0.5003
-0.0013,0.1994,-0.5558,-0.1271,0.103,-0.5899,0.4959,-0.417,-0.2432,-0.765,-1.0435,0.049,1.4866,5.2933,1.4445,-0.4927
0.2017,0.159,-0.275,-0.5646,-0.6581,0.01,-0.7637,-0.2118,-0.1742,-0.9132,0.4719,-1.0532,1.6831,5.0968,1.4439,-0.393
-0.0105,-0.2498,-0.3716,-0.3997,-0.8122,0.1469,0.3669,-1.1629,1.0697,0.7363,-1.1874,-0.7692,1.8398,4.9401,1.5448,-0.3134
-0.3018,-0.4077,-0.5484,-0.2601,0.5811,0.5601,-0.4322,0.7955,0.5946,-0.7893,-0.9763,0.2629,2.0589,4.721,1.5396,-0.4383
-0.1658,0.0743,-0.0278,0.0504,0.1789,-0.4347,-0.7259,-0.0177,-0.7615,-0.6464,-0.8048,0.7294,2.3799,4.4,1.3887,-0.6421
-0.0616,-0.002,-0.2148,-0.3904,-0.2424,0.71,-0.8795,0.2541,0.2308,-1.086,-1.1316,-0.1768,2.6823,4.0976,1.3058,-0.6049
-0.4212,-0.2201,0.7256,-0.3067,-0.9684,0.5018,0.2731,-1.0979,-1.3379,0.6699,-1.4595,-0.3561,2.9852,3.7947,1.275,-0.6059
0.1353,0.0392,0.1915,0.6142,1.4053,0.2878,0.0929,-1.5441,0.2724,1.5243,2.388,-0.3756,2.7564,4.0235,1.1982,-0.8684
0.0968,0.2064,0.0501,0.6836,-0.9247,0.8982,-1.0841,0.9881,-1.3259,0.9668,0.3236,1.6435,3.1807,3.5992,1.2658,-0.8488
-0.0513,0.1881,1.3379,-0.0912,-0.0256,-1.3828,-0.8991,1.2564,0.9623,-1.2489,-1.2817,0.9729,3.5535,3.2264,1.3143,-0.7455
-0.1526,0.3994,0.1292,-0.1854,-0.3992,-1.0695,-1.5109,-0.5178,1.1922,1.0858,0.2839,1.6259,3.8792,2.9007,1.2886,-0.6515
0.2154,-0.1546,-0.9969,-0.4838,-1.4726,0.0817,0.3122,1.4726,0.1863,1.6246,-1.7914,0.5582,4.105,2.6749,1.2124,-0.4517
0.0512,-0.1301,-1.3804,0.6012,0.0913,1.6332,-0.5549,1.7732,1.8323,0.5045,-1.8438,0.7347,4.3695,2.4104,1.3201,-0.529
-0.2582,-0.1109,0.9091,-0.2579,0.5163,1.2167,1.4686,0.4886,0.0858,1.6638,1.6585,-0.3389,4.6665,2.1134,1.3457,-0.594
-0.3395,-0.4169,0.3756,0.0706,-0.2646,0.4842,0.2814,0.9332,0.7844,0.82,0.1361,1.7987,4.9911,1.7888,1.2166,-0.6494
0.1918,0.2717,-0.7335,0.6706,1.0284,0.192,-0.0866,1.1475,1.2322,-0.5597,-0.8569,1.4091,5.42,1.3599,1.0469,-0.8578
-0.0381,0.0385,0.0053,0.0676,-0.1979,0.8622,0.9885,0.4094,-1.1737,1.3983,1.709,-0.7909,5.781,0.9989,1.1429,-0.722
-0.0906,0.1591,0.4751,-0.0464,-0.1912,1.1729,-1.1862,0.7112,-1.9682,0.5417,0.4814,2.0492,6.1323,0.6476,1.1238,-0.7027
0.2183,0.1734,-0.3827,-0.2836,-0.4752,0.2113,-0.2887,0.7298,0.764,0.7451,1.1836,0.4442,2.2971,4.4828,1.3655,-0.0293
-0.0433,-0.0482,-0.2867,0.7113,-0.7333,0.314,0.2473,1.0279,1.0619,0.0775,-0.5892,0.91,2.2683,4.5116,1.4747,0.0574
-0.1458,-0.0508,-0.2848,-0.1987,0.3461,0.1751,-0.3127,0.6378,0.2431,0.7649,0.739,0.348,2.2516,4.5283,1.4531,0.0334
-0.0573,0.0166,0.1007,-0.3487,-0.4887,0.3527,0.2749,0.5645,-0.3832,0.5745,0.7469,-0.4887,2.2476,4.5323,1.3802,0.008
-0.3311,-0.3509,0.3715,0.3996,-0.4406,0.5466,-0.8158,-0.3696,0.7385,-0.7632,-1.1238,0.352,2.2394,4.5405,1.3516,0.0163
-0.3048,0.0037,0.5483,0.26,-0.4279,0.523,-0.0426,-0.8085,-0.486,-0.855,0.1161,1.0555,2.3189,4.461,1.186,-0.1591
-0.0703,0.1917,-0.3806,0.4374,-0.3966,-0.4632,-0.0357,-0.6288,0.698,0.068,0.7258,0.0176,2.3976,4.3823,1.0336,-0.1573
0.1976,-0.0982,-0.332,-0.1215,-0.3812,0.2764,-0.2521,-0.4309,-0.5157,0.1103,0.6371,0.4559,2.4282,4.3517,0.9985,-0.0614
0.3366,-0.0377,-0.3696,0.1681,-0.4607,0.2183,-0.5016,0.164,0.1373,0.9207,-0.4912,-0.8579,2.4834,4.2965,1.0974,-0.1105
0.2119,0.6748,-0.4412,0.4323,-0.705,0.2058,0.3672,-0.837,0.8676,-0.7952,-1.224,0.5866,2.548,4.2319,1.2657,-0.1293
0.0072,0.1697,-1.1562,-0.2212,-1.2167,1.8007,-1.9403,1.3306,-0.3926,2.4364,-0.0373,2.8406,5.6788,1.1011,-1.1896,0.7819
0.2939,0.1088,-0.8059,0.3841,-1.304,-0.5244,-0.176,1.5447,-1.2837,1.1364,-1.1655,1.8615,5.2454,1.5345,-1.186,0.8668
0.2041,-0.1461,0.2063,-0.5873,-0.1923,0.7442,-0.8186,1.2006,-1.4407,0.4711,0.0645,1.5162,4.7848,1.9951,-1.039,0.9212
0.5144,-0.179,-0.3663,0.0737,-0.6074,-0.1732,0.2861,0.6427,-0.7737,-0.3631,0.3364,1.2774,4.3607,2.4192,-0.937,0.8482
-0.3911,0.1154,-0.0231,0.7945,-0.7122,-0.4282,0.4862,-0.7786,0.1692,0.9381,0.0633,-0.9884,3.9813,2.7986,-0.6798,0.7587
0.1294,0.0819,-0.206,-0.438,0.1423,0.6483,-0.7052,0.2781,-0.8676,0.2632,1.0791,0.3335,3.5731,3.2068,-0.8753,0.8165
0.128,-0.3113,0.1191,-0.3264,-0.0261,0.4242,-0.8719,-0.5004,-0.1398,-1.0406,-0.5723,1.0348,3.1443,3.6356,-0.8106,0.8574
0.398,-0.7597,-0.2927,0.4169,0.1034,0.9201,-0.9083,0.5401,-0.9364,0.6026,1.1335,-0.8227,2.7934,3.9865,-0.7466,0.7018
0.2668,-0.4997,-0.126,0.1519,-0.259,0.7287,-0.6518,0.5558,-0.998,0.3807,-1.2827,0.182,2.6323,4.1476,-0.5475,0.322
-0.1348,-0.1953,-0.1008,0.3486,0.6461,-0.14,-0.5895,0.7014,0.1741,0.9131,-0.4839,0.9231,2.5962,4.1837,-0.4141,0.0722
-0.027,0.1407,-0.6913,0.3274,-0.308,0.7216,0.8157,0.3695,0.2147,-0.8925,-0.3991,0.9029,2.6089,4.171,-0.4815,-0.0255
0.1293,-0.0628,-0.0985,0.0474,0.4927,0.4535,0.4746,0.8128,-0.5162,0.9423,-1.0891,0.5569,2.5865,4.1934,-0.495,0.0449
-0.4909,0.5787,0.4292,-0.1975,0.3464,0.8643,1.2685,0.1052,1.2577,-0.219,-1.2913,-0.3103,2.5797,4.2002,-0.4303,0.0135
0.0662,0.7123,-0.2662,-0.2461,-0.221,0.6889,1.0218,-0.0563,1.1348,-0.5819,1.3559,0.5791,2.4282,4.3517,-0.6757,0.3029
-0.5336,0.454,0.7679,0.0031,0.6604,-0.4792,0.8153,0.4231,0.6683,0.8572,1.088,-1.0381,2.0986,4.6813,-0.6426,0.6591
-0.615,-0.093,0.4651,0.4459,0.6644,-0.1304,0.8979,-1.1356,1.6547,0.0862,1.6933,-0.8748,1.6555,5.1244,-0.9094,0.8862
-0.144,0.2094,0.4726,0.1393,0.8312,-0.3739,0.9039,-1.1451,1.6595,-0.351,1.9822,-1.3299,1.2356,5.5443,-1.2169,0.8397
0.0608,0.0075,0.2866,-0.6292,-0.5566,-0.7848,-0.3815,1.0799,1.1117,-0.5517,1.5108,0.5177,4.397,2.3829,1.2584,0.7435
0.431,-0.4747,-0.3189,0.4765,0.4757,-0.5656,-0.2466,-1.0081,1.4725,-0.0818,-0.9879,-1.1846,4.0233,2.7566,1.2889,0.7473
0.1895,0.0475,-0.4634,0.1335,0.8255,1.172,-0.8832,1.1459,1.3803,-0.6013,-0.8287,-1.3162,3.7683,3.0116,1.5044,0.51
-0.3658,0.2424,-0.8075,-0.1935,-0.2148,0.8924,0.601,1.2619,1.3395,0.4987,-0.906,1.2198,3.5014,3.2785,1.5991,0.5337
-0.4076,-0.0574,0.4434,0.0464,0.4859,0.8549,-0.9403,-0.6708,-0.6777,1.0409,1.29,-0.0186,3.1739,3.606,1.4163,0.655
-0.1697,-0.0087,0.3609,-0.1657,0.3965,0.4631,-0.734,0.062,-0.7232,0.3863,0.0159,0.9005,2.8607,3.9192,1.2125,0.6263
-0.2109,-0.3063,-0.1837,0.2318,0.0799,-0.3094,0.3319,0.1214,-0.0492,0.3979,-0.7279,-0.2338,2.5497,4.2302,1.1276,0.6219
0.2006,-0.1394,-0.0911,0.0502,-0.132,-0.0042,0.3695,-0.1682,-0.7278,0.506,0.5068,0.7525,2.3153,4.4646,1.0222,0.4688
0.2304,0.4889,-0.2638,-0.2266,0.4411,-0.4324,-0.7828,0.1542,-0.7395,0.4225,-1.2808,-0.5574,2.1157,4.6642,1.1225,0.3991
-0.1173,0.4371,0.5082,-0.6501,-0.5496,-0.7133,-0.9728,-0.3689,-1.4684,-0.5414,-0.54,-1.6911,1.7939,4.986,1.2377,0.6436
0.0945,-0.0677,-0.3514,0.6723,0.5019,0.6368,0.8673,2.0865,1.3306,1.953,2.711,1.3517,5.7213,1.0586,1.3907,-0.2083
0.0811,0.4144,-0.7819,0.3667,0.6037,2.1475,1.4112,2.3409,2.6649,1.1758,-1.9471,2.4582,5.8423,0.9376,1.438,-0.2421
0.007,0.3204,0.4398,2.0151,-2.1173,-0.0091,2.2694,1.3528,2.5339,0.8685,1.38,2.6858,5.8597,0.9202,1.4786,-0.0349
0,0.1342,0.3634,1.7665,1.5829,1.0476,0.9176,1.7471,1.4595,1.7861,2.3163,0.377,5.7971,0.9828,1.4821,0.1253
-0.002,0.0561,0.1972,1.0951,0.2099,1.4364,0.973,1.3182,0.235,1.7236,1.9489,0.782,5.7008,1.0791,1.4821,0.1925
-0.2284,-0.2107,0.782,0.1694,0.0115,1.0772,-0.3087,1.0794,0.5601,1.025,-1.2065,1.0229,5.5905,1.1894,1.4811,0.2205
-0.0826,-0.1251,-0.5112,0.4316,-0.1449,0.771,0.4743,0.9897,1.1661,-0.2209,-0.6825,1.3475,5.5329,1.247,1.3669,0.1152
-0.1679,-0.1257,-0.0875,0.1462,-0.2874,0.5018,-0.7537,1.4269,-0.2057,1.8798,-1.837,0.6883,5.5065,1.2734,1.3256,0.0527
0.0114,0.265,-0.3912,0.3981,-1.282,0.5062,-0.3789,1.4255,-1.1482,2.0301,-1.9502,1.8371,5.5115,1.2684,1.2417,-0.0101
-0.0177,0.3952,0.9693,-0.1876,0.9522,-1.5109,-1.131,-2.9553,0.9693,-3.2978,-0.4641,-3.6659,0.6628,6.1171,-1.4459,-0.6948
-0.0151,0.2261,0.9805,-0.1554,0.9758,-1.4734,1.8756,-1.0105,0.3395,-2.6402,-2.5734,-0.7717,0.9114,5.8685,-1.4547,-0.4972
-0.004,0.1285,0.9964,-0.1795,-1.0698,-0.7364,0.9989,-1.5109,-1.4414,-1.136,-1.882,-0.5894,1.1035,5.6764,-1.4623,-0.3841
0.1411,0.3887,-0.5441,-0.5326,0.4321,-0.7956,1.0133,-0.2355,-0.1162,-1.0556,-1.2979,-0.5102,1.2634,5.5165,-1.4643,-0.3199
0.1561,0.5576,-0.0142,-0.3702,0.7168,-0.6341,-0.9444,-0.3893,1.0185,-0.3244,-0.0222,-1.1483,1.3261,5.4538,-1.3937,-0.1255
0.1361,-0.2745,0.3851,-0.5997,1.0707,-0.4349,0.0509,-1.2351,1.1663,-0.4734,-1.1918,-0.4898,1.2494,5.5305,-1.3156,0.1533
-0.1365,0.0948,0.147,-0.4342,0.0996,-0.8542,-0.6684,-0.8573,1.1036,-0.3736,-0.0079,-1.3365,1.2413,5.5386,-1.2475,0.0161
0.2279,0.3259,0.1993,-0.5764,-0.4652,-0.446,1.1896,-0.3597,1.4931,-0.4166,0.4327,-1.5815,1.2096,5.5703,-1.3158,0.0635
0.7234,-0.0077,-0.4727,-0.1394,0.3586,-0.5132,1.1868,-0.4903,0.4313,-1.2844,1.5096,-1.4692,1.0963,5.6836,-1.2018,0.2265
-0.213,-0.701,0.3855,-0.4307,-0.6971,0.2215,0.3028,-0.9869,1.0156,-0.8276,1.2284,-1.8131,0.9849,5.795,-0.84,0.2227
0.0364,0.4765,-0.1865,-0.5185,0.2886,-0.7299,0.5959,0.577,-0.2305,0.9081,-0.094,-1.0134,1.5673,5.2126,1.4606,-0.2178
-0.1559,-0.2681,-0.3026,0.1987,-0.3683,0.4656,-0.4467,-0.3974,0.5339,0.3166,0.2866,-0.7114,1.557,5.2229,1.4788,0.0205
-0.3234,-0.0105,-0.4877,0.1761,0.5557,0.127,0.3126,-0.6379,-0.6857,-0.333,0.6588,-0.4628,1.6137,5.1662,1.4009,-0.1135
-0.0054,0.1586,-0.1056,-0.2218,-0.562,-0.0897,-0.5767,-0.0263,0.658,-0.0101,0.3831,-0.5746,1.6731,5.1068,1.2393,-0.1188
-0.0503,-0.3338,0.4405,-0.5467,-0.6832,-0.1946,-0.7742,-0.0133,0.8121,-0.147,-0.3752,-0.9162,1.6928,5.0871,1.2366,-0.0394
-0.1665,-0.2444,0.4278,-0.5231,-0.7538,0.0223,0.544,0.5325,-0.7357,-0.337,0.9762,-0.263,1.7959,4.984,1.2115,-0.2063
-0.2618,-0.1098,0.3016,0.3096,0.3805,-0.4375,-0.7311,0.2639,-0.7391,-0.5143,-0.016,-0.9006,1.9601,4.8198,1.1282,-0.3285
-0.1179,0.3135,-0.1345,-0.1661,0.0491,-0.398,0.3811,-0.2765,0.1291,-0.7074,-0.7071,0.429,2.1518,4.6281,0.9974,-0.3834
-0.3229,0.1445,-0.041,-0.0544,0.091,-0.0503,0.4606,-0.2184,-0.6368,0.4558,0.5979,0.7023,2.2651,4.5148,0.9385,-0.2266
-0.2217,-0.3511,0.2637,0.2265,-0.5191,0.3807,0.7049,-0.2059,-0.4757,0.649,-1.017,-0.3309,2.3422,4.4377,0.777,-0.1543
0.5777,-0.4899,-0.4233,0.3444,0.5495,0.7132,-0.9189,0.1718,0.0095,-0.9779,1.0577,0.0631,2.5071,4.2728,0.6662,-0.3299
0.4368,-0.2326,-0.5835,0.4568,-1.042,0.2768,-1.1277,-0.6869,-0.3584,-1.2916,0.6614,1.4317,2.7945,3.9854,0.9551,-0.5748
0.0822,-0.1346,-0.0977,-0.1251,0.0577,0.1914,0.5987,0.4007,-0.763,-0.1506,-0.4157,0.7776,5.114,1.6659,-1.3531,0.2847
-0.0743,-0.0958,0.4135,0.2177,-0.7495,0.0809,-0.19,0.8275,0.1974,0.8827,0.982,-0.3046,5.0053,1.7746,-1.312,0.2174
0.3556,0.3453,-0.3757,-0.0707,-0.6403,0.4136,0.4087,0.7493,-0.0942,0.8626,1.684,0.0224,4.9205,1.8594,-1.3492,0.1695
-0.2357,-0.1097,-0.1234,0.7384,0.6469,0.4768,-0.6653,0.6994,0.7334,-0.6707,-1.2195,0.7188,4.7494,2.0305,-1.1713,0.3422
-0.0747,-0.4228,0.0127,0.3412,0.0377,0.6284,0.7757,0.223,-0.1973,-1.0952,-0.6295,1.0325,4.6056,2.1743,-1.2891,0.2874
-0.207,0.2882,0.2435,0.6368,0.8978,0.0565,0.0986,1.0324,1.218,0.0543,0.1323,1.3715,4.5676,2.2123,-1.3264,0.076
-0.0243,-0.1295,0.2045,0.6603,0.5337,0.4489,-0.7532,0.4581,0.9875,-0.1944,1.1966,1.1495,4.4575,2.3224,-1.4299,0.2201
-0.1847,0.117,0.3026,0.3827,0.5998,0.673,0.9147,0.2258,1.0262,-0.417,-1.0355,-0.3964,4.3798,2.4001,-1.4421,0.1554
0.2157,0.7505,0.5489,0.1266,0.4564,-0.587,1.0814,-0.7114,1.3344,-0.0682,0.7404,1.4748,4.2728,2.5071,-1.5344,0.2139
-0.1456,-0.2921,0.1605,0.1017,-0.8624,0.9731,-0.3238,1.2955,0.1025,1.5426,-1.4891,0.7506,6.0398,0.7401,-1.1636,0.9896
0.0739,-0.2736,-0.4022,0.3782,0.2643,0.7476,-0.3784,0.8314,0.8398,0.3615,0.1948,1.1631,5.618,1.1619,-1.2364,0.8436
-0.1711,-0.053,0.6653,0.0254,-0.0518,0.7221,0.7629,0.1505,0.8207,0.342,0.3473,0.9281,5.2645,1.5154,-1.1994,0.7068
0.3083,0.3092,0.7494,-0.081,0.5595,0.7465,-0.9092,0.2578,1.1629,0.1368,0.9468,0.8018,4.9244,1.8555,-1.2849,0.6803
-0.1815,0.1576,0.2645,-0.4843,0.546,0.4489,0.6402,-0.4137,1.0489,0.3357,0.4007,1.3144,4.5069,2.273,-1.1307,0.8349
0.0078,0.0798,0.5419,0.039,-0.5542,0.0194,0.6652,-0.6995,0.3276,1.1892,0.6885,1.0236,4.05,2.7299,-1.2214,0.9138
-0.0706,-0.1619,-0.2584,0.563,0.6661,0.311,0.6672,-0.4041,0.6421,-0.6914,0.7723,0.7895,3.5731,3.2068,-1.2175,0.9537
-0.0739,-0.3629,-0.4277,0.5589,0.7249,-0.0595,0.6912,-0.3986,-0.3202,1.0412,0.8361,-0.7942,3.1367,3.6432,-1.2528,0.8728
0.1699,0.2583,0.7954,0.2607,-0.2335,1.0051,1.1604,0.3482,-0.2307,-1.2084,0.727,-1.0062,2.791,3.9889,-1.2897,0.6913
0.2155,-0.0057,-0.0727,0.7712,1.0783,-0.1848,0.7555,0.7941,-0.4314,1.2843,-0.904,1.145,2.3807,4.3992,-1.2048,0.8205
-0.03,-0.5829,0.0826,0.5562,0.7128,0.1592,-0.3029,0.9868,0.9256,-0.8262,-0.9999,1.2084,1.9718,4.8081,-1.097,0.8177
0.3731,0.0803,0.395,0.5455,-0.2202,0.6598,0.7358,-0.461,0.8026,-1.4054,1.5835,-1.0467,1.7087,5.0712,-1.112,0.5263
-0.0539,0.2041,0.8263,-0.3311,0.2304,-0.9082,0.0439,-1.4266,1.2831,-0.8928,0.5191,-1.638,0.6591,6.1208,1.2301,-0.9665
-0.0821,0.3435,0.0657,-0.267,0.3682,-0.4657,-0.672,0.15,-0.0785,-0.8631,-0.8772,0.137,1.0913,5.6886,1.2032,-0.8644
-0.2017,0.3383,-0.4633,0.1795,0.4876,-0.1762,-0.198,-0.5091,-0.9654,0.2319,1.0434,-0.0491,1.4376,5.3423,1.1621,-0.6926
-0.0755,0.2947,0.0147,-0.0635,-0.2494,0.1801,-0.2696,-0.37,0.471,-0.1955,0.5766,0.0262,1.6993,5.0806,1.0613,-0.5235
0.1657,-0.2301,-0.0911,0.1812,-0.5329,-0.0596,-0.3833,-0.3942,0.6831,0.1945,0.3079,-0.7217,1.8873,4.8926,1.0236,-0.3761
0.0299,-0.3839,-0.0182,0.3593,-0.4928,-0.4536,-0.5912,-0.4062,0.7356,0.3369,-1.009,0.4888,2.1329,4.647,1.1065,-0.4911
-0.0064,0.1296,-0.0109,-0.3243,0.008,0.7781,0.7231,-0.3864,-0.8394,-0.3028,0.739,0.5142,2.4744,4.3055,1.1214,-0.6831
-0.1631,0.1554,-0.1062,-0.4786,0.5441,0.4656,0.7278,0.2337,0.8077,-0.0757,0.6786,0.6316,2.7835,3.9964,1.1182,-0.6183
-0.0519,0.0559,-0.318,0.084,0.5989,-0.2876,0.5885,0.7343,-0.6903,0.7178,0.6295,0.7886,3.0537,3.7262,1.0367,-0.5405
0.0472,-0.242,-0.4973,-0.3633,-0.5044,0.6368,-0.6224,-0.8754,0.5126,0.9677,-0.6162,1.0757,3.31,3.4699,1.0108,-0.5125
-0.2781,-0.5706,0.3381,0.1417,-0.548,-0.453,0.3285,1.1195,-0.0818,-1.3781,-0.5904,1.2914,3.6267,3.1532,1.0344,-0.6335
0.2281,0.0917,-0.7694,0.6046,-0.0123,-1.0274,-0.9031,-0.9194,0.3583,1.2915,0.3788,-1.4256,4.086,2.6939,0.8954,-0.9187
0.1174,0.4907,-0.0251,-0.6548,0.4978,-0.9279,0.4404,1.3824,-0.3216,1.8545,-1.7733,1.0196,4.5224,2.2575,1.0095,-0.8729
0.0297,0.109,0.3814,-1.08,0.3529,1.3626,1.0862,1.0486,0.668,-1.7091,-0.1752,-1.8648,3.317,3.4629,1.3992,-0.5141
-0.3975,0.5668,0.3188,-0.4766,0.7945,-1.0421,0.8209,1.0964,0.0722,-1.4846,0.1074,1.6,3.5467,3.2332,1.4141,-0.4595
-0.6088,0.1118,0.4633,-0.1336,-0.4199,1.0124,-0.3654,-1.4497,-0.0412,1.5654,1.2889,1.0385,3.6347,3.1452,1.2153,-0.1761
0.4794,-0.3589,0.8074,0.1934,0.5926,1.0858,-0.0986,1.4133,-0.2482,1.7478,-1.4538,1.0607,3.6948,3.0851,0.911,-0.1202
0.3572,-0.1448,0.9402,0.6707,-0.2302,1.2581,-0.3286,1.3055,1.3836,0.7171,0.2625,1.7116,3.8446,2.9353,1.1507,-0.2996
-0.3085,-0.1919,0.5541,-0.0195,1.096,0.0196,0.1478,1.2318,1.2194,-0.7189,-0.6808,1.2533,4.0305,2.7494,1.3293,-0.3719
-0.1819,-0.0599,0.025,0.2872,-0.0128,-0.3413,0.763,-0.1183,-0.6422,0.6913,0.024,1.0023,4.2644,2.5155,1.1751,-0.4678
-0.0602,0.0012,-0.3203,0.0021,0.5485,-0.0522,-0.0116,-1.0773,-0.9745,0.5824,0.7704,-0.9079,4.5133,2.2666,1.0842,-0.4977
-0.027,0.0225,-0.3663,-0.3395,0.6192,0.2186,0.1448,-0.7711,-0.5376,0.5764,-0.4125,1.0885,4.7618,2.0181,1.0541,-0.4971
-0.0128,0.5366,0.1999,-0.3556,0.2873,-0.5019,-0.4663,0.925,0.0817,1.378,-1.5497,0.1865,5.0047,1.7752,1.0406,-0.4858
-0.101,0.1798,0.3911,-0.3982,-0.8909,0.108,0.0122,1.0273,-0.7571,1.632,-1.5591,1.439,5.1134,1.6665,1.0343,-0.2175
-0.1847,-0.2074,0.5229,-0.2732,0.025,0.6547,0.4655,2.0371,-2.0413,0.4781,-1.7482,1.6743,5.1772,1.6027,0.9838,-0.1276
0.0038,0.0004,-0.9806,0.1553,0.895,-0.8552,-0.0047,-1.3181,-0.641,-2.4849,-0.0134,-2.9964,1.0667,5.7132,-1.4323,-0.4327
-0.0004,0.0014,-0.9965,0.1794,0.8799,-0.8278,0.0024,-1.3314,1.3927,-1.1142,0.984,-1.8221,1.2829,5.497,-1.4304,-0.4325
0.0946,0.2565,-0.5812,-0.5602,-1.0134,0.2354,0.8414,-0.7785,0.0134,-1.3494,-1.1296,-0.8202,1.4988,5.2811,-1.4306,-0.4317
0.344,0.4718,-0.3017,-0.3097,0.0789,-0.7471,0.7769,-0.6791,-1.0327,-0.0458,-1.0186,0.3243,1.6505,5.1294,-1.3833,-0.3035
0.059,0.4121,0.0956,-0.0386,-0.6856,-0.1649,0.6682,-0.6337,0.8026,-0.4676,0.124,-1.0993,1.6842,5.0957,-1.2112,-0.0675
0.076,-0.0945,0.5161,-0.4507,0.543,-0.721,-0.9566,-0.0606,-1.0041,-0.4806,-1.1037,0.3735,1.6149,5.165,-1.1817,0.1386
-0.1273,-0.2521,0.3034,-0.0569,0.0385,-0.9611,0.4035,-0.8735,-0.9904,-0.2167,-1.1897,0.3596,1.5692,5.2107,-1.1437,0.0914
0.0499,-0.8349,-0.8283,-0.023,0.3227,-0.9789,-0.7556,-0.7942,-1.1869,0.4902,1.1786,-0.8693,1.5865,5.1934,-1.2074,-0.0347
0.2326,-0.5244,-0.7129,-0.1593,-0.6302,0.3969,0.2127,-0.9855,-1.0157,0.8275,0.8949,-1.1589,1.8125,4.9674,-1.1824,-0.4521
-0.1613,-0.1653,-0.7359,0.4609,0.0668,-0.9444,0.8477,-0.5857,-0.3408,1.0064,-0.956,1.1208,2.1696,4.6103,-1.066,-0.7142
-0.1711,0.19,0.8141,0.1287,0.003,-0.9077,-0.6252,1.1426,1.3359,-0.3756,-0.0118,1.7422,2.568,4.2119,-1.1466,-0.7969
-0.0941,0.089,0.5127,-0.2865,0.104,-0.9944,-0.8776,-0.5037,-0.88,0.8277,-0.0795,-1.3369,2.1107,4.6692,-1.4606,-0.3777
-0.0093,0.4569,0.1524,-0.6004,0.7265,-0.3796,-0.8281,-0.571,-0.8415,0.7784,-1.4227,0.2183,2.2772,4.5027,-1.5076,-0.3331
0.1669,0.2556,0.0277,-0.0505,0.2067,-0.4851,-0.6981,-0.0681,-0.7337,-0.6969,-0.777,0.679,2.3295,4.4504,-1.5122,-0.1046
-0.0069,-0.1185,0.1344,0.166,0.1836,-0.2319,0.5156,-0.1104,0.2635,-0.5413,-0.5442,-0.4657,2.3179,4.462,-1.4288,0.0232
0.0191,-0.3554,-0.0269,0.2703,0.3723,-0.6338,0.683,0.5266,-0.5431,0.7209,0.6902,-0.7179,2.3359,4.444,-1.4322,-0.036
0.1073,-0.0637,-0.365,-0.0876,0.4832,-0.5857,-0.1002,0.8165,-0.4036,0.8734,0.5587,-0.8653,2.4427,4.3372,-1.4226,-0.2137
-0.0669,-0.4394,0.5789,-0.4572,0.8558,0.1096,-0.3228,0.9788,-1.0784,0.1847,-0.0746,-1.1414,2.5654,4.2145,-1.3689,-0.2455
0.0887,-0.3337,0.6821,-0.1735,-0.2128,0.9854,-0.9257,0.8261,1.2224,-0.5689,-0.1916,-1.3482,2.798,3.9819,-1.4024,-0.4652
0.1676,-0.1832,0.7809,0.3586,-0.0669,0.9443,0.0532,-1.1529,-0.7748,-0.8643,1.3789,-0.1272,3.114,3.6659,-1.358,-0.632
0.1894,-0.2754,-0.0031,0.9076,0.1019,-0.9788,0.8111,1.0364,1.3329,0.5321,0.9171,-1.1207,3.4757,3.3042,-1.2742,-0.7236
-0.0173,-0.074,0.8997,0.4628,0.0046,1.318,-0.6364,-1.1669,-0.0087,-1.6784,-0.9759,1.4733,2.3847,4.3952,-1.4074,-0.4222
0.0148,-0.0171,0.8775,0.5036,0.9816,-0.4907,0.798,-0.8333,-0.0025,1.3313,1.3902,0.2172,2.6143,4.1656,-1.4161,-0.4592
0.1702,0.2224,-0.3389,-0.3444,0.9804,-0.0295,-0.5947,0.7892,0.828,0.5709,-1.1855,-0.2794,2.8481,3.9318,-1.4086,-0.4677
0.1226,-0.2302,-0.361,0.1656,0.0356,0.6287,0.9404,0.2117,-0.1467,-0.9846,0.7614,0.6463,3.0263,3.7536,-1.3235,-0.3564
0.1191,-0.1497,0.1061,0.4785,0.001,-0.7152,-0.6662,-0.3111,-0.9246,0.252,0.9139,0.4029,3.262,3.5179,-1.2622,-0.4715
-0.0311,0.0448,0.0336,0.3391,0.1448,-0.3957,-0.6913,0.3985,-0.0987,-1.0325,0.9079,0.5655,3.5352,3.2447,-1.2026,-0.5463
-0.0555,0.2482,0.3291,-0.2115,-0.2046,-0.6604,-0.9578,-0.2022,0.992,0.4891,0.783,-0.8548,3.7971,2.9828,-1.2181,-0.5239
0.408,0.2028,0.2971,0.2902,-0.3027,-0.3828,0.6121,-0.157,0.7235,-0.7998,0.9507,0.9743,3.997,2.7829,-1.2458,-0.3998
0.3466,0.1139,-0.549,-0.1267,-0.0925,-0.7136,0.7855,-0.1949,0.5324,-0.838,0.1915,1.3481,4.1462,2.6337,-1.0418,-0.2984
-0.6165,-0.268,0.7596,-0.2131,-0.828,0.2886,0.2989,-0.9361,-0.0533,1.1528,0.9931,-0.6856,4.2668,2.5131,-0.8685,-0.2414
-0.322,-0.0863,0.8151,-0.1419,0.1682,-0.8766,-0.102,0.9787,1.253,0.1247,-0.1051,1.8864,4.4545,2.3254,-1.1767,-0.3754
0.394,0.172,-0.5882,-0.2734,0.4263,-0.6502,-0.6277,0.5115,-0.1148,-0.8595,-0.1725,-1.051,4.0631,2.7168,-1.459,-0.205
0.6708,0.0435,-0.3874,-0.0553,0.216,-0.6651,-0.1975,-0.8828,0.7297,0.6749,-0.9469,-0.8019,4.1225,2.6574,-1.262,-0.119
0.4633,-0.2114,-0.503,0.1132,-0.4088,-0.7494,-1.049,-0.3358,-0.7845,-0.8201,-0.6483,0.9786,4.1711,2.6088,-0.9266,-0.0972
-0.6731,-0.0347,-0.647,-0.4769,-0.7703,0.2616,0.3577,0.8287,0.0865,-1.1476,-1.3122,0.2225,4.2725,2.5074,-0.6949,-0.2029
-0.1018,-0.0737,-0.7631,0.1182,-0.7758,-0.2231,-0.7381,0.4054,0.9758,-0.5362,-0.7391,1.1205,4.3826,2.3973,-1.0315,-0.2202
-0.3361,-0.049,0.3202,-0.0022,0.8688,-0.0544,-0.6543,0.5803,-0.8979,-0.0566,0.3086,-1.0795,4.5111,2.2688,-1.0824,-0.257
-0.2288,-0.0167,-0.4539,0.6432,-0.9876,0.1943,0.9349,0.4664,-0.7831,0.8547,1.1062,-0.4495,4.6518,2.1281,-1.2504,-0.2815
-0.1184,-0.1701,-0.1115,0.6427,-0.7236,0.7997,-1.0263,0.4169,1.1255,-0.0215,-0.4264,1.0899,4.7967,1.9832,-1.3648,-0.2898
0.1768,-0.1256,-0.625,0.1243,0.253,0.6431,-0.5325,0.8379,1.1318,0.3701,-1.0815,0.7113,4.9841,1.7958,-1.4239,-0.3748
-0.2055,0.3623,0.6941,0.2504,0.4607,0.7229,-0.299,0.936,1.0152,0.6954,-1.127,1.2246,5.2029,1.577,-1.3355,-0.4376
-0.0465,0.5265,-0.1683,0.8765,0.6469,0.7347,1.0848,1.0012,-0.2702,1.8553,2.0618,0.1973,5.3311,1.4488,-1.4383,-0.2564
-0.041,0.141,0.4262,0.2471,-0.5387,-0.3224,-1.1653,-0.5449,0.4842,-1.1938,-1.321,0.1659,4.7443,2.0356,-1.3046,0.7605
0.1555,0.1928,-0.0103,-0.4579,0.5629,-0.1262,0.6324,-0.5416,-0.0341,-0.9111,-0.9368,-0.0376,4.3287,2.4512,-1.3251,0.831
-0.0783,-0.194,0.3402,-0.6775,0.6998,0.3133,0.7393,-0.4715,1.3274,-0.1982,0.392,-1.3996,3.865,2.9149,-1.2473,0.9275
0.0989,-0.3721,-0.4305,0.447,0.9523,-0.7282,-0.5164,-1.2168,1.3396,-0.6729,1.2713,0.8353,3.4497,3.3302,-1.2864,0.8305
0.1892,0.0261,-0.4435,-0.0465,0.0425,0.8084,0.8466,-0.0651,1.1854,0.2793,0.5908,1.0685,3.1274,3.6525,-1.2369,0.6445
-0.0107,-0.0584,0.0108,0.3242,0.7339,-0.0621,-0.8286,0.0215,0.0188,1.1024,1.0948,-0.2277,2.7986,3.9813,-1.1423,0.6575
-0.0055,0.299,0.113,-0.5256,0.3341,0.6353,-1.0219,0.0562,0.3713,-1.0887,1.1437,-0.2991,2.4844,4.2955,-1.1476,0.6283
0.0678,-0.3175,0.0474,0.4199,-0.1075,-0.4823,-0.768,-0.0032,-0.0997,0.8541,0.3201,-1.0413,2.0955,4.6844,-1.1503,0.7779
0.4663,-0.533,-0.1994,0.5763,-0.6645,0.1303,0.9903,0.2166,0.2334,-1.0052,1.0289,-0.7444,1.7859,4.994,-1.1164,0.6192
0.1939,0.07,-0.3587,0.5131,0.0726,-0.7713,0.8282,0.0229,-0.8313,0.3738,1.151,-0.956,1.6095,5.1704,-0.8832,0.3527
0.5979,0.2342,-0.0827,-0.5563,-0.3856,0.4306,0.6301,-0.397,-1.0826,0.6522,0.8429,-1.3824,1.4156,5.3643,-0.7862,0.3877
-0.003,0.3397,-0.6152,0.1143,-0.3951,-0.5456,0.3407,-1.0065,1.1885,-1.5922,0.4075,-1.9509,1.1632,5.6167,-0.4872,0.5048
-0.8303,0.1114,-0.6134,-0.5997,0.0117,-1.7423,0.8259,-1.6135,1.9881,-1.206,1.3477,-2.1178,0.8258,5.9541,-0.4887,0.6747
-0.2032,0.1924,-0.1208,-0.5353,0.406,0.5794,1.0765,-0.1107,-0.0369,-1.1988,1.6494,0.2748,1.9189,4.861,1.4846,0.0557
0.0348,0.1107,-0.1627,-0.3955,-0.8465,0.4854,-0.0323,-1.0471,-1.1894,-0.3274,1.2589,-0.7368,1.8429,4.937,1.383,0.152
0.059,-0.16,0.2209,-0.689,-0.0453,-0.9351,1.1917,0.4897,1.2427,-0.7453,1.5768,-0.1099,1.7392,5.0407,1.4005,0.2074
-0.1073,-0.0574,-0.0475,-0.42,-0.1471,0.4341,-0.1549,-0.9023,-0.8154,-0.4232,0.9565,0.0605,1.6755,5.1044,1.43,0.1274
0.1603,-0.2117,-0.3035,0.0568,0.1001,-0.8166,-0.2649,-0.9042,-1.2938,-0.1598,1.3908,-0.6081,1.6261,5.1538,1.3763,0.0987
-0.2306,0.0476,0.6521,-0.0432,-0.4568,-0.8262,1.2056,-0.7057,0.2054,-1.444,-0.7337,-1.393,1.6296,5.1503,1.4565,-0.0071
0.2255,-0.0524,-0.6453,-0.0981,-0.5289,-0.6354,0.8895,-0.8965,1.3479,-0.7165,-0.0357,-1.8978,1.6212,5.1587,1.3412,0.0167
0.0649,-0.1587,-0.629,-0.4324,0.3676,-1.0959,1.0293,-1.042,-0.5323,-1.8253,-0.4225,-1.8769,1.6259,5.154,1.454,-0.0095
0.0155,-0.0949,-0.7752,-0.0911,-0.04,-1.1267,0.6743,-1.5045,-0.7765,-1.8089,-1.7796,-0.8741,1.6703,5.1096,1.4864,-0.0888
-0.1812,0.2228,0.4632,-0.1796,-0.5022,0.0524,-0.647,0.0343,0.2652,-0.6887,0.9508,-0.3557,1.258,5.5219,1.5796,-0.6337
-0.2977,0.2968,0.2493,-0.1802,0.264,-0.2437,-0.0202,-0.5502,-0.7555,0.1205,0.7204,-0.3757,1.5191,5.2608,1.489,-0.5223
-0.1759,0.4774,0.091,-0.1813,-0.4419,-0.2409,-0.2922,-0.5755,0.7741,0.0132,-0.9002,0.1509,1.706,5.0739,1.3402,-0.3738
-0.157,0.5795,0.0181,-0.3594,0.7537,-0.0224,-0.4747,-0.8129,-0.5731,-0.7655,-0.9908,0.1294,1.7736,5.0063,1.2523,-0.1351
-0.257,-0.4157,0.0141,0.3701,0.731,-0.264,-0.0081,-0.7782,-0.9302,-0.0192,1.0326,0.0457,1.6962,5.0837,1.1738,0.1547
0.0672,-0.2399,-0.0957,0.0385,-0.7813,-0.1263,0.5725,-0.5952,0.707,-0.4291,0.0283,-1.0608,1.7227,5.0572,1.0454,-0.0531
-0.1331,-0.2628,-0.7099,-0.2564,0.6367,-0.4559,0.5958,-0.5102,-0.6831,-0.5267,0.7277,-0.5061,1.8092,4.9707,1.079,-0.173
-0.3094,-0.1965,0.0433,0.2682,0.519,-0.3808,-0.6099,-0.2728,0.7827,-0.1543,-0.498,-0.7117,1.9614,4.8185,1.0125,-0.3044
-0.4467,0.1051,-0.4957,-0.1726,0.4232,-0.3445,0.9727,0.3688,-1.0493,0.4899,0.4327,-1.3223,2.1627,4.6172,0.8578,-0.4026
0.3641,-0.6209,-0.4585,-0.18,0.5834,-0.4569,-0.5443,-1.1437,-1.348,0.7164,1.2449,0.9749,2.3377,4.4422,0.6345,-0.35
-0.0802,-0.707,-0.6617,-0.054,0.7619,-0.4722,-1.0294,1.0419,-1.4518,-0.835,-1.5616,-0.7834,2.6679,4.112,0.8166,-0.6604
-0.0157,0.0789,-0.7143,0.3778,-1.4508,-0.3044,-0.6744,1.5044,0.4673,-1.6614,-1.4495,1.4134,3.1748,3.6051,0.7766,-1.0139
-0.2539,-0.496,-0.5823,0.912,-1.3924,0.4085,-0.3117,1.9235,-1.2463,2.2611,-2.1635,1.4111,3.662,3.1179,0.7688,-0.9744
0.0146,-0.6578,0.574,0.2207,-0.1525,0.6003,-0.9805,0.0294,-1.3194,-0.3149,-0.6711,-1.2936,2.8775,3.9024,-1.4109,0.4549
0.1767,-0.4303,-0.179,0.4346,-0.2068,0.485,0.041,-0.6293,0.8064,-0.035,-0.9405,-0.2118,2.8145,3.9654,-1.4036,0.126
0.201,-0.264,-0.08,0.3093,0.252,0.4308,-0.2636,0.5412,-0.1292,0.7073,-0.8078,0.0756,2.8591,3.9208,-1.3152,-0.0892
0.0278,0.2077,0.3179,-0.0841,-0.3724,0.6337,-0.8743,-0.2265,-0.3992,0.9041,0.9168,-0.3717,2.9697,3.8102,-1.2147,-0.2212
0.0464,0.2572,0.0754,-0.2797,-0.4833,0.5856,-0.8483,0.498,0.9193,0.3552,0.9263,-0.645,3.0283,3.7516,-1.2007,-0.1173
-0.037,0.1821,0.2768,0.5668,-0.579,0.4571,0.939,-0.051,-0.6536,-0.6842,1.0089,-0.413,3.0226,3.7573,-1.1775,0.0113
0.0714,0.6594,0.5403,-0.3955,-0.6822,0.1734,0.7255,-0.543,0.9671,-0.3839,-0.0881,-1.3696,2.9714,3.8085,-1.196,0.1024
-0.1072,0.3998,0.598,-0.4858,-0.781,-0.3587,-0.8478,0.5856,1.0551,-0.855,1.2468,0.9417,2.7553,4.0246,-1.1603,0.4321
-0.0751,0.1672,0.5217,-0.5044,-0.8142,-0.1288,1.1621,0.4075,-0.8112,-1.0365,-1.4394,1.0138,2.4393,4.3406,-1.2139,0.632
-0.0662,0.0556,0.5306,-0.5613,1.1057,-0.2214,-0.8046,-0.8376,-0.6522,1.6208,-0.7752,-1.825,2.0814,4.6985,-1.2514,0.7156
-0.0065,0.2333,-0.1449,-0.0181,0.5021,-0.0525,0.9653,-0.232,0.7674,-0.7411,1.453,-0.4082,1.2056,5.5743,0.9858,-0.5028
0.1364,0.1461,0.7554,-0.1206,0.7352,-0.6707,1.0047,-0.3007,1.0194,-0.3642,0.3565,-1.2237,1.3986,5.3813,0.9825,-0.3861
0.0405,0.27,-0.0937,0.0367,0.4583,-0.3918,0.9001,-0.151,0.6079,-0.7264,0.9912,-0.3323,1.5551,5.2248,1.0507,-0.313
0.4479,0.0707,-0.573,-0.3855,0.4177,-0.895,0.9907,-0.1295,0.5161,-0.9424,1.0089,-0.4889,1.6441,5.1358,1.071,-0.178
0.0965,-0.2498,0.9301,0.0191,-0.3465,-0.8644,0.9443,0.3892,0.0827,-1.0618,0.9221,-0.7591,1.7153,5.0646,1.295,-0.1426
-0.2431,-0.3313,0.6855,0.1648,-0.3852,0.5996,-0.3342,-0.6354,0.7812,0.1262,-0.2212,-1.161,1.849,4.9309,1.3433,-0.2675
-0.0185,0.1915,0.0268,-0.2704,-0.5162,0.4506,0.7098,0.2563,0.3991,-0.9042,0.717,-0.9882,2.0655,4.7144,1.2218,-0.4331
-0.2528,0.27,0.1118,-0.439,0.6098,0.2727,0.6531,0.5409,-0.8076,-0.7942,1.1288,-0.1081,2.2342,4.5457,1.2125,-0.3373
-0.7544,-0.3253,0.4956,0.1725,-0.5536,0.6625,0.9188,-0.1719,-1.0003,-0.7383,-1.2057,0.7056,2.3353,4.4446,1.0862,-0.2022
-0.5978,-0.0872,0.4584,0.1799,-0.0858,-0.9638,1.0419,-0.2769,-0.8896,0.8964,-0.9252,-1.0014,2.5177,4.2622,0.709,-0.3648
0.5225,0.5161,0.6616,0.0539,-0.7901,-0.781,-0.3677,1.0958,-0.8999,-0.7295,-0.9966,0.6635,2.7218,4.0581,0.4101,-0.4084
0.7228,0.4886,0.7142,-0.3779,-0.7365,-0.6823,0.0399,1.1266,-0.7352,1.0355,-1.7397,0.2526,2.797,3.9829,0.6714,-0.1503
0.5134,0.3511,-0.8101,-0.5036,0.2706,1.0115,0.5822,-0.9121,-0.664,1.349,-1.5812,0.4991,2.7499,4.03,1.0328,0.094
0.3142,0.3049,0.0694,-0.4155,-0.563,0.1261,-0.5733,-0.3317,-0.5971,-0.7849,0.8703,0.4942,4.4549,2.325,-1.0516,0.0844
0.0679,0.1605,-0.3991,-0.2061,0.5881,0.2733,0.4733,-0.5862,-0.0396,0.7848,-0.7394,0.4714,4.3364,2.4435,-0.8945,0.2369
-0.5943,-0.1548,0.3873,0.0552,0.1899,-0.8276,0.6034,-0.6098,-0.5596,-0.7466,-0.9524,0.7281,4.1778,2.6021,-0.8605,0.3172
-0.1441,-0.2918,0.5029,-0.1133,-0.5461,-0.449,0.0941,-0.8627,-0.1454,0.8654,-0.2815,-0.9333,4.0579,2.722,-1.1577,0.2398
0.5254,-0.0531,-0.542,-0.0391,0.1233,-0.7385,0.7702,-0.2617,0.1466,0.9845,-1.0961,-0.0197,4.0109,2.769,-1.2297,0.0939
0.1041,0.0505,-0.0251,-0.2873,-0.0378,-0.6285,-0.0011,0.7151,-0.6673,0.404,0.738,-0.4055,3.9772,2.8027,-0.9669,0.0674
0.1308,-0.4965,-0.1449,0.3956,-0.2436,-0.6369,-0.1112,0.7347,0.6542,-0.5804,0.9744,-0.5825,3.9308,2.8491,-0.9149,0.0927
0.3389,-0.2707,-0.3292,0.2114,-0.5338,-0.449,0.4538,-0.6433,0.6628,0.7005,0.5874,0.9802,4.0085,2.7714,-0.8495,-0.1555
-0.0299,-0.1665,-0.315,0.4472,-0.6122,0.1569,0.1114,-0.6428,-0.9148,-0.2259,1.1369,0.3117,4.154,2.6259,-0.68,-0.2909
-0.4507,0.1923,-0.2531,-0.6432,-0.7856,0.1948,0.8787,-0.273,-0.8781,-0.5188,1.1568,0.0494,4.341,2.4389,-0.6949,-0.3741
-0.291,0.0899,0.2334,-0.4726,0.5545,-0.0275,-0.7597,0.213,-0.4608,-0.723,1.2473,-0.0278,4.4799,2.3,-0.9202,-0.2779
-0.3722,-0.5707,0.4378,0.2665,-0.8152,0.1418,-0.647,-0.7348,1.0839,0.627,1.3682,-0.0305,4.5964,2.1835,-1.0657,-0.2329
0.1666,-0.2961,-0.8582,0.1916,-0.7519,-0.4722,0.5185,0.8157,-0.881,0.9491,1.1801,0.5877,4.8555,1.9244,-1.2518,-0.5183
-0.1789,-0.2749,0.107,0.0365,-0.1375,0.5335,0.2522,-0.8899,-1.8215,0.511,-1.4128,1.2604,5.4316,1.3483,-1.201,0.5445
-0.0384,0.4228,0.2037,-0.7517,-1.0285,-0.1921,1.1449,-0.5436,-1.115,0.9554,-1.7619,0.4786,5.228,1.5519,-1.2905,0.4071
0.0262,0.1759,0.2031,-0.7946,0.1978,-0.8623,-0.9759,0.5361,1.1863,-0.4528,0.5614,1.1504,4.9187,1.8612,-1.3096,0.6185
0.3567,0.1073,-0.5486,0.0521,-0.8689,0.0543,0.2218,-0.8557,-0.5602,-1.0251,0.1568,1.2241,4.5655,2.2144,-1.2965,0.7065
-0.1312,-0.1479,0.125,0.512,0.5375,-0.5765,0.1712,-0.916,-0.935,-0.4665,0.6223,0.8753,4.1853,2.5946,-1.1181,0.7602
-0.3157,-0.0612,0.1511,-0.1398,0.2106,0.4066,0.1407,0.7686,0.1,-0.976,-0.7983,0.8195,3.8422,2.9377,-1.1837,0.6863
-0.1478,-0.2186,-0.1852,0.1475,0.2416,0.159,0.3432,-0.7773,-0.7256,0.5429,0.0651,-1.0997,3.5143,3.2656,-1.3415,0.6557
0.098,0.0971,0.4571,-0.3692,-0.5981,0.4857,1.0874,0.2519,-0.0116,-1.2664,-0.5661,-1.2389,3.2411,3.5388,-1.4154,0.5464
0.2653,0.0137,-0.5218,0.5043,0.6403,0.9118,0.6682,-1.0258,0.0221,-1.3863,-1.336,0.3755,2.9436,3.8363,-1.3663,0.595
0.0069,0.249,0.5751,0.3398,-0.5307,0.5612,-1.3353,-0.2764,0.0937,-1.3971,1.5109,-0.1762,2.6426,4.1373,-1.2336,0.6019
-0.087,-0.0283,0.6374,-0.2778,-0.5578,0.5697,0.0849,-1.4474,1.5225,-0.1363,0.7342,-2.2216,2.2794,4.5005,-1.2302,0.7264
0.1529,-0.3013,-0.2038,0.7516,0.9411,0.2081,-1.2323,0.5596,-1.3188,1.7071,-1.9657,1.2303,5.9797,0.8002,-1.3874,0.6834
0.1035,0.1032,-0.0054,-0.0677,-0.2032,0.7945,0.9831,0.3418,-1.1791,1.3306,1.7037,-0.8586,5.7133,1.0666,-1.3109,0.5328
0.0795,0.1103,-0.7821,-0.1695,-0.2219,0.8556,0.9949,0.4617,-0.7705,0.9078,1.1861,-0.7113,5.4211,1.3588,-1.2591,0.5844
-0.2136,-0.1466,0.3662,0.3394,0.5111,-0.4317,-0.1713,0.9159,0.9854,0.5581,-1.1063,0.4494,5.1013,1.6786,-1.2193,0.6396
-0.1706,-0.3159,0.051,0.8362,-0.1001,0.9759,-1.1256,0.0214,1.0833,0.7385,0.1106,1.3825,4.8181,1.9618,-1.3261,0.5663
-0.3147,-0.3908,0.2781,0.3223,-0.8788,0.2729,-0.0652,1.0996,-1.1319,-0.3702,0.1764,1.2586,4.6139,2.166,-1.4114,0.4083
0.5393,0.2844,-0.3211,-0.4451,-0.5546,0.0274,0.6927,-0.0003,0.4687,0.8971,-1.0153,-0.6955,4.5074,2.2725,-1.5687,0.213
0.4173,0.4498,-0.4379,-0.2666,0.6461,0.3604,0.9304,-0.2971,-1.2531,-0.1248,0.9769,-0.804,4.3298,2.4501,-1.2991,0.3552
-0.3148,0.0914,0.6616,-0.2281,-0.5186,-0.8158,1.0002,-0.653,-0.0938,1.397,-1.3996,0.1333,4.0397,2.7402,-1.0904,0.5801
-0.1492,-0.0021,0.6493,-0.7742,0.5525,1.1696,-0.085,1.4473,-0.4789,-1.4619,1.1685,-1.1985,3.7268,3.0531,-1.2478,0.6258
0.0096,-0.1551,-0.084,0.6634,0.0368,1.1987,1.1133,1.088,0.4428,1.7781,2.104,0.5785,3.1176,3.6623,1.3873,0.5328
-0.0351,-0.048,-0.1304,0.6516,0.0322,1.047,1.2912,0.3102,-1.1571,0.7197,1.7204,0.1128,2.8899,3.89,1.3921,0.4553
-0.328,-0.4767,0.2661,0.246,0.0452,0.935,1.2879,0.1898,-1.422,0.175,1.4009,-0.3358,2.6743,4.1056,1.3746,0.4313
-0.1085,-0.1961,0.1074,0.4822,0.4276,-0.559,-0.6605,0.4791,0.1548,0.9022,1.1525,-0.6184,2.5777,4.2022,1.2106,0.193
-0.1674,0.1079,0.3649,0.0875,-0.7955,-0.2608,0.2648,0.9041,-0.0386,0.961,0.8482,-0.4981,2.5302,4.2497,1.1564,0.0949
0.2486,0.4987,-0.2769,-0.5669,-0.8559,-0.1097,0.6622,-0.6178,0.4567,0.8261,0.7321,-0.9798,2.4558,4.3241,1.0727,0.1489
0.1137,-0.0035,-0.1164,0.5373,0.5288,0.6353,-0.5063,-1.0987,0.4932,-1.2624,1.4184,-0.2611,2.2566,4.5233,1.1971,0.3983
-0.1198,0.3945,0.6289,0.4323,0.9965,-0.6636,-0.9951,-0.9309,0.0967,-1.393,-1.4337,0.2447,2.0583,4.7216,1.2539,0.3965
-0.0376,0.2545,0.7751,0.091,0.7351,-1.0356,-1.0045,-0.783,-0.0013,-1.7178,-1.1309,-1.633,1.7614,5.0185,1.194,0.5938
0.0859,0.1305,0.9346,-0.3376,-0.9172,-0.85,0.6639,-1.3491,-0.1462,-1.8527,1.2462,-2.2612,1.4009,5.379,1.1753,0.7211
0.0423,0.0473,-0.811,-1.055,0.6995,-1.6075,-0.3018,-1.8239,0.958,-3.2655,-3.6903,-2.3834,1.0077,5.7722,1.2182,0.7863
-0.5185,0.0125,0.0925,-0.4949,0.4751,-0.2114,0.1864,0.5184,-0.5734,-0.9743,0.7824,1.0954,2.0857,4.6942,1.2177,0.2564
-0.0707,-0.495,0.4466,0.3973,0.1441,0.596,0.7332,-0.3141,0.0784,0.863,-0.5936,1.0131,1.9543,4.8256,0.9585,0.2627
-0.01,-0.5211,0.1979,0.509,-0.2653,0.6886,0.6856,0.3329,0.7135,-0.5036,0.9982,-0.305,1.9467,4.8332,0.9231,0.0152
-0.2441,-0.3583,0.2842,0.3065,0.2695,0.3699,0.0201,0.5501,-0.3788,-0.5531,0.7406,0.1745,2.0693,4.7106,0.9182,-0.2453
-0.211,-0.1815,-0.1497,0.3345,0.3832,0.3941,0.2921,0.5754,0.6912,-0.3275,-0.608,0.7263,2.2815,4.4984,0.7962,-0.4244
-0.1315,0.0778,0.0984,-0.0475,0.5911,0.4061,0.573,0.7654,-0.4178,0.8949,-0.9907,0.5095,2.539,4.2409,0.6907,-0.5151
0.2212,0.0206,-0.4293,0.1974,0.8285,-0.0216,0.8393,0.3027,-0.0828,1.0617,0.8474,1.0809,2.7771,4.0028,0.625,-0.4762
-0.0434,0.1872,-0.1131,0.5255,0.2583,-0.5631,0.9245,-0.2521,1.0307,0.2265,0.2211,1.1609,3.01,3.7699,0.7356,-0.4658
-0.0305,0.2969,-0.0337,-0.3392,-0.725,0.0594,0.1111,-0.7348,0.8742,0.2264,0.5018,0.8602,3.1961,3.5838,0.7139,-0.3722
-0.0185,-0.063,-0.0755,0.2796,0.8509,-0.3654,-0.6629,-0.7006,-0.5588,0.8652,0.8438,0.6348,3.3079,3.472,0.6987,-0.2238
0.0598,0.1766,-0.0699,0.362,-0.2107,-0.4067,-0.0596,-0.5464,-1.009,0.4129,0.9727,-0.6441,3.4355,3.3444,0.6894,-0.2553
-0.0779,0.3983,0.0373,-0.1554,0.8393,0.0375,-0.9996,0.1637,-0.8979,-0.7726,-1.2412,0.0046,3.519,3.2609,0.7194,-0.1669
0.196,0.0299,-0.1098,0.0515,-0.8856,0.1309,0.79,0.7809,-0.2931,-1.1963,-1.2016,0.5136,3.5028,3.2771,0.6804,0.0323
0.2142,0.8082,0.7364,0.6822,-1.1296,0.0848,-1.0032,0.9348,1.4507,0.3043,-1.3645,-0.9305,3.4792,3.3007,0.7785,0.0472
0.043,0.7849,0.81,0.5035,-0.7711,1.0026,1.3923,-0.4086,0.1461,1.8526,1.0807,1.515,3.2535,3.5264,0.8856,0.4514
0.1412,0.2745,-0.5093,0.7689,1.0012,0.2164,0.3017,1.8238,1.2597,-1.4417,-1.8583,-2.5412,2.8315,3.9484,0.9071,0.8439
0.4348,-0.5607,-0.2836,0.4419,0.4325,1.7382,-1.642,-3.0214,-4.4438,-0.9192,-5.0505,0.3622,2.3409,4.439,0.9777,0.9812
0.0007,0.0033,-0.767,-0.612,-0.5247,-1.322,-1.4041,-1.0679,-0.7394,-1.7124,-1.7853,-0.7915,1.3604,5.4195,-1.4365,-0.4064
0.1318,0.2873,-0.5069,-0.7526,-0.598,-0.7024,-0.1374,-0.9208,-0.6389,-0.7568,-1.2347,-0.2466,1.5627,5.2172,-1.4362,-0.4047
0.0859,0.6037,-0.0434,-0.2683,0.4756,-0.6491,-0.6532,-0.541,0.7394,-0.4226,-0.5413,-0.98,1.6932,5.0867,-1.3702,-0.261
0.1477,-0.2682,-0.6522,0.0431,0.5535,-0.6626,1.0492,-0.49,-1.1089,-0.7831,-0.4467,-1.4009,1.6727,5.1072,-1.3273,0.0408
-0.2548,-0.1906,0.1163,-0.5374,0.6452,0.098,-0.39,-1.636,1.5347,-0.7984,-0.8168,-1.6475,1.7193,5.0606,-1.2534,-0.0932
-0.005,-0.496,0.4386,-1.1757,1.4336,-0.2448,-1.2469,-0.9418,-0.6489,-1.4276,0.7546,-1.5584,1.8135,4.9664,-1.3808,-0.1885
0.0383,-0.2113,-0.6404,-0.9119,-1.1622,-0.4076,0.8629,-1.1141,1.7178,-0.5126,0.0278,-1.9376,2.0317,4.7482,-1.3833,-0.4365
0.5172,0.0668,-0.5752,-0.3399,0.9358,-0.5161,-1.1058,0.2213,-0.4815,-1.737,1.5954,-1.113,2.3028,4.4771,-1.3641,-0.5421
0.0282,-0.1577,-0.6375,0.2777,0.8851,0.1414,-0.5526,-1.1697,-1.1953,0.8474,1.4636,-0.834,2.5571,4.2228,-1.1055,-0.5087
-0.3293,0.0107,-0.6681,-0.5636,-0.7286,0.9276,0.8362,0.8722,0.9685,-0.9487,1.4429,-0.4092,2.8508,3.9291,-1.0914,-0.5875
0.004,0.0229,0.8599,0.4078,-0.0504,-1.2844,-1.0636,-0.7644,-1.0358,-0.8148,-0.8569,-1.2495,1.5651,5.2148,-1.2524,-0.8259
0.1406,0.2403,0.2423,-0.7101,-0.6372,-0.456,0.7669,0.6119,-1.0184,-0.1795,0.0275,-1.1004,1.9723,4.8076,-1.2504,-0.8144
0.01,-0.0264,0.0409,0.0543,0.1319,0.0041,0.5015,-0.1641,-0.5959,0.5101,-0.5886,-0.7344,2.3194,4.4605,-1.1801,-0.6942
0.074,-0.1871,-0.1119,0.4389,0.5043,-0.6369,0.4979,0.7116,-0.9194,-0.3553,0.007,-1.0002,2.6731,4.1068,-1.1751,-0.7074
-0.0036,0.4749,0.0698,-0.3621,-0.1408,-0.7687,-0.6623,0.6177,0.0103,-0.9084,-0.9391,0.0509,3.0735,3.7064,-1.1381,-0.8009
0.3111,0.1066,-0.2417,-0.1591,-0.4269,-0.0116,0.1016,-0.9363,0.9995,-0.1638,-0.9672,0.3838,3.3552,3.4247,-1.1398,-0.5635
0.0799,-0.4161,-0.4572,0.3691,0.6302,0.6211,0.224,-0.8975,0.9462,0.2383,-0.4688,-0.8972,3.6103,3.1696,-0.9843,-0.5101
-0.2302,0.2426,0.2843,-0.6576,-0.6462,-0.3605,0.8351,0.8235,0.3308,-1.1645,-0.6683,1.0257,3.9693,2.8106,-0.9443,-0.7182
-0.4259,0.2606,0.3385,-0.425,-0.6617,0.228,1.1675,0.1381,-1.1802,-0.5878,0.7556,1.4489,4.2677,2.5122,-1.0594,-0.5968
0.1601,-0.4537,0.5192,-0.4243,-0.6494,0.7741,1.0868,0.5962,-1.1283,-0.6877,1.3668,1.1099,4.501,2.2789,-1.2723,-0.4665
0.2032,-0.5054,0.5984,-0.2333,0.9222,1.0481,-0.7145,1.4332,-0.0464,1.9967,1.3965,1.5875,4.8476,1.9323,-1.1922,-0.6933
0,0,-0.1786,2.0363,1.2433,1.8613,1.5094,2.1074,2.6443,1.5255,2.9026,0.9624,4.5356,2.2443,1.4008,0.5362
-0.0003,0,1.5758,1.1307,1.1482,1.6897,2.1684,-0.3002,0.4877,2.1688,2.2671,0.7322,4.2674,2.5125,1.4008,0.5362
-0.2734,0.0977,0.7531,-0.4582,0.9577,0.2021,0.2306,1.2083,1.2869,-0.0093,1.026,1.469,3.9993,2.7806,1.4007,0.5362
-0.1444,0.1894,-0.2972,-0.2903,0.3149,-0.4473,-0.5999,-0.6731,0.6535,0.6841,0.0745,1.1413,3.7067,3.0732,1.264,0.5851
-0.1239,0.1506,0.1851,-0.1476,0.4268,0.0115,-0.5404,0.3954,0.5284,-0.9248,-0.6285,-0.9742,3.3668,3.4131,1.1918,0.6798
0.0907,0.2689,0.316,-0.3828,-0.6303,-0.6212,-1.0875,-0.252,1.0917,-0.4621,-0.4387,1.1756,2.9892,3.7907,1.1299,0.7552
0.349,-0.6053,-0.1264,-0.8501,-0.855,-0.6015,1.0044,0.7829,1.0031,-0.9349,1.7396,-0.2527,2.5443,4.2356,1.1753,0.8896
0.162,-0.4214,0.9171,0.8499,0.771,-1.0027,1.5811,-0.4992,-1.4794,-1.165,1.8518,0.5123,2.2508,4.5291,1.3498,0.587
-0.0035,-0.0983,0.5092,-0.769,0.8109,1.0549,1.5104,-0.5525,1.7689,-2.2106,-2.8793,-1.3285,2.0626,4.7173,1.4308,0.3763
-0.4145,0.5922,0.2835,-0.442,0.716,1.2963,-1.3584,-3.4634,-4.1603,-1.3611,-4.767,-0.0797,1.899,4.8809,1.4291,0.3272
0.3131,0.1267,-0.4752,0.0463,-0.6664,1.2192,-1.6613,0.7575,0.0062,2.0955,-1.8832,1.6132,6.1787,0.6012,-1.3439,0.7864
0.0116,-0.1256,0.6577,-0.6901,-1.1662,0.2208,-0.6918,1.2106,-1.3111,0.9919,-1.6773,0.6524,5.7538,1.0261,-1.1874,0.8498
0.0684,-0.1545,0.0874,-0.1463,-0.2,0.3555,-0.6663,1.2806,-0.1183,1.7335,-1.7496,0.5421,5.3602,1.4197,-1.1815,0.787
-0.3395,-0.1946,0.8908,-0.1081,0.903,0.9193,1.2819,-0.5063,-0.6683,1.3309,0.1337,1.5239,5.0053,1.7746,-1.1473,0.7098
-0.0945,-0.0674,0.293,1.1962,0.1832,1.2478,-1.3147,0.1913,-0.5925,1.3271,-1.5388,1.0887,4.6991,2.0808,-1.317,0.6125
-0.0351,-0.0374,0.2349,1.0152,-1.0445,-0.2173,-0.998,-0.7242,-0.4937,1.2638,-1.3288,0.4402,4.4096,2.3703,-1.3643,0.5788
-0.1041,-0.2211,0.2477,0.7138,-0.829,-0.5632,-1.1676,-0.1382,0.3716,-1.1889,-0.412,1.3107,4.1295,2.6504,-1.3818,0.5601
-0.1752,-0.4784,0.28,0.5136,-0.5676,-1.0206,-1.0869,-0.5963,-0.2986,1.489,-1.7362,0.1779,3.9047,2.8752,-1.4338,0.4496
0.1885,0.4908,0.4743,0.5394,-0.3238,-1.2814,-0.9686,0.9486,-0.9223,-1.0482,-1.6367,0.385,3.7994,2.9805,-1.5214,0.2104
0.1438,0.4669,0.579,0.3649,-0.8831,0.4295,-0.092,-1.5614,-0.754,-1.7491,-0.0136,2.0421,3.5715,3.2084,-1.4271,0.4559
0.2825,0.2678,-0.5741,-0.2208,-0.7266,0.3795,0.2071,1.5045,-1.5546,-0.1914,-1.5681,1.1579,2.6568,4.1231,-1.0801,-0.5194
-0.3116,-0.122,-0.8065,0.0349,-0.7655,-0.5943,-0.9855,0.4695,-1.0133,0.5199,0.0503,1.2843,2.8495,3.9304,-0.9388,-0.3855
-0.2399,-0.1817,0.2147,0.3903,0.4455,-0.6957,-0.6648,0.6444,-0.9169,0.2135,-0.0276,1.1003,3.0727,3.7072,-1.0946,-0.4464
0.0655,-0.2533,-0.599,0.2875,0.4911,0.8578,-0.9169,0.3716,-0.0104,1.0219,0.1215,1.026,3.3413,3.4386,-1.2145,-0.5373
0.1005,0.0932,-0.1251,-0.5121,0.4972,0.3632,-0.851,0.3653,-0.0071,1.0001,-0.9264,0.6449,3.6732,3.1067,-1.1817,-0.6639
0.3482,-0.0041,-0.1512,0.1397,0.0595,0.5463,-0.0511,-0.8363,-0.0104,0.9083,1.0322,-0.0978,3.9819,2.798,-1.1314,-0.6173
0.4358,0.3739,-0.2782,-0.3224,-0.3433,0.7772,-0.1017,0.9362,-0.5285,0.9247,0.9352,0.6171,4.2915,2.4884,-0.9573,-0.6194
-0.1688,0.3881,-0.6928,0.0002,-0.2241,0.8974,-1.0139,-0.4448,-1.2474,0.0277,1.3146,-0.1914,4.5077,2.2722,-0.7394,-0.4324
-0.2541,0.2133,0.0465,-0.507,-0.2844,0.6575,-0.9305,0.297,1.0444,0.2172,-1.3683,0.0304,4.6268,2.1531,-0.8238,-0.2383
0.0794,-0.6672,-0.3386,0.4249,0.8289,0.5631,-1.0003,0.6529,1.2006,-0.6258,-1.5188,-0.1629,4.6926,2.0873,-0.9508,-0.1316
-0.2453,0.3079,-0.5193,0.4242,0.5675,1.0205,-1.6475,-0.2634,-1.1686,1.1984,0.8476,1.5341,4.9252,1.8547,-0.9111,-0.4652
0.1403,0.4144,-0.5985,0.2332,0.3237,1.2813,0.7981,1.8207,-1.313,1.6664,-0.6449,2.2299,5.0808,1.6991,-1.0337,-0.3113
-0.1351,0.2918,-0.6621,-0.1878,0.0919,1.5613,0.6709,1.9262,-0.7912,1.9909,0.0784,3.6034,5.1328,1.6471,-0.9635,-0.104
-0.0048,-0.2627,-0.0702,1.885,0.6116,1.8632,0.0173,4.0317,5.9491,-0.0846,0,0,5.1118,1.6681,-1.031,0.0419
-0.0177,0.0481,-0.9832,-0.3419,-0.9886,-0.4095,-1.1864,0.4527,0.7205,-1.2004,-0.625,1.6031,5.3715,1.4084,-1.2267,0.8001
-0.0054,0.0164,-0.995,-0.4618,0.6726,0.8762,0.1911,-1.173,-1.2169,0.3939,0.6663,-1.2193,4.9594,1.8205,-1.2356,0.8242
0.2156,0.1892,-0.6193,-0.2187,-0.4744,-0.9898,-0.9855,-0.5582,-1.1568,0.3578,-0.5345,1.2331,4.5431,2.2368,-1.2382,0.8324
-0.0419,-0.2334,0.5479,0.4529,0.4662,-0.9251,-1.0323,0.0977,0.886,0.5946,-0.9728,0.644,4.0796,2.7003,-1.1304,0.9271
-0.0282,-0.4111,-0.0374,0.1553,0.802,0.1929,-1.0369,0.3191,-0.9353,-0.6172,-1.2785,0.16,3.6744,3.1055,-1.1513,0.8104
-0.0024,-0.3052,-0.3161,0.3827,0.7757,-0.0794,0.8855,-0.131,-0.9463,-0.2384,-0.7223,-1.1358,3.3719,3.408,-1.1654,0.6048
-0.1036,0.4032,0.7285,-0.2487,0.8549,0.6014,-0.8352,-0.8236,0.4936,-1.2639,-0.863,1.114,3.1458,3.6341,-1.1666,0.4523
0.0228,0.3045,0.6596,-0.597,-0.9359,0.516,0.4119,-1.3108,-1.511,0.1761,-0.7557,-1.449,2.8188,3.9611,-1.2183,0.6539
0.0358,0.1357,-0.8852,-0.1415,0.5785,-0.9754,0.2985,-1.4891,-1.5226,0.1362,-1.4377,-1.3111,2.4157,4.3642,-1.2069,0.8062
-0.0009,0.0488,-0.8363,-0.8723,0.6066,-1.2814,-1.5649,0.0554,0.1323,-1.8209,-1.5044,-1.4358,1.9786,4.8013,-1.189,0.874
0.0726,0.0001,0.5925,-1.6772,-0.8696,-1.6126,0.0135,-2.0422,-0.0785,-3.6035,-0.7405,-3.7913,1.5294,5.2505,-1.1895,0.8985
0.2275,0.1368,-0.0876,-2.1468,0.5942,-2.1686,-0.0174,-4.0318,5.9317,-4.1163,0,0,1.0801,5.6998,-1.1531,0.8986
-0.0964,-0.17,1.0354,0.3963,1.3381,0.7791,1.6353,1.0693,1.9502,0.6221,2.0616,-0.0207,4.7761,2.0038,1.4977,-0.0824
-0.2937,-0.0361,0.6249,-0.1244,0.0924,0.7135,-0.4565,0.5869,0.878,0.5187,1.7567,0.2458,4.8598,1.9201,1.4495,-0.1674
-0.0114,-0.3548,-0.2335,0.4725,0.321,0.445,-0.6942,-0.2505,1.0138,0.4447,-0.9932,0.6855,4.9524,1.8275,1.3027,-0.1854
0.1207,-0.013,-0.0466,0.5069,-0.3309,1.1644,0.9979,0.7241,-0.977,0.8039,-1.4149,0.5374,5.1338,1.6461,1.297,-0.3627
0.1722,0.5212,-0.3717,1.1888,-1.2007,0.6257,-1.5393,1.0506,-0.124,1.9026,-2.2009,1.2786,5.3184,1.4615,1.3574,-0.3692
-0.0664,0.2585,-1.8104,1.4679,-2.378,0.4474,-1.5303,1.9815,-2.8972,0.8716,1.8582,2.5411,5.3726,1.4073,1.4435,-0.1086
-0.2397,0.2388,1.6419,3.0213,-2.8019,2.1022,-3.6,0.2814,-3.2763,1.5628,1.3583,3.4633,5.3623,1.4176,1.4103,0.0207
0.2457,0.103,1.5942,3.3017,1.324,3.7049,-4.056,2.0856,-4.727,0.1593,-4.6351,1.7207,5.2922,1.4877,1.2905,0.1401
0.111,-0.187,-5.3376,1.9477,-5.9492,0.0845,-6.0193,1.9695,-5.9318,4.1162,0,0,5.1964,1.5835,1.4134,0.1916
-0.1432,-0.028,0.5003,0.0417,-0.3673,0.8369,-1.0723,1.0427,-0.8085,1.2692,-1.0505,-1.1582,3.385,3.3949,-1.3876,-0.1861
0.2794,0.4143,-0.3382,-0.1418,-0.0096,0.9778,-0.8861,-0.5947,-0.4328,1.3222,1.0481,1.041,3.485,3.2949,-1.4591,-0.2001
0.2029,0.1063,-0.8021,-0.193,-0.8394,-0.0376,0.0857,0.9637,0.7693,-0.6047,0.5442,1.1436,3.4814,3.2985,-1.3194,0.0071
-0.0861,0.1068,0.1097,-0.0516,-0.7758,0.0793,0.8998,0.7294,-1.0918,0.462,-0.1833,-1.2479,3.4512,3.3287,-1.218,0.0603
-0.1904,-0.3129,-0.7286,0.2486,0.1263,0.85,-0.235,-1.0153,1.1295,-0.0849,-1.5637,-0.575,3.3944,3.3855,-1.261,0.1137
-0.026,0.184,-0.2478,-0.7139,-0.6597,0.5969,-1.4153,-0.8521,-1.0767,-1.277,1.4793,1.1649,3.4157,3.3642,-1.3562,-0.0427
0.4727,0.4254,-0.2801,-0.5137,-0.5786,0.9753,-1.4637,0.8339,-0.8477,-1.5342,-1.3669,-1.11,3.391,3.3889,-1.3691,0.0493
-0.1701,-0.3101,-0.4744,-0.5395,-0.6067,1.2813,-1.443,0.4091,-0.7982,-1.8208,-1.3966,-1.5876,3.26,3.5199,-1.1328,0.262
0.1361,-0.3824,-0.5791,-0.365,-1.4621,0.0646,-0.5926,1.6771,-0.671,-1.9263,-1.333,-2.1141,3.2065,3.5734,-1.2178,0.107
0.0479,-0.4466,-0.6818,0.0218,-0.6117,-1.8633,-0.5943,2.1685,5.3375,-1.9478,0,0,3.2486,3.5313,-1.1497,-0.0842
