"4.87615,5.8262","4.92694,5.8262","4.97774,5.83828","5.02853,5.85037","5.03869,5.83828","5.14027,5.85037","5.20123,5.85037","5.26218,5.83828","5.32313,5.85037","5.37392,5.83828","5.38408,5.85037","5.48567,5.83828","5.54662,5.85037","5.59741,5.85037","5.65837,5.85037","5.70916,5.86246","5.70916,5.87455","5.80059,5.87455","5.86154,5.87455","5.91233,5.88663","5.96313,5.89872","6.01392,5.89872","6.02408,5.89872","6.12566,5.9229","6.18662,5.93498","6.23741,5.95916","6.29836,5.97125","6.34915,5.97125","6.34915,5.97125","6.45074,5.99542","6.51169,5.99542","6.56249,6.00751","6.61328,6.0196","6.66407,6.00751","6.66407,6.0196","6.77582,6.00751","6.83677,6.0196","6.88756,6.00751","6.94851,6.00751","6.99931,6.00751","7.00947,6.00751","7.11105,6.00751","7.172,6.00751","7.2228,6.00751","7.27359,6.00751","7.32438,6.00751","7.33454,6.00751","7.43613,6.00751","7.48692,6.0196","7.53772,6.00751","7.58851,6.0196","7.6393,6.0196","7.64946,6.0196","7.74089,6.0196","7.80184,6.0196","7.85263,6.03168","7.90343,6.04377","7.96438,6.03168","7.96438,6.04377","8.06597,6.04377","8.11676,6.04377","8.16755,6.03168","8.21834,6.04377","8.26914,6.03168","8.26914,6.04377","8.37072,6.0196","8.42152,6.00751","8.47231,6.00751","8.5231,5.99542","8.5739,5.97125","8.58406,5.97125","8.67548,5.93498","8.72628,5.93498","8.77707,5.9229","8.82786,5.89872","8.87866,5.88663","8.88882,5.89872","8.98024,5.87455","9.03104,5.86246","9.08183,5.86246","9.13262,5.86246","9.17326,5.85037","9.18342,5.83828","9.27484,5.83828","9.32564,5.83828","9.37643,5.83828","9.42722,5.83828","9.48818,5.83828","9.48818,5.83828","9.58976,5.83828","9.64056,5.83828","9.69135,5.8262","9.74214,5.81411","9.79293,5.81411","9.79293,5.81411","9.89452,5.80202","9.94531,5.77785","9.99611,5.76576","10.0469,5.76576","10.0977,5.75367","10.0977,5.74158","10.1993,5.74158","10.2501,5.72949","10.3009,5.71741","10.3618,5.71741","10.4126,5.70532","10.4126,5.69323","10.504,5.69323","10.565,5.70532","10.6056,5.69323","10.6564,5.70532","10.7072,5.69323","10.7072,5.70532","10.7986,5.70532","10.8494,5.70532","10.8901,5.70532","10.9409,5.71741","10.9815,5.72949","10.9917,5.71741","11.0831,5.74158","11.1339,5.74158","11.1745,5.74158","11.2253,5.75367","11.2761,5.74158","11.2761,5.74158","11.3675,5.74158","11.4183,5.72949","11.4691,5.71741","11.5097,5.71741","11.5605,5.70532","11.5605,5.69323","11.6418,5.68114","11.6824,5.65697","11.7231,5.64488","11.7739,5.65697","11.8145,5.63279","11.8145,5.63279","11.8958,5.62071","11.9364,5.63279","11.977,5.62071","12.0075,5.63279","12.0482,5.62071","12.0482,5.63279","12.1091,5.62071","12.1497,5.63279","12.1904,5.62071","12.2209,5.63279","12.2615,5.62071","12.2615,5.63279","12.3326,5.63279","12.3732,5.63279","12.4037,5.63279","12.4443,5.64488","12.485,5.65697","12.485,5.64488","12.5561,5.65697","12.5866,5.64488","12.6272,5.65697",,,,,,,,,,,,,,,,,,,,,,,,,,,,,,,,,,,,,,,,,,,,,,,,,,,,,,,,,,,,,,,,,,,,,,,,,,,,,,,,,,,,,,,,,,,,,,,,,,,,,,,,,,,,,,,,,,,,,,,,,,,
"4.0533,6.27343","4.10409,6.28552","4.15489,6.27343","4.226,6.29761","4.21584,6.29761","4.33774,6.32178","4.38854,6.34596","4.42917,6.35805","4.47996,6.35805","4.53076,6.35805","4.53076,6.35805","4.61203,6.37013","4.66282,6.38222","4.72377,6.37013","4.77456,6.38222","4.8152,6.37013","4.82536,6.38222","4.92694,6.37013","4.9879,6.37013","5.03869,6.37013","5.08948,6.37013","5.15043,6.37013","5.15043,6.37013","5.25202,6.38222","5.30281,6.37013","5.34345,6.39431","5.39424,6.39431","5.45519,6.4064","5.45519,6.39431","5.55678,6.41848","5.60757,6.41848","5.65837,6.41848","5.71932,6.43057","5.77011,6.41848","5.77011,6.43057","5.8717,6.43057","5.92249,6.44266","5.98344,6.45475","6.02408,6.45475","6.06471,6.45475","6.07487,6.45475","6.14598,6.45475","6.19677,6.45475","6.23741,6.44266","6.27804,6.45475","6.31868,6.44266","6.32884,6.45475","6.42026,6.43057","6.4609,6.41848","6.50153,6.43057","6.55233,6.41848","6.60312,6.41848","6.60312,6.41848","6.68439,6.41848","6.73518,6.41848","6.78598,6.41848","6.82661,6.41848","6.86724,6.41848","6.8774,6.41848","6.96883,6.41848","7.00947,6.4064","7.06026,6.39431","7.12121,6.4064","7.172,6.39431","7.16185,6.4064","7.26343,6.39431","7.31423,6.4064","7.35486,6.39431","7.40565,6.39431","7.45645,6.39431","7.45645,6.39431","7.52756,6.38222","7.57835,6.35805","7.60883,6.34596","7.65962,6.34596","7.70025,6.33387","7.70025,6.32178","7.78152,6.3097","7.83232,6.28552","7.88311,6.26135","7.92374,6.24926","7.96438,6.23717","7.96438,6.22508","8.05581,6.20091","8.11676,6.18882","8.15739,6.15256","8.19803,6.15256","8.24882,6.14047","8.23866,6.12838","8.33009,6.1163","8.37072,6.09212","8.41136,6.09212","8.46215,6.08003","8.51295,6.08003","8.51295,6.08003","8.60437,6.06795","8.66533,6.04377","8.71612,6.04377","8.75675,6.04377","8.79739,6.03168","8.80755,6.04377","8.88882,6.0196","8.93961,6.0196","8.97008,6.0196","9.02088,6.0196","9.05135,6.00751","9.06151,6.0196","9.13262,6.00751","9.19357,6.0196","9.23421,6.00751","9.285,6.00751","9.32564,6.00751","9.32564,6.00751","9.41707,6.00751","9.46786,6.00751","9.50849,6.0196","9.54913,6.00751","9.58976,6.0196","9.58976,6.0196","9.67103,6.0196","9.71167,6.03168","9.7523,6.04377","9.79293,6.04377","9.83357,6.04377","9.83357,6.04377","9.91484,6.05586","9.95547,6.08003","9.99611,6.09212","10.0367,6.09212","10.0875,6.10421","10.0977,6.1163","10.1688,6.1163","10.2196,6.12838","10.2399,6.14047","10.2805,6.14047","10.311,6.14047","10.3212,6.14047","10.3821,6.15256","10.4228,6.16465","10.4634,6.15256","10.504,6.16465","10.5447,6.15256","10.5447,6.16465","10.6158,6.15256","10.6666,6.16465","10.7072,6.16465","10.7478,6.16465","10.7885,6.16465","10.7885,6.16465","10.8596,6.17673","10.9104,6.18882","10.9409,6.18882","10.9917,6.20091","11.012,6.213","11.0221,6.20091","11.0932,6.23717","11.1237,6.23717","11.1745,6.23717","11.205,6.24926","11.2456,6.27343","11.2558,6.27343","11.3167,6.29761","11.3574,6.3097","11.398,6.3097","11.4285,6.32178","11.4691,6.33387","11.4793,6.32178","11.5301,6.34596","11.5707,6.34596","11.6012,6.35805","11.6215,6.34596","11.652,6.35805","11.6621,6.35805","11.7231,6.35805","11.7637,6.35805","11.7942,6.35805","11.845,6.35805","11.8755,6.35805","11.8856,6.35805","11.9466,6.35805","11.9872,6.35805","12.0278,6.35805","12.0685,6.37013","12.0989,6.38222","12.1091,6.37013","12.1701,6.39431","12.2005,6.39431","12.2412,6.39431","12.2716,6.39431","12.3021,6.4064","12.3123,6.39431","12.3631,6.41848","12.4037,6.41848","12.4342,6.43057","12.4647,6.43057","12.5053,6.43057","12.5053,6.43057",,,,,,,,,,,,,,,,,,,,,,,,,,,,,,,,,,,,,,,,,,,,,,,,,,,,,,,,,,,,,,,,,,,,,,,,,,,,,,,,,,,,
"4.71361,6.93825","4.77456,6.95034","4.83552,6.97451","4.89647,6.9866","4.89647,6.97451","4.99805,6.9866","5.05901,6.9866","5.11996,6.97451","5.17075,6.9866","5.24186,6.97451","5.2317,6.9866","5.35361,6.96242","5.42472,6.95034","5.47551,6.95034","5.54662,6.93825","5.60757,6.91407","5.60757,6.91407","5.71932,6.8899","5.79043,6.8899","5.83106,6.87781","5.88186,6.8899","5.94281,6.87781","5.95297,6.8899","6.04439,6.87781","6.11551,6.8899","6.15614,6.87781","6.21709,6.8899","6.26788,6.87781","6.2882,6.8899","6.39995,6.8899","6.45074,6.90199","6.52185,6.92616","6.57264,6.93825","6.6336,6.92616","6.64375,6.93825","6.73518,6.93825","6.79613,6.93825","6.85709,6.93825","6.90788,6.93825","6.95867,6.93825","6.96883,6.93825","7.06026,6.92616","7.13137,6.92616","7.18216,6.91407","7.24311,6.8899","7.30407,6.87781","7.31423,6.8899","7.41581,6.85364","7.47676,6.85364","7.53772,6.84155","7.58851,6.81737","7.64946,6.80529","7.65962,6.81737","7.74089,6.7932","7.79168,6.7932","7.85263,6.7932","7.90343,6.7932","7.94406,6.7932","7.95422,6.7932","8.05581,6.7932","8.1066,6.7932","8.15739,6.7932","8.21834,6.80529","8.26914,6.81737","8.26914,6.81737","8.35041,6.81737","8.4012,6.82946","8.46215,6.84155","8.51295,6.82946","8.55358,6.84155","8.56374,6.82946","8.64501,6.82946","8.6958,6.82946","8.73644,6.82946","8.78723,6.82946","8.83802,6.82946","8.83802,6.82946","8.92945,6.84155","9.00056,6.84155","9.05135,6.84155","9.11231,6.85364","9.1631,6.86572","9.1631,6.85364","9.25453,6.86572","9.32564,6.85364","9.36627,6.85364","9.40691,6.85364","9.4577,6.84155","9.47802,6.82946","9.54913,6.82946","9.58976,6.81737","9.6304,6.80529","9.67103,6.81737","9.71167,6.80529","9.72182,6.81737","9.81325,6.80529","9.86405,6.81737","9.925,6.80529","9.97579,6.81737","10.0164,6.80529","10.0164,6.81737","10.1079,6.78111","10.1586,6.78111","10.1891,6.76902","10.2298,6.74485","10.2602,6.73276","10.2501,6.74485","10.3212,6.73276","10.3517,6.74485","10.4025,6.73276","10.4431,6.74485","10.4939,6.73276","10.504,6.74485","10.6056,6.74485","10.6666,6.75694","10.7377,6.78111","10.819,6.78111","10.8901,6.7932","10.8901,6.78111","11.0323,6.80529","11.0932,6.81737","11.1542,6.81737","11.2253,6.82946","11.2863,6.84155","11.2964,6.82946","11.398,6.86572","11.459,6.86572","11.5199,6.86572","11.5707,6.86572","11.6316,6.86572","11.6316,6.86572","11.7231,6.86572","11.7536,6.86572","11.8043,6.86572","11.8348,6.87781","11.8755,6.87781","11.8856,6.87781","11.9567,6.87781","12.0177,6.87781","12.0583,6.87781","12.0989,6.87781","12.1396,6.86572","12.1497,6.86572","12.2209,6.85364","12.2716,6.85364","12.3123,6.86572","12.3529,6.85364","12.3935,6.86572","12.4037,6.85364","12.4748,6.87781","12.5155,6.8899","12.5561,6.8899","12.5967,6.90199","12.6272,6.91407","12.6475,6.91407","12.7085,6.91407","12.7491,6.92616","12.7796,6.95034","12.8101,6.96242","12.8507,6.96242","12.8507,6.96242",,,,,,,,,,,,,,,,,,,,,,,,,,,,,,,,,,,,,,,,,,,,,,,,,,,,,,,,,,,,,,,,,,,,,,,,,,,,,,,,,,,,,,,,,,,,,,,,,,,,,,,,,,,,,,,,,,,,,,,,
"3.87044,7.2767","3.91108,7.2767","3.96187,7.2767","4.01267,7.28879","4.01267,7.30088","4.10409,7.28879","4.16504,7.31296","4.21584,7.31296","4.26663,7.32505","4.31742,7.31296","4.31742,7.32505","4.39869,7.31296","4.44949,7.32505","4.49012,7.31296","4.53076,7.31296","4.57139,7.31296","4.58155,7.31296","4.66282,7.30088","4.70345,7.2767","4.75425,7.26461","4.80504,7.26461","4.85583,7.26461","4.85583,7.26461","4.95742,7.24044","4.99805,7.24044","5.04885,7.24044","5.08948,7.24044","5.13012,7.24044","5.13012,7.24044","5.22154,7.26461","5.26218,7.2767","5.31297,7.2767","5.35361,7.28879","5.39424,7.31296","5.39424,7.31296","5.48567,7.34923","5.5263,7.36131","5.5771,7.38549","5.61773,7.40966","5.65837,7.42175","5.65837,7.40966","5.73964,7.44593","5.78027,7.45801","5.8209,7.4701","5.86154,7.4701","5.90217,7.48219","5.90217,7.49428","5.98344,7.49428","6.03424,7.49428","6.07487,7.50636","6.12566,7.51845","6.1663,7.51845","6.1663,7.51845","6.23741,7.54263","6.27804,7.55471","6.30852,7.57889","6.34915,7.60306","6.37963,7.61515","6.37963,7.60306","6.44058,7.65141","6.48122,7.6635","6.51169,7.67559","6.54217,7.69976","6.57264,7.71185","6.5828,7.69976","6.64375,7.73603","6.67423,7.73603","6.70471,7.74811","6.74534,7.7602","6.77582,7.7602","6.77582,7.7602","6.83677,7.7602","6.8774,7.7602","6.91804,7.74811","6.94851,7.7602","6.98915,7.73603","6.98915,7.73603","7.06026,7.72394","7.10089,7.73603","7.14153,7.72394","7.172,7.73603","7.20248,7.72394","7.21264,7.73603","7.27359,7.72394","7.31423,7.74811","7.3447,7.74811","7.38534,7.7602","7.42597,7.7602","7.42597,7.7602","7.48692,7.77229","7.52756,7.79646","7.56819,7.80855","7.60883,7.80855","7.6393,7.80855","7.6393,7.80855","7.70025,7.82064","7.74089,7.83273","7.77136,7.83273","7.80184,7.83273","7.83232,7.84481","7.84247,7.84481","7.91359,7.84481","7.95422,7.83273","7.99485,7.82064","8.04565,7.82064","8.08628,7.82064","8.08628,7.82064","8.17771,7.80855","8.2285,7.79646","8.2793,7.79646","8.31993,7.79646","8.37072,7.79646","8.37072,7.79646","8.45199,7.80855","8.49263,7.79646","8.54342,7.80855","8.58406,7.79646","8.63485,7.82064","8.63485,7.82064","8.72628,7.83273","8.77707,7.83273","8.83802,7.84481","8.88882,7.8569","8.92945,7.8569","8.92945,7.8569","9.01072,7.86899","9.06151,7.88108","9.10215,7.86899","9.14278,7.88108","9.18342,7.86899","9.19357,7.88108","9.27484,7.86899","9.32564,7.86899","9.36627,7.86899","9.41707,7.8569","9.4577,7.84481","9.46786,7.8569","9.55929,7.83273","9.59992,7.83273","9.64056,7.84481","9.69135,7.8569","9.73198,7.84481","9.73198,7.8569","9.81325,7.84481","9.86405,7.8569","9.90468,7.8569","9.94531,7.8569","9.99611,7.8569","9.99611,7.8569","10.0977,7.8569","10.1485,7.86899","10.1993,7.88108","10.2501,7.86899","10.2907,7.88108","10.2907,7.86899","10.3821,7.88108","10.4329,7.86899","10.4736,7.86899","10.5244,7.86899","10.565,7.8569","10.565,7.84481","10.6666,7.83273","10.7072,7.80855","10.758,7.79646","10.8088,7.79646","10.8596,7.78438","10.8596,7.77229","10.951,7.77229","11.0018,7.77229","11.0424,7.77229","11.0831,7.77229","11.1339,7.77229","11.1339,7.77229","11.2151,7.78438","11.2659,7.77229","11.3167,7.78438","11.3675,7.77229","11.4082,7.78438","11.4183,7.78438","11.5097,7.78438","11.5605,7.79646","11.6113,7.80855","11.652,7.80855","11.7028,7.80855","11.7028,7.80855","11.784,7.82064","11.8348,7.82064","11.8755,7.82064","11.9161,7.82064","11.9567,7.82064","11.9567,7.82064","12.0482,7.80855","12.0888,7.79646","12.1396,7.79646","12.1802,7.78438","12.231,7.77229","12.231,7.78438","12.3123,7.77229","12.3631,7.77229","12.3935,7.78438","12.4443,7.77229","12.4748,7.78438",,,,,,,,,,,,,,,,,,,,,,,,,,,,,,,,,,,,,,,,,,,,,,,,,,,,,,,,,,,,,,,,,,,,,,,,,,,,,,,
"4.45965,7.73603","4.51044,7.74811","4.56123,7.7602","4.61203,7.7602","4.61203,7.7602","4.70345,7.77229","4.75425,7.78438","4.80504,7.77229","4.84567,7.78438","4.90663,7.77229","4.90663,7.78438","5.00821,7.7602","5.05901,7.74811","5.1098,7.7602","5.16059,7.73603","5.22154,7.73603","5.22154,7.73603","5.32313,7.72394","5.37392,7.72394","5.42472,7.72394","5.47551,7.72394","5.5263,7.72394","5.5263,7.72394","5.62789,7.72394","5.67868,7.72394","5.72948,7.72394","5.78027,7.72394","5.83106,7.73603","5.83106,7.72394","5.92249,7.74811","5.97328,7.74811","6.02408,7.7602","6.07487,7.74811","6.11551,7.7602","6.11551,7.74811","6.20693,7.7602","6.24757,7.7602","6.29836,7.74811","6.339,7.7602","6.37963,7.74811","6.38979,7.7602","6.47106,7.73603","6.51169,7.73603","6.55233,7.73603","6.59296,7.72394","6.64375,7.73603","6.64375,7.72394","6.71487,7.73603","6.76566,7.72394","6.80629,7.73603","6.84693,7.73603","6.88756,7.73603","6.89772,7.73603","6.96883,7.73603","7.01962,7.74811","7.06026,7.7602","7.10089,7.74811","7.14153,7.77229","7.15169,7.77229","7.2228,7.77229","7.26343,7.77229","7.30407,7.77229","7.3447,7.77229","7.38534,7.77229","7.38534,7.77229","7.45645,7.77229","7.50724,7.77229","7.54787,7.77229","7.58851,7.7602","7.62914,7.74811","7.62914,7.7602","7.71041,7.73603","7.75105,7.73603","7.79168,7.73603","7.84247,7.73603","7.88311,7.73603","7.88311,7.73603","7.96438,7.73603","8.01517,7.74811","8.05581,7.7602","8.09644,7.7602","8.13708,7.7602","8.14723,7.7602","8.21834,7.77229","8.26914,7.79646","8.30977,7.80855","8.35041,7.80855","8.4012,7.80855","8.4012,7.80855","8.48247,7.82064","8.53326,7.84481","8.5739,7.8569","8.62469,7.84481","8.67548,7.8569","8.67548,7.8569","8.76691,7.8569","8.8177,7.8569","8.8685,7.8569","8.91929,7.8569","8.97008,7.86899","8.97008,7.86899","9.07167,7.86899","9.12246,7.88108","9.17326,7.86899","9.22405,7.89316","9.27484,7.89316","9.27484,7.89316","9.36627,7.90525","9.41707,7.90525","9.46786,7.90525","9.51865,7.90525","9.56944,7.91734","9.5796,7.92943","9.67103,7.92943","9.72182,7.92943","9.77262,7.94152","9.82341,7.9536","9.8742,7.9536","9.8742,7.9536","9.97579,7.9536","10.0266,7.9536","10.0774,7.9536","10.1282,7.9536","10.179,7.94152","10.179,7.9536","10.2704,7.92943","10.3313,7.91734","10.3821,7.91734","10.4329,7.91734","10.4837,7.90525","10.4837,7.90525","10.5752,7.88108","10.6259,7.88108","10.6767,7.88108","10.7275,7.88108","10.7783,7.88108","10.7783,7.88108","10.8698,7.88108","10.9205,7.88108","10.9713,7.88108","11.0221,7.88108","11.0729,7.88108","11.0729,7.88108","11.1745,7.89316","11.2253,7.90525","11.2761,7.90525","11.3269,7.90525","11.3675,7.90525","11.3777,7.90525","11.459,7.90525","11.5097,7.90525","11.5504,7.89316","11.6012,7.90525","11.6418,7.89316","11.652,7.90525","11.7332,7.88108","11.784,7.88108","11.8348,7.86899","11.8755,7.88108","11.9263,7.86899","11.9263,7.88108","12.0177,7.88108","12.0685,7.88108","12.1091,7.88108","12.1497,7.88108","12.1904,7.89316","12.2005,7.90525","12.2716,7.90525","12.3224,7.90525","12.3631,7.91734","12.4037,7.92943","12.4443,7.94152","12.4443,7.9536","12.5256,7.97778","12.5662,7.98987",,,,,,,,,,,,,,,,,,,,,,,,,,,,,,,,,,,,,,,,,,,,,,,,,,,,,,,,,,,,,,,,,,,,,,,,,,,,,,,,,,,,,,,,,,,,,,,,,,,,,,,,,,
"3.2914,5.56027","3.34219,5.56027","3.39299,5.57236","3.45394,5.58444","3.45394,5.57236","3.55553,5.59653","3.61648,5.59653","3.66727,5.60862","3.71806,5.60862","3.76886,5.60862","3.76886,5.60862","3.87044,5.63279","3.91108,5.64488","3.96187,5.65697","4.01267,5.65697","4.0533,5.66906","4.06346,5.68114","4.14473,5.66906","4.19552,5.68114","4.24631,5.68114","4.29711,5.68114","4.3479,5.68114","4.3479,5.68114","4.44949,5.68114","4.50028,5.68114","4.55107,5.68114","4.60187,5.68114","4.6425,5.69323","4.6425,5.70532","4.73393,5.69323","4.78472,5.71741","4.83552,5.72949","4.87615,5.71741","4.92694,5.74158","4.92694,5.74158","5.01837,5.76576","5.06916,5.77785","5.11996,5.77785","5.17075,5.78993","5.22154,5.80202","5.22154,5.80202","5.31297,5.8262","5.35361,5.83828","5.39424,5.86246","5.44503,5.87455","5.48567,5.87455","5.48567,5.87455","5.5771,5.88663","5.62789,5.91081","5.67868,5.91081","5.72948,5.91081","5.78027,5.91081","5.78027,5.91081","5.8717,5.9229","5.92249,5.91081","5.97328,5.9229","6.02408,5.91081","6.07487,5.9229","6.07487,5.91081","6.1663,5.9229","6.21709,5.91081","6.26788,5.9229","6.31868,5.9229","6.36947,5.9229","6.36947,5.9229","6.4609,5.93498","6.51169,5.95916","6.56249,5.95916","6.61328,5.97125","6.65391,5.95916","6.66407,5.97125","6.7555,5.97125","6.79613,5.98333","6.84693,5.99542","6.89772,5.99542","6.93836,6.00751","6.93836,6.0196","7.02978,6.0196","7.08058,6.0196","7.12121,6.0196","7.172,6.0196","7.21264,6.00751","7.21264,6.0196","7.29391,5.99542","7.3447,5.99542","7.38534,5.98333","7.42597,5.98333","7.4666,5.98333","7.4666,5.98333","7.53772,5.95916","7.57835,5.94707","7.61898,5.9229","7.66978,5.91081","7.70025,5.91081","7.71041,5.91081","7.79168,5.89872","7.83232,5.88663","7.87295,5.88663","7.92374,5.88663","7.96438,5.87455","7.96438,5.86246","8.05581,5.86246","8.1066,5.85037","8.14723,5.83828","8.19803,5.83828","8.23866,5.8262","8.23866,5.8262","8.33009,5.81411","8.38088,5.81411","8.42152,5.80202","8.46215,5.78993","8.51295,5.78993","8.51295,5.78993","8.60437,5.76576","8.65517,5.75367","8.70596,5.72949","8.74659,5.70532","8.79739,5.69323","8.79739,5.70532","8.88882,5.66906","8.93961,5.65697","8.9904,5.63279","9.0412,5.62071","9.09199,5.62071","9.09199,5.62071","9.18342,5.59653","9.23421,5.59653","9.285,5.59653","9.3358,5.58444","9.38659,5.57236","9.38659,5.58444","9.47802,5.57236","9.52881,5.57236","9.56944,5.57236","9.62024,5.57236","9.67103,5.57236","9.67103,5.57236","9.77262,5.58444","9.82341,5.57236","9.8742,5.58444","9.925,5.58444","9.97579,5.58444","9.97579,5.58444","10.0672,5.57236","10.118,5.58444","10.1688,5.57236","10.2196,5.58444","10.2704,5.57236","10.2704,5.57236","10.3618,5.57236","10.4228,5.56027","10.4736,5.54818","10.5244,5.56027","10.5752,5.54818","10.5752,5.56027","10.6767,5.54818","10.7275,5.56027","10.7783,5.56027","10.8291,5.56027","10.8799,5.56027","10.8799,5.56027","10.9713,5.57236","11.0221,5.58444","11.0729,5.58444","11.1237,5.58444","11.1644,5.58444","11.1745,5.58444","11.2659,5.60862","11.3167,5.62071","11.3675,5.63279","11.4183,5.63279","11.4691,5.63279","11.4691,5.63279","11.5605,5.63279","11.6113,5.63279","11.6621,5.63279","11.7028,5.62071","11.7536,5.63279","11.7536,5.62071","11.845,5.62071","11.8958,5.60862","11.9364,5.59653","11.9872,5.60862","12.0278,5.58444","12.038,5.58444","12.1294,5.58444","12.1701,5.58444","12.2209,5.58444","12.2615,5.58444","12.3021,5.58444","12.3021,5.58444","12.3732,5.59653","12.424,5.60862","12.4647,5.59653","12.5053,5.60862","12.5358,5.59653","12.5459,5.60862","12.617,5.60862",,,,,,,,,,,,,,,,,,,,,,,,,,,,,,,,,,,,,,,,,,,,,,,,,,,,,,,,,,,,,,,,,,,,,,,,,,,,,,,,,,,
"2.89521,5.9229","2.94601,5.9229","2.9968,5.93498","3.05775,5.94707","3.05775,5.94707","3.15934,5.97125","3.21013,5.98333","3.25077,5.99542","3.2914,6.00751","3.34219,6.00751","3.34219,6.00751","3.42346,6.0196","3.47426,6.0196","3.52505,6.0196","3.57584,6.0196","3.62664,6.0196","3.62664,6.0196","3.72822,6.00751","3.78918,6.00751","3.82981,5.99542","3.8806,5.98333","3.9314,5.98333","3.9314,5.98333","4.03298,5.97125","4.07362,5.97125","4.11425,5.98333","4.16504,5.98333","4.20568,5.98333","4.20568,5.98333","4.29711,5.99542","4.3479,5.99542","4.39869,6.00751","4.44949,6.00751","4.50028,6.0196","4.50028,6.0196","4.60187,6.04377","4.65266,6.05586","4.70345,6.08003","4.74409,6.09212","4.78472,6.10421","4.78472,6.10421","4.86599,6.1163","4.90663,6.12838","4.95742,6.12838","4.99805,6.12838","5.03869,6.12838","5.03869,6.12838","5.13012,6.12838","5.18091,6.12838","5.22154,6.12838","5.27234,6.1163","5.31297,6.1163","5.32313,6.1163","5.4044,6.10421","5.44503,6.09212","5.48567,6.09212","5.5263,6.09212","5.56694,6.09212","5.56694,6.09212","5.63805,6.09212","5.67868,6.09212","5.71932,6.09212","5.75995,6.10421","5.79043,6.10421","5.80059,6.10421","5.8717,6.1163","5.91233,6.1163","5.95297,6.12838","5.9936,6.14047","6.03424,6.15256","6.04439,6.15256","6.11551,6.16465","6.14598,6.17673","6.18662,6.17673","6.21709,6.17673","6.24757,6.17673","6.24757,6.17673","6.31868,6.17673","6.34915,6.17673","6.38979,6.17673","6.43042,6.17673","6.4609,6.16465","6.4609,6.16465","6.53201,6.14047","6.56249,6.12838","6.59296,6.1163","6.6336,6.10421","6.66407,6.09212","6.66407,6.09212","6.73518,6.06795","6.76566,6.06795","6.80629,6.05586","6.84693,6.04377","6.8774,6.04377","6.8774,6.04377","6.95867,6.03168","6.99931,6.0196","7.0501,6.00751","7.09074,6.00751","7.14153,6.00751","7.14153,6.00751","7.24311,6.00751","7.28375,6.00751","7.32438,6.00751","7.36502,6.00751","7.40565,5.99542","7.40565,5.99542","7.47676,5.98333","7.5174,5.97125","7.55803,5.97125","7.59867,5.95916","7.64946,5.94707","7.64946,5.94707","7.73073,5.91081","7.77136,5.88663","7.812,5.87455","7.85263,5.85037","7.89327,5.8262","7.89327,5.8262","7.97454,5.78993","8.01517,5.77785","8.05581,5.77785","8.09644,5.76576","8.13708,5.75367","8.13708,5.75367","8.2285,5.74158","8.26914,5.74158","8.31993,5.72949","8.36057,5.72949","8.41136,5.72949","8.41136,5.72949","8.50279,5.74158","8.55358,5.74158","8.60437,5.75367","8.64501,5.75367","8.6958,5.75367","8.6958,5.75367","8.77707,5.75367","8.8177,5.75367","8.8685,5.75367","8.90913,5.75367","8.95993,5.75367","8.95993,5.75367","9.05135,5.74158","9.09199,5.72949","9.14278,5.72949","9.19357,5.71741","9.24437,5.70532","9.24437,5.70532","9.32564,5.69323","9.37643,5.69323","9.42722,5.68114","9.46786,5.68114","9.50849,5.68114","9.50849,5.68114","9.58976,5.69323","9.6304,5.69323","9.67103,5.69323","9.71167,5.69323","9.76246,5.70532","9.76246,5.70532","9.85389,5.71741","9.89452,5.72949","9.94531,5.72949","9.99611,5.74158","10.0469,5.75367","10.0469,5.75367","10.1383,5.77785","10.1891,5.77785","10.2298,5.78993","10.2704,5.78993","10.311,5.80202","10.311,5.80202","10.4025,5.80202","10.4431,5.80202","10.4837,5.80202","10.5244,5.80202","10.5752,5.80202","10.5752,5.80202","10.6666,5.78993","10.7072,5.78993","10.758,5.77785","10.8088,5.76576","10.8596,5.75367","10.8596,5.75367","10.951,5.75367","10.9917,5.75367","11.0424,5.75367","11.0831,5.75367","11.1237,5.75367","11.1237,5.75367","11.2151,5.76576","11.2558,5.76576","11.2964,5.76576","11.3472,5.77785","11.3878,5.77785","11.3878,5.77785","11.4793,5.78993","11.5199,5.80202","11.5605,5.81411","11.6113,5.8262","11.652,5.83828","11.652,5.83828","11.7332,5.85037","11.7739,5.85037","11.8145,5.85037","11.8551,5.85037","11.8958,5.85037","11.8958,5.85037","11.977,5.85037","12.0177,5.83828","12.0583,5.83828","12.0888,5.8262","12.1294,5.81411","12.1294,5.81411","12.2005,5.78993","12.2412,5.78993","12.2818,5.77785","12.3123,5.76576","12.3529,5.76576",,,,,,,,,,,,,,,,,,,,,,,,,,,,,,,,,,,,,,,,,,,,,,,,,,,,,,,,,,,,,
"2.24506,5.36687","2.2857,5.36687","2.32633,5.37896","2.36696,5.39104","2.36696,5.39104","2.45839,5.40313","2.48887,5.41522","2.53966,5.42731","2.57014,5.43939","2.62093,5.45148","2.61077,5.45148","2.7022,5.47566","2.73268,5.47566","2.78347,5.48774","2.81395,5.48774","2.86474,5.49983","2.85458,5.49983","2.94601,5.49983","2.97648,5.49983","3.03744,5.51192","3.08823,5.51192","3.1187,5.51192","3.12886,5.51192","3.22029,5.52401","3.27108,5.52401","3.31172,5.52401","3.35235,5.52401","3.39299,5.52401","3.39299,5.52401","3.47426,5.53609","3.51489,5.53609","3.56568,5.54818","3.61648,5.54818","3.64695,5.56027","3.65711,5.56027","3.72822,5.57236","3.78918,5.58444","3.83997,5.58444","3.8806,5.59653","3.92124,5.60862","3.92124,5.60862","4.00251,5.63279","4.04314,5.64488","4.08378,5.65697","4.12441,5.65697","4.16504,5.66906","4.16504,5.66906","4.24631,5.68114","4.28695,5.69323","4.32758,5.69323","4.36822,5.70532","4.41901,5.70532","4.42917,5.70532","4.50028,5.71741","4.56123,5.72949","4.61203,5.74158","4.65266,5.75367","4.69329,5.76576","4.70345,5.76576","4.79488,5.77785","4.82536,5.80202","4.86599,5.81411","4.90663,5.8262","4.9371,5.83828","4.9371,5.83828","5.00821,5.86246","5.05901,5.87455","5.08948,5.88663","5.14027,5.89872","5.17075,5.91081","5.18091,5.91081","5.24186,5.9229","5.2825,5.93498","5.32313,5.94707","5.35361,5.95916","5.4044,5.97125","5.39424,5.97125","5.47551,5.98333","5.51614,5.99542","5.54662,5.99542","5.5771,5.99542","5.61773,6.00751","5.61773,6.00751","5.68884,6.00751","5.71932,6.0196","5.77011,6.0196","5.80059,6.0196","5.84122,6.0196","5.84122,6.0196","5.91233,6.03168","5.93265,6.03168","5.96313,6.03168","6.01392,6.04377","6.03424,6.04377","6.03424,6.04377","6.09519,6.05586","6.12566,6.06795","6.17646,6.06795","6.19677,6.06795","6.23741,6.08003","6.23741,6.08003","6.30852,6.09212","6.35931,6.10421","6.37963,6.10421","6.42026,6.1163","6.4609,6.1163","6.4609,6.1163","6.53201,6.1163","6.57264,6.1163","6.61328,6.1163","6.65391,6.1163","6.68439,6.10421","6.68439,6.10421","6.7555,6.09212","6.79613,6.08003","6.83677,6.06795","6.8774,6.04377","6.90788,6.03168","6.90788,6.03168","6.96883,5.99542","7.00947,5.98333","7.03994,5.97125","7.08058,5.95916","7.11105,5.94707","7.10089,5.94707","7.18216,5.93498","7.21264,5.9229","7.24311,5.91081","7.28375,5.89872","7.32438,5.89872","7.33454,5.89872","7.40565,5.88663","7.44629,5.87455","7.48692,5.87455","7.52756,5.87455","7.56819,5.87455","7.56819,5.87455","7.6393,5.86246","7.66978,5.86246","7.72057,5.86246","7.75105,5.85037","7.80184,5.85037","7.79168,5.85037","7.88311,5.8262","7.92374,5.8262","7.97454,5.8262","8.02533,5.81411","8.06597,5.80202","8.07612,5.80202","8.16755,5.77785","8.21834,5.77785","8.26914,5.76576","8.29961,5.76576","8.35041,5.75367","8.35041,5.75367","8.42152,5.75367","8.47231,5.74158","8.51295,5.74158","8.55358,5.74158","8.60437,5.74158","8.61453,5.74158","8.6958,5.72949","8.74659,5.72949","8.80755,5.72949","8.84818,5.72949","8.89897,5.72949","8.88882,5.72949","8.9904,5.72949","9.0412,5.72949","9.07167,5.72949","9.12246,5.72949","9.1631,5.72949","9.1631,5.72949","9.25453,5.72949","9.30532,5.72949","9.34595,5.72949","9.38659,5.71741","9.43738,5.71741","9.44754,5.71741","9.53897,5.70532","9.58976,5.70532","9.6304,5.69323","9.68119,5.69323","9.73198,5.69323","9.72182,5.69323","9.81325,5.69323","9.84373,5.68114","9.89452,5.68114","9.925,5.68114","9.97579,5.68114","9.97579,5.68114","10.0571,5.68114","10.1079,5.68114","10.1688,5.68114","10.2196,5.68114","10.2501,5.68114","10.2602,5.68114","10.3415,5.69323","10.3923,5.69323","10.4431,5.69323","10.4837,5.69323","10.5244,5.69323","10.5345,5.69323","10.6259,5.69323","10.6564,5.68114","10.7072,5.68114","10.7478,5.68114","10.7885,5.68114","10.7885,5.68114","10.8799,5.68114","10.9307,5.66906","10.9713,5.66906","11.012,5.65697","11.0628,5.65697","11.0729,5.65697","11.144,5.64488","11.1948,5.64488","11.2253,5.64488","11.2761,5.63279","11.3066,5.63279","11.3167,5.63279","11.3878,5.60862","11.4386,5.60862","11.4793,5.59653","11.5199,5.59653","11.5605,5.58444","11.5605,5.58444","11.6418,5.57236","11.6926,5.56027","11.7434,5.56027","11.7739,5.54818","11.8247,5.53609","11.8145,5.53609","11.8958,5.51192","11.9364,5.49983","11.9669,5.48774",,,,,,,,,,,,,,,,,,,,,,,,,,,,,,,,,,,,,,,,,,,,,
"3.1187,6.64815","3.1695,6.64815","3.21013,6.63606","3.26093,6.64815","3.27108,6.63606","3.36251,6.64815","3.42346,6.64815","3.47426,6.64815","3.51489,6.64815","3.56568,6.64815","3.57584,6.64815","3.65711,6.64815","3.69775,6.63606","3.73838,6.64815","3.77902,6.63606","3.82981,6.63606","3.83997,6.63606","3.92124,6.62397","3.97203,6.5998","4.03298,6.58771","4.08378,6.58771","4.12441,6.58771","4.12441,6.58771","4.21584,6.57562","4.26663,6.56354","4.29711,6.57562","4.3479,6.56354","4.37838,6.57562","4.38854,6.56354","4.45965,6.56354","4.5206,6.56354","4.57139,6.56354","4.61203,6.56354","4.65266,6.56354","4.65266,6.56354","4.74409,6.56354","4.80504,6.57562","4.84567,6.56354","4.89647,6.57562","4.92694,6.57562","4.9371,6.57562","5.00821,6.56354","5.05901,6.57562","5.09964,6.56354","5.14027,6.56354","5.18091,6.56354","5.19107,6.56354","5.2825,6.55145","5.33329,6.53936","5.38408,6.55145","5.42472,6.53936","5.47551,6.53936","5.48567,6.53936","5.56694,6.55145","5.61773,6.53936","5.66852,6.55145","5.699,6.55145","5.74979,6.55145","5.74979,6.55145","5.83106,6.56354","5.88186,6.57562","5.93265,6.56354","5.97328,6.58771","6.02408,6.58771","6.03424,6.58771","6.10535,6.5998","6.15614,6.58771","6.18662,6.5998","6.23741,6.58771","6.27804,6.5998","6.27804,6.58771","6.35931,6.58771","6.39995,6.57562","6.45074,6.56354","6.50153,6.56354","6.54217,6.56354","6.54217,6.56354","6.62344,6.55145","6.67423,6.53936","6.71487,6.55145","6.76566,6.53936","6.79613,6.55145","6.80629,6.53936","6.8774,6.53936","6.9282,6.53936","6.96883,6.53936","7.00947,6.53936","7.06026,6.53936","7.07042,6.53936","7.13137,6.53936","7.18216,6.53936","7.2228,6.52727","7.26343,6.51519","7.30407,6.51519","7.30407,6.51519","7.39549,6.5031","7.42597,6.47892","7.48692,6.45475","7.53772,6.44266","7.56819,6.43057","7.57835,6.41848","7.65962,6.39431","7.72057,6.38222","7.77136,6.35805","7.83232,6.35805","7.88311,6.34596","7.87295,6.35805","7.97454,6.32178","8.02533,6.32178","8.06597,6.3097","8.11676,6.29761","8.17771,6.29761","8.18787,6.29761","8.28946,6.27343","8.35041,6.27343","8.41136,6.27343","8.46215,6.26135","8.5231,6.24926","8.5231,6.26135","8.62469,6.24926","8.67548,6.24926","8.72628,6.24926","8.79739,6.23717","8.83802,6.213","8.84818,6.213","8.97008,6.20091","9.03104,6.213","9.08183,6.20091","9.12246,6.213","9.17326,6.20091","9.18342,6.213","9.26469,6.213","9.30532,6.22508","9.34595,6.23717","9.39675,6.22508","9.44754,6.23717","9.43738,6.22508","9.52881,6.24926","9.56944,6.24926","9.61008,6.26135","9.65071,6.26135","9.70151,6.26135","9.71167,6.26135","9.78278,6.26135","9.83357,6.26135","9.86405,6.26135","9.91484,6.26135","9.94531,6.26135","9.95547,6.26135","10.0266,6.26135","10.0774,6.27343","10.118,6.27343","10.1688,6.28552","10.2196,6.27343","10.2196,6.28552","10.3009,6.28552","10.3517,6.29761","10.4025,6.32178","10.4329,6.33387","10.4837,6.32178","10.4736,6.33387","10.5548,6.34596","10.5955,6.35805","10.6361,6.35805","10.6767,6.37013","10.7275,6.39431","10.7174,6.39431","10.8088,6.41848","10.8494,6.43057","10.8901,6.43057","10.9307,6.43057","10.9713,6.44266","10.9713,6.45475","11.0424,6.45475","11.0932,6.46684","11.1136,6.49101","11.1542,6.49101","11.1847,6.5031","11.1948,6.49101","11.2558,6.5031","11.2863,6.5031","11.3269,6.51519","11.3675,6.52727","11.398,6.52727","11.398,6.52727","11.459,6.55145","11.4996,6.55145","11.5301,6.56354","11.5707,6.57562","11.6012,6.57562","11.6012,6.57562","11.652,6.58771","11.6926,6.5998","11.7231,6.5998","11.7536,6.5998","11.784,6.5998","11.784,6.5998","11.8348,6.5998","11.8755,6.5998","11.8958,6.5998","11.9263,6.5998","11.9466,6.5998","11.9466,6.5998","11.9974,6.58771","12.0278,6.58771","12.0482,6.57562","12.0786,6.55145","12.1091,6.53936","12.0989,6.55145","12.1497,6.53936","12.1701,6.53936","12.2005,6.53936",,,,,,,,,,,,,,,,,,,,,,,,,,,,,,,,,,,,,,,,,,,,,,,,,,,,,,,,,,,,,,,,,,,,,
"2.95617,7.21626","3.00696,7.21626","3.04759,7.20418","3.09839,7.19209","3.10855,7.20418","3.18981,7.18","3.23045,7.18","3.27108,7.18","3.31172,7.19209","3.34219,7.19209","3.35235,7.19209","3.42346,7.20418","3.4641,7.19209","3.51489,7.20418","3.54537,7.19209","3.60632,7.20418","3.60632,7.19209","3.69775,7.20418","3.73838,7.19209","3.77902,7.20418","3.81965,7.19209","3.86029,7.20418","3.86029,7.19209","3.94155,7.19209","3.98219,7.18","4.02282,7.15582","4.07362,7.14374","4.13457,7.14374","4.13457,7.14374","4.226,7.11956","4.26663,7.10747","4.31742,7.09539","4.37838,7.09539","4.41901,7.09539","4.41901,7.09539","4.51044,7.09539","4.54091,7.10747","4.59171,7.10747","4.62218,7.11956","4.67298,7.14374","4.67298,7.14374","4.75425,7.15582","4.80504,7.15582","4.86599,7.16791","4.90663,7.18","4.95742,7.19209","4.95742,7.20418","5.03869,7.21626","5.08948,7.24044","5.14027,7.25253","5.18091,7.25253","5.22154,7.25253","5.22154,7.25253","5.31297,7.25253","5.36377,7.25253","5.4044,7.24044","5.45519,7.24044","5.50599,7.24044","5.50599,7.22835","5.59741,7.20418","5.65837,7.19209","5.70916,7.18","5.75995,7.15582","5.81075,7.14374","5.81075,7.15582","5.89201,7.13165","5.93265,7.11956","5.96313,7.13165","6.00376,7.11956","6.03424,7.13165","6.02408,7.11956","6.07487,7.11956","6.08503,7.10747","6.11551,7.0833","6.13582,7.05912","6.1663,7.04704","6.17646,7.04704","6.23741,6.99869","6.27804,6.97451","6.31868,6.96242","6.35931,6.93825","6.39995,6.92616","6.39995,6.92616","6.47106,6.90199","6.52185,6.8899","6.55233,6.86572","6.60312,6.85364","6.64375,6.84155","6.64375,6.84155","6.73518,6.80529","6.79613,6.7932","6.83677,6.76902","6.88756,6.75694","6.91804,6.74485","6.9282,6.73276","7.00947,6.73276","7.0501,6.73276","7.09074,6.72067","7.13137,6.6965","7.172,6.68441","7.172,6.6965","7.24311,6.66024","7.29391,6.66024","7.32438,6.66024","7.37518,6.66024","7.41581,6.67232","7.41581,6.66024","7.5174,6.68441","7.56819,6.6965","7.61898,6.6965","7.65962,6.6965","7.70025,6.6965","7.71041,6.6965","7.80184,6.67232","7.83232,6.66024","7.88311,6.64815","7.90343,6.62397","7.9339,6.5998","7.94406,6.5998","8.00501,6.55145","8.04565,6.53936","8.09644,6.53936","8.15739,6.53936","8.21834,6.52727","8.21834,6.51519","8.33009,6.53936","8.38088,6.55145","8.45199,6.55145","8.50279,6.56354","8.56374,6.58771","8.56374,6.58771","8.67548,6.5998","8.72628,6.5998","8.78723,6.61189","8.83802,6.62397","8.88882,6.62397","8.89897,6.62397","9.00056,6.63606","9.06151,6.64815","9.12246,6.64815","9.19357,6.64815","9.25453,6.64815","9.26469,6.64815","9.36627,6.67232","9.41707,6.68441","9.48818,6.72067","9.53897,6.72067","9.59992,6.73276","9.61008,6.74485","9.70151,6.75694","9.76246,6.78111","9.81325,6.7932","9.86405,6.80529","9.925,6.82946","9.93516,6.84155","10.0266,6.86572","10.0875,6.87781","10.1485,6.90199","10.1993,6.91407","10.2399,6.92616","10.2399,6.93825","10.3415,6.95034","10.3923,6.96242","10.4532,6.95034","10.5142,6.96242","10.5752,6.96242","10.5752,6.96242","10.6971,6.97451","10.758,6.97451","10.8291,6.97451","10.8799,6.97451","10.9409,6.9866","10.951,6.97451","11.0424,6.9866","11.1136,6.9866","11.1542,6.99869","11.205,7.01077","11.2659,6.99869","11.2761,7.01077","11.3574,7.01077","11.4082,7.02286","11.4691,7.04704","11.5199,7.07121","11.5707,7.0833","11.5809,7.0833","11.6723,7.11956","11.7332,7.14374","11.784,7.15582","11.8247,7.16791","11.8755,7.18","11.8856,7.18","11.977,7.19209","12.038,7.21626","12.0786,7.21626","12.1294,7.22835","12.1701,7.21626","12.1701,7.22835",,,,,,,,,,,,,,,,,,,,,,,,,,,,,,,,,,,,,,,,,,,,,,,,,,,,,,,,,,,,,,,,,,,,,,,,,,,,,,,,,,,,
"3.03744,7.74811","3.07807,7.74811","3.12886,7.74811","3.17966,7.73603","3.17966,7.73603","3.28124,7.73603","3.34219,7.72394","3.39299,7.72394","3.44378,7.71185","3.49457,7.69976","3.49457,7.69976","3.59616,7.68768","3.64695,7.68768","3.68759,7.68768","3.73838,7.68768","3.78918,7.68768","3.78918,7.68768","3.8806,7.69976","3.9314,7.69976","3.98219,7.69976","4.03298,7.71185","4.09393,7.71185","4.09393,7.71185","4.19552,7.73603","4.23616,7.74811","4.28695,7.74811","4.33774,7.74811","4.37838,7.74811","4.37838,7.74811","4.45965,7.74811","4.51044,7.74811","4.55107,7.73603","4.60187,7.73603","4.6425,7.72394","4.6425,7.72394","4.74409,7.71185","4.79488,7.69976","4.84567,7.68768","4.89647,7.67559","4.9371,7.67559","4.94726,7.67559","5.03869,7.65141","5.08948,7.65141","5.14027,7.65141","5.18091,7.65141","5.22154,7.6635","5.2317,7.6635","5.31297,7.67559","5.35361,7.68768","5.39424,7.69976","5.43488,7.71185","5.47551,7.72394","5.48567,7.72394","5.55678,7.74811","5.59741,7.7602","5.62789,7.7602","5.66852,7.7602","5.699,7.7602","5.70916,7.7602","5.78027,7.74811","5.8209,7.73603","5.85138,7.72394","5.89201,7.71185","5.92249,7.69976","5.92249,7.69976","5.98344,7.67559","6.01392,7.6635","6.04439,7.65141","6.07487,7.63933","6.10535,7.63933","6.10535,7.63933","6.15614,7.63933","6.18662,7.63933","6.21709,7.63933","6.24757,7.65141","6.2882,7.65141","6.2882,7.65141","6.35931,7.6635","6.38979,7.67559","6.43042,7.68768","6.47106,7.69976","6.51169,7.72394","6.51169,7.72394","6.5828,7.74811","6.62344,7.7602","6.66407,7.7602","6.70471,7.7602","6.74534,7.7602","6.7555,7.7602","6.82661,7.73603","6.86724,7.71185","6.89772,7.69976","6.93836,7.68768","6.96883,7.67559","6.96883,7.67559","7.03994,7.67559","7.08058,7.68768","7.11105,7.68768","7.14153,7.68768","7.172,7.68768","7.172,7.68768","7.23296,7.69976","7.26343,7.71185","7.28375,7.73603","7.31423,7.74811","7.3447,7.77229","7.3447,7.77229","7.40565,7.79646","7.43613,7.82064","7.4666,7.82064","7.50724,7.83273","7.53772,7.84481","7.53772,7.84481","7.60883,7.8569","7.6393,7.8569","7.67994,7.86899","7.72057,7.86899","7.76121,7.86899","7.76121,7.86899","7.86279,7.86899","7.91359,7.86899","7.97454,7.8569","8.02533,7.84481","8.07612,7.84481","8.08628,7.84481","8.18787,7.84481","8.23866,7.84481","8.2793,7.8569","8.33009,7.8569","8.38088,7.86899","8.38088,7.86899","8.47231,7.88108","8.53326,7.89316","8.58406,7.90525","8.63485,7.91734","8.67548,7.91734","8.67548,7.91734","8.77707,7.92943","8.82786,7.92943","8.8685,7.92943","8.90913,7.91734","8.95993,7.90525","8.95993,7.90525","9.0412,7.88108","9.08183,7.86899","9.12246,7.8569","9.1631,7.83273","9.20373,7.83273","9.20373,7.83273","9.29516,7.82064","9.34595,7.83273","9.39675,7.83273","9.44754,7.84481","9.48818,7.8569","9.48818,7.8569","9.5796,7.88108","9.64056,7.89316","9.69135,7.90525","9.74214,7.91734","9.80309,7.94152","9.80309,7.94152","9.90468,7.96569","9.95547,7.97778","10.0063,7.98987","10.0571,7.98987","10.1079,8.00195","10.1079,8.00195","10.1993,8.00195","10.2602,8.00195","10.311,8.00195","10.3618,8.00195","10.4126,8.00195","10.4228,8.00195","10.5244,8.00195","10.5853,8.00195","10.6361,8.01404","10.6869,8.02613","10.7478,8.03822","10.7478,8.03822","10.8393,8.06239","10.8901,8.08657","10.9409,8.09865","11.0018,8.11074","11.0526,8.12283","11.0526,8.12283","11.1644,8.147","11.2151,8.15909","11.2659,8.18327","11.3167,8.19535","11.3777,8.20744","11.3777,8.20744","11.4793,8.23162","11.5301,8.2437","11.5707,8.25579","11.6215,8.26788","11.6723,8.26788","11.6723,8.26788","11.7637,8.27997","11.8247,8.27997","11.8755,8.27997","11.9263,8.27997","11.977,8.29205","11.977,8.29205","12.0786,8.30414","12.1294,8.30414","12.1802,8.32832","12.231,8.3404","12.2818,8.36458","12.292,8.36458","12.3732,8.40084","12.424,8.42502","12.4748,8.4371","12.5155,8.46128","12.5662,8.48545",,,,,,,,,,,,,,,,,,,,,,,,,,,,,,,,,,,,,,,,,,,,,,,,,,,,,,,,,,,,,,,,,,,
"2.59045,8.03822","2.62093,8.03822","2.66157,8.02613","2.7022,8.01404","2.7022,8.02613","2.77331,8.00195","2.81395,8.00195","2.85458,8.00195","2.89521,8.00195","2.93585,8.00195","2.93585,8.00195","3.01712,8.00195","3.04759,8.01404","3.08823,8.02613","3.1187,8.01404","3.14918,8.02613","3.14918,8.01404","3.21013,8.02613","3.24061,8.01404","3.27108,8.02613","3.31172,8.01404","3.35235,8.01404","3.35235,8.01404","3.42346,8.00195","3.4641,7.98987","3.50473,7.98987","3.54537,7.97778","3.586,7.96569","3.586,7.96569","3.65711,7.9536","3.69775,7.94152","3.73838,7.94152","3.77902,7.92943","3.80949,7.91734","3.81965,7.92943","3.89076,7.90525","3.9314,7.90525","3.97203,7.89316","4.00251,7.90525","4.04314,7.89316","4.04314,7.89316","4.12441,7.89316","4.16504,7.89316","4.20568,7.89316","4.24631,7.88108","4.28695,7.88108","4.28695,7.88108","4.35806,7.88108","4.39869,7.88108","4.42917,7.86899","4.45965,7.88108","4.49012,7.86899","4.50028,7.88108","4.56123,7.86899","4.60187,7.86899","4.63234,7.86899","4.67298,7.8569","4.71361,7.84481","4.71361,7.8569","4.78472,7.83273","4.82536,7.82064","4.86599,7.82064","4.90663,7.80855","4.94726,7.79646","4.94726,7.80855","5.00821,7.78438","5.04885,7.78438","5.07932,7.78438","5.11996,7.78438","5.16059,7.77229","5.16059,7.78438","5.22154,7.77229","5.26218,7.78438","5.30281,7.78438","5.33329,7.78438","5.36377,7.78438","5.37392,7.78438","5.43488,7.79646","5.46535,7.82064","5.50599,7.82064","5.53646,7.83273","5.55678,7.82064","5.55678,7.83273","5.60757,7.83273","5.64821,7.83273","5.67868,7.83273","5.70916,7.83273","5.73964,7.83273","5.73964,7.83273","5.79043,7.83273","5.8209,7.83273","5.84122,7.82064","5.88186,7.83273","5.91233,7.82064","5.91233,7.83273","5.97328,7.83273","6.00376,7.84481","6.03424,7.8569","6.06471,7.8569","6.09519,7.86899","6.10535,7.88108","6.1663,7.88108","6.20693,7.89316","6.24757,7.90525","6.27804,7.90525","6.31868,7.90525","6.31868,7.90525","6.37963,7.91734","6.42026,7.92943","6.45074,7.91734","6.49137,7.92943","6.53201,7.91734","6.53201,7.91734","6.60312,7.91734","6.64375,7.90525","6.68439,7.88108","6.71487,7.86899","6.7555,7.86899","6.7555,7.86899","6.83677,7.84481","6.8774,7.84481","6.91804,7.83273","6.95867,7.82064","6.99931,7.82064","6.99931,7.82064","7.07042,7.82064","7.12121,7.82064","7.16185,7.82064","7.20248,7.82064","7.25327,7.82064","7.25327,7.83273","7.3447,7.83273","7.39549,7.84481","7.43613,7.86899","7.48692,7.88108","7.53772,7.88108","7.53772,7.88108","7.62914,7.89316","7.66978,7.91734","7.71041,7.92943","7.75105,7.92943","7.79168,7.92943","7.79168,7.92943","7.88311,7.94152","7.92374,7.96569","7.97454,7.97778","8.01517,7.96569","8.06597,7.98987","8.06597,7.98987","8.15739,7.98987","8.21834,7.98987","8.25898,7.98987","8.30977,8.00195","8.36057,7.98987","8.36057,8.00195","8.45199,8.00195","8.50279,8.01404","8.55358,8.02613","8.60437,8.01404","8.65517,8.03822","8.65517,8.03822","8.75675,8.0503","8.80755,8.0503","8.8685,8.0503","8.91929,8.06239","8.98024,8.08657","8.98024,8.08657","9.07167,8.09865","9.12246,8.08657","9.1631,8.09865","9.20373,8.09865","9.24437,8.09865","9.24437,8.09865","9.32564,8.09865","9.36627,8.09865","9.40691,8.09865","9.44754,8.08657","9.49833,8.09865","9.49833,8.08657","9.5796,8.08657","9.62024,8.07448","9.66087,8.06239","9.70151,8.06239","9.74214,8.06239","9.74214,8.06239","9.82341,8.06239","9.86405,8.06239","9.90468,8.06239","9.94531,8.06239","9.99611,8.0503","9.99611,8.0503","10.0774,8.0503","10.1282,8.0503","10.179,8.0503","10.2298,8.06239","10.2704,8.07448","10.2704,8.07448","10.3618,8.07448","10.4126,8.08657","10.4532,8.09865","10.4939,8.08657","10.5345,8.09865","10.5345,8.08657","10.6158,8.09865","10.6564,8.08657","10.6971,8.09865","10.7377,8.08657","10.7783,8.08657","10.7885,8.08657","10.8698,8.08657","10.9205,8.07448","10.9713,8.0503","11.012,8.0503","11.0526,8.0503","11.0628,8.0503","11.1339,8.03822","11.1745,8.0503","11.2151,8.0503","11.2456,8.0503","11.2863,8.0503","11.2863,8.0503","11.3472,8.0503","11.3878,8.0503","11.4183,8.06239","11.459,8.07448","11.4894,8.07448","11.4894,8.07448","11.5504,8.09865","11.591,8.11074","11.6215,8.13492","11.652,8.147","11.6824,8.147","11.6824,8.147","11.7332,8.17118","11.7637,8.18327","11.7942,8.19535","11.8247,8.19535","11.845,8.20744","11.845,8.21953","11.9059,8.21953","11.9364,8.21953","11.9669,8.23162","11.9974,8.2437","12.0278,8.23162","12.038,8.2437","12.0989,8.23162",,,,,,,,,,,,,,,,,,,,,,,,,,,,,,,,,,,
"2.81395,8.48545","2.85458,8.48545","2.90537,8.49754","2.94601,8.50963","2.95617,8.49754","3.02728,8.52172","3.06791,8.52172","3.10855,8.52172","3.14918,8.52172","3.18981,8.52172","3.18981,8.52172","3.26093,8.50963","3.31172,8.49754","3.35235,8.49754","3.39299,8.48545","3.44378,8.47337","3.44378,8.48545","3.51489,8.44919","3.56568,8.44919","3.60632,8.4371","3.64695,8.42502","3.67743,8.4371","3.68759,8.42502","3.7587,8.4371","3.79933,8.42502","3.83997,8.4371","3.8806,8.42502","3.92124,8.4371","3.92124,8.4371","4.00251,8.4371","4.0533,8.44919","4.09393,8.46128","4.13457,8.46128","4.1752,8.47337","4.18536,8.48545","4.25647,8.48545","4.29711,8.49754","4.33774,8.50963","4.37838,8.50963","4.41901,8.50963","4.41901,8.50963","4.49012,8.52172","4.54091,8.52172","4.58155,8.52172","4.63234,8.52172","4.68314,8.52172","4.68314,8.52172","4.77456,8.50963","4.82536,8.48545","4.87615,8.48545","4.91678,8.48545","4.96758,8.48545","4.96758,8.48545","5.04885,8.49754","5.08948,8.50963","5.13012,8.50963","5.17075,8.50963","5.21139,8.50963","5.21139,8.50963","5.29265,8.50963","5.33329,8.50963","5.37392,8.50963","5.42472,8.52172","5.46535,8.5338","5.46535,8.5338","5.55678,8.54589","5.59741,8.57007","5.63805,8.58215","5.68884,8.57007","5.72948,8.58215","5.72948,8.58215","5.80059,8.58215","5.84122,8.58215","5.88186,8.59424","5.92249,8.60633","5.96313,8.59424","5.97328,8.60633","6.04439,8.59424","6.09519,8.60633","6.14598,8.59424","6.18662,8.60633","6.21709,8.60633","6.22725,8.60633","6.30852,8.61842","6.34915,8.64259","6.38979,8.65468","6.43042,8.65468","6.47106,8.65468","6.48122,8.65468","6.55233,8.66677","6.59296,8.69094","6.6336,8.69094","6.67423,8.70303","6.71487,8.70303","6.71487,8.70303","6.78598,8.71512","6.81645,8.72721","6.85709,8.72721","6.88756,8.72721","6.9282,8.73929","6.93836,8.75138","7.00947,8.73929","7.06026,8.75138","7.10089,8.73929","7.15169,8.73929","7.20248,8.72721","7.20248,8.71512","7.29391,8.71512","7.3447,8.70303","7.38534,8.69094","7.43613,8.69094","7.47676,8.69094","7.48692,8.69094","7.55803,8.69094","7.59867,8.69094","7.6393,8.69094","7.67994,8.67886","7.72057,8.66677","7.72057,8.67886","7.79168,8.65468","7.84247,8.65468","7.88311,8.66677","7.92374,8.67886","7.96438,8.66677","7.96438,8.67886","8.04565,8.67886","8.08628,8.67886","8.12692,8.66677","8.16755,8.67886","8.20819,8.66677","8.20819,8.66677","8.2793,8.65468","8.33009,8.64259","8.37072,8.64259","8.42152,8.63051","8.46215,8.60633","8.46215,8.59424","8.55358,8.57007","8.60437,8.55798","8.64501,8.5338","8.6958,8.52172","8.73644,8.52172","8.73644,8.52172","8.8177,8.50963","8.8685,8.48545","8.90913,8.48545","8.94977,8.48545","8.9904,8.47337","8.9904,8.48545","9.07167,8.46128","9.12246,8.46128","9.1631,8.46128","9.21389,8.46128","9.26469,8.46128","9.26469,8.46128","9.35611,8.46128","9.40691,8.46128","9.4577,8.46128","9.49833,8.46128","9.54913,8.46128","9.54913,8.46128","9.64056,8.44919","9.69135,8.46128","9.73198,8.4371","9.78278,8.4371","9.83357,8.42502","9.83357,8.4371","9.925,8.40084","9.97579,8.40084","10.0266,8.38875","10.0672,8.36458","10.118,8.35249","10.118,8.36458","10.2094,8.35249","10.2501,8.36458","10.2907,8.35249","10.3415,8.36458","10.3821,8.36458","10.3821,8.36458","10.4532,8.36458","10.4939,8.36458","10.5345,8.37667","10.5752,8.38875","10.6158,8.38875","10.6158,8.38875","10.6971,8.41293","10.7377,8.42502","10.7885,8.4371","10.8291,8.4371","10.8698,8.44919","10.8698,8.46128","10.9409,8.47337","10.9815,8.48545","11.012,8.48545","11.0526,8.48545","11.0831,8.49754","11.0831,8.50963","11.1542,8.49754","11.1948,8.50963","11.2253,8.50963","11.2659,8.50963","11.3066,8.49754","11.3066,8.50963","11.3777,8.49754","11.4183,8.50963","11.4488,8.49754","11.4894,8.52172","11.5199,8.52172","11.5199,8.52172","11.5809,8.5338","11.6113,8.5338","11.652,8.5338","11.6824,8.54589","11.7129,8.55798","11.7129,8.54589","11.784,8.57007","11.8145,8.58215","11.8551,8.58215","11.8856,8.59424","11.9263,8.61842","11.9263,8.61842","11.9974,8.64259","12.038,8.65468","12.0685,8.65468","12.0989,8.65468","12.1294,8.66677","12.1294,8.67886","12.1802,8.66677","12.2107,8.67886","12.231,8.67886",,,,,,,,,,,,,,,,,,,,,,,,,,,,,,,,,,,,,,,,,,,,,,,,,,,
"3.86029,8.52172","3.90092,8.52172","3.94155,8.50963","3.99235,8.48545","4.00251,8.48545","4.09393,8.47337","4.14473,8.47337","4.18536,8.47337","4.23616,8.47337","4.27679,8.46128","4.28695,8.44919","4.36822,8.47337","4.40885,8.47337","4.44949,8.48545","4.50028,8.47337","4.54091,8.49754","4.54091,8.49754","4.62218,8.50963","4.67298,8.49754","4.72377,8.52172","4.77456,8.52172","4.8152,8.5338","4.82536,8.5338","4.91678,8.54589","4.96758,8.57007","5.01837,8.58215","5.05901,8.57007","5.1098,8.58215","5.1098,8.58215","5.19107,8.58215","5.24186,8.58215","5.2825,8.58215","5.33329,8.57007","5.38408,8.58215","5.38408,8.57007","5.47551,8.57007","5.5263,8.55798","5.58726,8.54589","5.63805,8.54589","5.68884,8.54589","5.68884,8.54589","5.78027,8.5338","5.83106,8.5338","5.88186,8.5338","5.92249,8.5338","5.96313,8.54589","5.97328,8.55798","6.04439,8.57007","6.09519,8.58215","6.13582,8.58215","6.17646,8.59424","6.22725,8.60633","6.22725,8.60633","6.30852,8.61842","6.35931,8.64259","6.41011,8.65468","6.4609,8.65468","6.50153,8.66677","6.50153,8.67886","6.5828,8.67886","6.6336,8.69094","6.67423,8.70303","6.71487,8.69094","6.76566,8.70303","6.76566,8.69094","6.84693,8.70303","6.88756,8.69094","6.93836,8.69094","6.98915,8.69094","7.02978,8.69094","7.03994,8.69094","7.12121,8.67886","7.172,8.66677","7.2228,8.67886","7.26343,8.66677","7.31423,8.67886","7.31423,8.66677","7.39549,8.69094","7.43613,8.70303","7.47676,8.69094","7.5174,8.71512","7.55803,8.71512","7.55803,8.71512","7.6393,8.72721","7.67994,8.72721","7.72057,8.72721","7.77136,8.72721","7.812,8.73929","7.82216,8.75138","7.90343,8.75138","7.95422,8.75138","7.99485,8.76347","8.04565,8.77556","8.08628,8.76347","8.09644,8.77556","8.17771,8.76347","8.21834,8.76347","8.26914,8.76347","8.31993,8.76347","8.37072,8.76347","8.37072,8.76347","8.47231,8.75138","8.53326,8.72721","8.58406,8.72721","8.64501,8.71512","8.70596,8.72721","8.70596,8.71512","8.80755,8.72721","8.85834,8.71512","8.90913,8.72721","8.94977,8.72721","9.00056,8.72721","9.00056,8.72721","9.09199,8.73929","9.13262,8.73929","9.18342,8.73929","9.23421,8.73929","9.285,8.73929","9.285,8.73929","9.38659,8.73929","9.43738,8.72721","9.49833,8.71512","9.55929,8.72721","9.61008,8.70303","9.61008,8.70303","9.71167,8.69094","9.76246,8.69094","9.81325,8.67886","9.86405,8.65468","9.91484,8.63051","9.91484,8.63051","10.0063,8.60633","10.0672,8.59424","10.118,8.58215","10.1688,8.55798","10.2196,8.54589","10.2298,8.55798","10.3313,8.52172","10.3923,8.5338","10.4431,8.52172","10.4939,8.5338","10.5447,8.5338","10.5447,8.5338","10.6361,8.54589","10.6869,8.55798","10.7377,8.55798","10.7783,8.57007","10.8291,8.58215","10.8393,8.58215","10.9205,8.58215","10.9815,8.59424","11.0323,8.60633","11.0831,8.61842","11.1339,8.63051","11.1339,8.61842","11.2253,8.63051","11.2761,8.63051","11.3269,8.63051","11.3675,8.63051","11.4183,8.61842","11.4183,8.63051","11.5097,8.61842","11.5504,8.61842","11.6012,8.60633","11.6418,8.59424","11.6926,8.59424","11.7028,8.59424","11.784,8.58215","11.845,8.57007","11.8958,8.58215","11.9364,8.57007","11.977,8.58215","11.9872,8.58215","12.0583,8.59424","12.1091,8.61842","12.1497,8.63051","12.1904,8.63051","12.2209,8.64259","12.231,8.65468","12.3021,8.66677","12.3428,8.69094","12.3732,8.70303","12.4139,8.70303","12.4545,8.72721",,,,,,,,,,,,,,,,,,,,,,,,,,,,,,,,,,,,,,,,,,,,,,,,,,,,,,,,,,,,,,,,,,,,,,,,,,,,,,,,,,,,,,,,,,,,,,,,,
"9.90468,7.13165","9.85389,7.14374","9.78278,7.15582","9.74214,7.15582","9.73198,7.15582","9.6304,7.15582","9.5796,7.16791","9.52881,7.16791","9.47802,7.16791","9.42722,7.16791","9.41707,7.16791","9.3358,7.15582","9.27484,7.13165","9.21389,7.11956","9.1631,7.13165","9.10215,7.11956","9.09199,7.11956","9.00056,7.11956","8.93961,7.11956","8.87866,7.11956","8.82786,7.13165","8.78723,7.13165","8.77707,7.13165","8.67548,7.14374","8.62469,7.16791","8.58406,7.16791","8.53326,7.18","8.47231,7.18","8.46215,7.18","8.37072,7.20418","8.30977,7.21626","8.24882,7.24044","8.19803,7.25253","8.14723,7.25253","8.13708,7.25253","8.06597,7.26461","8.00501,7.28879","7.96438,7.28879","7.92374,7.28879","7.88311,7.28879","7.87295,7.28879","7.80184,7.28879","7.75105,7.28879","7.71041,7.28879","7.65962,7.2767","7.60883,7.26461","7.60883,7.2767","7.52756,7.26461","7.48692,7.2767","7.44629,7.26461","7.40565,7.2767","7.37518,7.26461","7.35486,7.2767","7.29391,7.26461","7.25327,7.26461","7.21264,7.26461","7.18216,7.25253","7.15169,7.24044","7.14153,7.25253","7.08058,7.22835","7.0501,7.21626","7.00947,7.21626","6.97899,7.20418","6.95867,7.19209","6.95867,7.19209","6.90788,7.16791","6.86724,7.15582","6.83677,7.14374","6.82661,7.15582","6.79613,7.14374","6.79613,7.15582","6.7555,7.15582","6.73518,7.15582","6.71487,7.16791","6.69455,7.18","6.66407,7.18","6.65391,7.18","6.62344,7.19209","6.59296,7.22835","6.57264,7.24044","6.54217,7.26461","6.50153,7.28879","6.49137,7.28879","6.43042,7.30088","6.38979,7.31296","6.35931,7.32505","6.30852,7.31296","6.26788,7.32505","6.25773,7.32505","6.14598,7.31296","6.08503,7.31296","6.02408,7.31296","5.96313,7.32505","5.90217,7.31296","5.89201,7.32505","5.78027,7.33714","5.71932,7.34923","5.65837,7.33714","5.59741,7.33714","5.5263,7.34923","5.51614,7.33714","5.39424,7.33714","5.33329,7.33714","5.27234,7.33714","5.21139,7.33714","5.15043,7.33714","5.15043,7.33714","5.04885,7.32505","4.9879,7.31296","4.92694,7.31296","4.87615,7.31296","4.8152,7.31296","4.8152,7.30088","4.71361,7.28879","4.6425,7.2767","4.59171,7.26461","4.53076,7.25253","4.45965,7.24044","4.4698,7.24044","4.35806,7.22835","4.30727,7.21626","4.24631,7.22835","4.19552,7.22835","4.15489,7.22835","4.15489,7.22835","4.06346,7.21626","3.99235,7.24044","3.95171,7.24044","3.89076,7.24044","3.83997,7.25253","3.82981,7.24044","3.72822,7.25253","3.66727,7.24044","3.60632,7.25253","3.55553,7.25253","3.48442,7.25253","3.48442,7.25253","3.39299,7.25253","3.33204,7.25253","3.28124,7.25253","3.24061,7.25253","3.18981,7.24044","3.17966,7.25253","3.10855,7.22835","3.04759,7.21626","2.9968,7.21626","2.95617,7.21626","2.90537,7.20418","2.89521,7.19209","2.79363,7.18","2.73268,7.16791","2.67172,7.16791",,,,,,,,,,,,,,,,,,,,,,,,,,,,,,,,,,,,,,,,,,,,,,,,,,,,,,,,,,,,,,,,,,,,,,,,,,,,,,,,,,,,,,,,,,,,,,,,,,,,,,,,,,,,,,,,,,,,,,,,,,,,,,,,,
"9.67103,5.42731","9.62024,5.41522","9.56944,5.40313","9.52881,5.41522","9.51865,5.40313","9.42722,5.41522","9.37643,5.41522","9.31548,5.40313","9.26469,5.41522","9.20373,5.41522","9.20373,5.41522","9.09199,5.42731","9.03104,5.43939","8.97008,5.43939","8.91929,5.43939","8.8685,5.45148","8.85834,5.46357","8.75675,5.43939","8.71612,5.42731","8.66533,5.42731","8.62469,5.42731","8.5739,5.41522","8.5739,5.40313","8.48247,5.39104","8.43168,5.36687","8.38088,5.35478","8.33009,5.34269","8.26914,5.31852","8.26914,5.31852","8.16755,5.29434","8.11676,5.28226","8.06597,5.29434","8.02533,5.28226","7.97454,5.29434","7.97454,5.28226","7.88311,5.28226","7.83232,5.29434","7.79168,5.28226","7.74089,5.29434","7.6901,5.28226","7.6901,5.29434","7.59867,5.29434","7.53772,5.30643","7.48692,5.33061","7.43613,5.34269","7.38534,5.34269","7.38534,5.34269","7.28375,5.35478","7.2228,5.36687","7.172,5.35478","7.12121,5.36687","7.08058,5.34269","7.07042,5.34269","6.96883,5.33061","6.91804,5.33061","6.86724,5.31852","6.80629,5.29434","6.7555,5.28226","6.7555,5.29434","6.65391,5.25808","6.59296,5.25808","6.54217,5.25808","6.49137,5.25808","6.45074,5.25808","6.44058,5.25808","6.35931,5.27017","6.30852,5.25808","6.26788,5.28226","6.22725,5.28226","6.17646,5.28226","6.17646,5.28226","6.08503,5.30643","6.03424,5.31852","5.9936,5.31852","5.94281,5.33061","5.89201,5.35478","5.89201,5.35478","5.80059,5.36687","5.74979,5.36687","5.699,5.36687","5.65837,5.36687","5.60757,5.36687","5.60757,5.36687","5.51614,5.35478","5.46535,5.36687","5.41456,5.35478","5.36377,5.35478","5.31297,5.34269","5.31297,5.33061","5.21139,5.33061","5.16059,5.33061","5.1098,5.33061","5.05901,5.33061","5.01837,5.33061","5.00821,5.33061","4.9371,5.34269","4.88631,5.34269","4.84567,5.34269","4.79488,5.35478","4.74409,5.37896","4.74409,5.37896","4.65266,5.39104","4.59171,5.40313","4.54091,5.42731","4.47996,5.43939","4.42917,5.43939","4.41901,5.43939","4.31742,5.45148","4.26663,5.46357","4.21584,5.46357","4.16504,5.46357","4.11425,5.46357","4.11425,5.46357","4.02282,5.45148","3.97203,5.45148","3.9314,5.45148","3.8806,5.43939","3.82981,5.41522","3.82981,5.41522","3.78918,5.40313","3.74854,5.39104","3.69775,5.36687","3.65711,5.35478","3.60632,5.34269","3.60632,5.34269","3.52505,5.33061","3.47426,5.34269","3.43362,5.34269","3.39299,5.34269","3.34219,5.34269","3.34219,5.34269","3.25077,5.33061","3.18981,5.33061","3.12886,5.33061","3.07807,5.31852","3.01712,5.29434",,,,,,,,,,,,,,,,,,,,,,,,,,,,,,,,,,,,,,,,,,,,,,,,,,,,,,,,,,,,,,,,,,,,,,,,,,,,,,,,,,,,,,,,,,,,,,,,,,,,,,,,,,,,,,,,,,,,,,,,,,,,,,,,,,,,,,,,,,,,,,,,,
"10.9917,5.54818","10.951,5.54818","10.9104,5.54818","10.8698,5.54818","10.8698,5.54818","10.7783,5.54818","10.7275,5.54818","10.6869,5.54818","10.6361,5.56027","10.5853,5.56027","10.5853,5.56027","10.4939,5.58444","10.4431,5.58444","10.4025,5.59653","10.3618,5.59653","10.3212,5.60862","10.311,5.60862","10.2298,5.60862","10.179,5.59653","10.1383,5.59653","10.0977,5.59653","10.0469,5.59653","10.0469,5.59653","9.95547,5.58444","9.90468,5.58444","9.85389,5.57236","9.80309,5.57236","9.76246,5.56027","9.7523,5.56027","9.67103,5.56027","9.62024,5.56027","9.5796,5.56027","9.52881,5.56027","9.48818,5.56027","9.48818,5.56027","9.39675,5.54818","9.35611,5.54818","9.30532,5.54818","9.26469,5.54818","9.21389,5.54818","9.21389,5.54818","9.12246,5.54818","9.07167,5.54818","9.03104,5.54818","8.98024,5.54818","8.93961,5.54818","8.92945,5.54818","8.84818,5.53609","8.80755,5.53609","8.76691,5.52401","8.72628,5.52401","8.68564,5.51192","8.68564,5.51192","8.60437,5.49983","8.56374,5.48774","8.5231,5.47566","8.47231,5.47566","8.43168,5.46357","8.43168,5.46357","8.34025,5.43939","8.29961,5.42731","8.25898,5.41522","8.20819,5.40313","8.16755,5.39104","8.16755,5.39104","8.07612,5.37896","8.03549,5.37896","7.99485,5.36687","7.94406,5.36687","7.90343,5.35478","7.90343,5.35478","7.82216,5.34269","7.77136,5.33061","7.72057,5.33061","7.66978,5.33061","7.62914,5.33061","7.61898,5.33061","7.52756,5.33061","7.48692,5.33061","7.43613,5.33061","7.39549,5.33061","7.3447,5.33061","7.3447,5.33061","7.26343,5.31852","7.2228,5.31852","7.172,5.31852","7.13137,5.30643","7.09074,5.30643","7.09074,5.30643","6.99931,5.29434","6.94851,5.29434","6.90788,5.28226","6.85709,5.28226","6.80629,5.27017","6.80629,5.27017","6.71487,5.27017","6.66407,5.27017","6.61328,5.27017","6.57264,5.27017","6.52185,5.28226","6.52185,5.28226","6.43042,5.28226","6.37963,5.28226","6.339,5.29434","6.2882,5.29434","6.23741,5.29434","6.23741,5.29434","6.14598,5.30643","6.09519,5.31852","6.04439,5.33061","5.9936,5.34269","5.95297,5.34269","5.94281,5.34269","5.85138,5.35478","5.80059,5.36687","5.74979,5.36687","5.70916,5.36687","5.65837,5.37896","5.64821,5.37896","5.56694,5.37896","5.51614,5.37896","5.46535,5.37896","5.41456,5.37896","5.36377,5.36687","5.35361,5.36687","5.26218,5.36687","5.20123,5.36687","5.15043,5.36687","5.09964,5.36687","5.04885,5.37896","5.03869,5.37896","4.94726,5.39104","4.89647,5.39104","4.84567,5.40313","4.80504,5.40313","4.75425,5.40313","4.75425,5.40313","4.66282,5.41522","4.62218,5.42731","4.57139,5.42731","4.5206,5.43939","4.47996,5.45148","4.47996,5.45148","4.38854,5.47566","4.33774,5.47566","4.29711,5.48774","4.25647,5.49983","4.20568,5.49983","4.20568,5.49983","4.12441,5.49983","4.08378,5.51192","4.04314,5.51192","4.00251,5.51192","3.96187,5.51192","3.96187,5.51192","3.8806,5.51192","3.82981,5.51192","3.77902,5.51192","3.73838,5.49983","3.68759,5.49983","3.68759,5.49983","3.59616,5.51192","3.54537,5.51192","3.50473,5.51192","3.45394,5.51192","3.41331,5.51192","3.41331,5.51192","3.33204,5.52401","3.2914,5.52401","3.25077,5.52401","3.19997,5.53609","3.15934,5.53609","3.15934,5.53609","3.07807,5.54818","3.02728,5.56027","2.98664,5.57236",,,,,,,,,,,,,,,,,,,,,,,,,,,,,,,,,,,,,,,,,,,,,,,,,,,,,,,,,,,,,,,,,,,,,,,,,,,,,,,,,,,,,,,,,,,,,,,,,,,,,,,,,
"11.6215,6.4064","11.591,6.4064","11.5605,6.39431","11.5199,6.39431","11.5199,6.39431","11.459,6.39431","11.4285,6.39431","11.4082,6.39431","11.3675,6.39431","11.337,6.39431","11.3269,6.39431","11.2761,6.39431","11.2355,6.39431","11.1948,6.4064","11.1644,6.4064","11.1339,6.41848","11.1237,6.41848","11.0628,6.43057","11.0221,6.44266","10.9815,6.45475","10.951,6.45475","10.9104,6.46684","10.9104,6.46684","10.8494,6.47892","10.8088,6.47892","10.7783,6.47892","10.7478,6.47892","10.7072,6.47892","10.7072,6.47892","10.6361,6.47892","10.6056,6.46684","10.565,6.46684","10.5244,6.45475","10.4837,6.45475","10.4837,6.45475","10.4126,6.43057","10.3821,6.43057","10.3313,6.43057","10.311,6.41848","10.2704,6.41848","10.2704,6.41848","10.2094,6.41848","10.1688,6.41848","10.1383,6.41848","10.0977,6.4064","10.0672,6.41848","10.0672,6.41848","10.0164,6.41848","9.96563,6.41848","9.93516,6.41848","9.89452,6.43057","9.86405,6.44266","9.86405,6.44266","9.79293,6.45475","9.74214,6.46684","9.71167,6.47892","9.67103,6.49101","9.6304,6.49101","9.6304,6.49101","9.56944,6.5031","9.53897,6.5031","9.51865,6.5031","9.49833,6.5031","9.46786,6.5031","9.4577,6.5031","9.42722,6.5031","9.38659,6.5031","9.36627,6.5031","9.34595,6.49101","9.32564,6.49101","9.32564,6.49101","9.27484,6.47892","9.25453,6.46684","9.23421,6.45475","9.21389,6.45475","9.18342,6.45475","9.17326,6.45475","9.13262,6.44266","9.11231,6.44266","9.09199,6.44266","9.07167,6.45475","9.0412,6.45475","9.03104,6.45475","9.00056,6.46684","8.97008,6.47892","8.95993,6.47892","8.92945,6.49101","8.91929,6.5031","8.90913,6.5031","8.87866,6.52727","8.85834,6.55145","8.83802,6.56354","8.8177,6.57562","8.79739,6.58771","8.79739,6.58771","8.76691,6.62397","8.75675,6.63606","8.73644,6.64815","8.71612,6.67232","8.70596,6.68441","8.70596,6.68441","8.68564,6.70859","8.67548,6.72067","8.64501,6.73276","8.64501,6.74485","8.62469,6.74485","8.62469,6.74485","8.59421,6.76902","8.5739,6.76902","8.55358,6.78111","8.54342,6.7932","8.54342,6.80529","8.54342,6.80529","8.5231,6.81737","8.50279,6.82946","8.49263,6.84155","8.47231,6.85364","8.46215,6.86572","8.47231,6.86572","8.44184,6.87781","8.44184,6.87781","8.43168,6.8899","8.41136,6.90199","8.39104,6.90199","8.39104,6.90199","8.36057,6.91407","8.34025,6.92616","8.31993,6.92616","8.29961,6.92616","8.26914,6.92616","8.25898,6.92616","8.21834,6.91407","8.18787,6.91407","8.13708,6.90199","8.11676,6.90199","8.07612,6.8899","8.07612,6.8899","8.01517,6.87781","7.97454,6.86572","7.94406,6.85364","7.90343,6.85364","7.87295,6.84155","7.87295,6.84155","7.812,6.82946","7.77136,6.82946","7.74089,6.82946","7.6901,6.82946","7.66978,6.82946","7.65962,6.82946","7.57835,6.82946","7.53772,6.82946","7.49708,6.82946","7.4666,6.84155","7.43613,6.84155","7.42597,6.84155","7.35486,6.85364","7.29391,6.85364","7.25327,6.85364","7.21264,6.85364","7.172,6.85364","7.16185,6.85364","7.10089,6.84155","7.06026,6.82946","7.01962,6.81737","6.97899,6.80529","6.93836,6.7932","6.93836,6.7932","6.8774,6.75694","6.83677,6.73276","6.79613,6.72067","6.7555,6.70859","6.71487,6.6965","6.71487,6.6965","6.64375,6.68441","6.59296,6.67232","6.56249,6.67232","6.51169,6.66024","6.47106,6.64815","6.47106,6.64815","6.38979,6.63606","6.339,6.63606","6.2882,6.63606","6.24757,6.63606","6.19677,6.63606","6.18662,6.63606","6.10535,6.64815","6.05455,6.64815","6.00376,6.64815","5.96313,6.64815","5.92249,6.64815","5.91233,6.64815","5.8209,6.63606","5.79043,6.63606","5.72948,6.62397","5.68884,6.61189","5.63805,6.5998","5.64821,6.5998","5.55678,6.57562","5.50599,6.56354","5.44503,6.55145","5.39424,6.53936","5.35361,6.52727","5.35361,6.52727","5.27234,6.51519","5.22154,6.5031","5.17075,6.5031","5.13012,6.5031","5.07932,6.5031","5.06916,6.5031","4.99805,6.5031","4.94726,6.5031","4.90663,6.5031","4.85583,6.5031","4.80504,6.5031","4.8152,6.5031","4.71361,6.5031","4.66282,6.5031","4.63234,6.51519","4.57139,6.51519","4.53076,6.51519","4.5206,6.51519","4.44949,6.5031","4.39869,6.5031","4.35806,6.49101","4.31742,6.49101","4.27679,6.47892","4.27679,6.47892","4.19552,6.45475","4.15489,6.44266","4.11425,6.43057","4.06346,6.41848","4.01267,6.4064","4.01267,6.4064","3.94155,6.39431","3.8806,6.39431","3.83997,6.39431","3.78918,6.39431","3.7587,6.39431","3.74854,6.39431","3.66727,6.38222","3.62664,6.38222","3.57584,6.38222","3.52505,6.38222","3.49457,6.38222","3.48442,6.38222","3.41331,6.39431","3.35235,6.4064","3.31172,6.41848","3.26093,6.41848","3.23045,6.43057","3.22029,6.43057","3.14918,6.43057","3.09839,6.44266","3.05775,6.44266","3.01712,6.44266","2.97648,6.44266","2.96632,6.44266","2.88506,6.43057","2.84442,6.43057","2.79363,6.41848","2.75299,6.41848","2.71236,6.4064",,,,,,,,,,,,,,,,,,,
"10.6056,7.92943","10.5548,7.94152","10.504,7.94152","10.4532,7.94152","10.4532,7.94152","10.3517,7.9536","10.3009,7.9536","10.2602,7.96569","10.2094,7.96569","10.1688,7.9536","10.1586,7.9536","10.0774,7.9536","10.0266,7.94152","9.97579,7.94152","9.925,7.92943","9.88436,7.92943","9.8742,7.92943","9.78278,7.91734","9.73198,7.91734","9.68119,7.91734","9.6304,7.91734","9.58976,7.92943","9.58976,7.92943","9.50849,7.92943","9.46786,7.94152","9.41707,7.94152","9.37643,7.94152","9.3358,7.94152","9.3358,7.94152","9.24437,7.9536","9.19357,7.9536","9.14278,7.96569","9.09199,7.97778","9.0412,7.98987","9.0412,7.98987","8.95993,8.00195","8.90913,8.01404","8.85834,8.01404","8.8177,8.01404","8.77707,8.02613","8.77707,8.02613","8.68564,8.02613","8.63485,8.02613","8.59421,8.02613","8.54342,8.02613","8.50279,8.02613","8.50279,8.02613","8.4012,8.03822","8.36057,8.03822","8.30977,8.03822","8.25898,8.0503","8.21834,8.06239","8.20819,8.06239","8.12692,8.07448","8.07612,8.07448","8.03549,8.08657","7.99485,8.08657","7.94406,8.08657","7.94406,8.08657","7.86279,8.08657","7.812,8.08657","7.76121,8.09865","7.71041,8.09865","7.65962,8.11074","7.65962,8.11074","7.55803,8.147","7.49708,8.147","7.44629,8.15909","7.40565,8.15909","7.35486,8.15909","7.35486,8.15909","7.26343,8.15909","7.21264,8.15909","7.16185,8.147","7.10089,8.147","7.0501,8.147","7.03994,8.147","6.93836,8.12283","6.8774,8.12283","6.81645,8.11074","6.76566,8.12283","6.70471,8.12283","6.70471,8.12283","6.61328,8.13492","6.56249,8.13492","6.51169,8.147","6.47106,8.147","6.42026,8.15909","6.42026,8.15909","6.32884,8.17118","6.27804,8.17118","6.22725,8.17118","6.18662,8.18327","6.13582,8.18327","6.12566,8.18327","6.03424,8.19535","5.97328,8.19535","5.92249,8.19535","5.8717,8.19535","5.83106,8.19535","5.8209,8.19535","5.73964,8.18327","5.699,8.18327","5.64821,8.18327","5.59741,8.17118","5.54662,8.15909","5.54662,8.15909","5.44503,8.15909","5.37392,8.147","5.31297,8.13492","5.25202,8.13492","5.20123,8.13492","5.20123,8.13492","5.09964,8.13492","5.04885,8.13492","5.01837,8.147","4.96758,8.147","4.92694,8.147","4.92694,8.147","4.84567,8.13492","4.79488,8.13492","4.75425,8.13492","4.71361,8.13492","4.66282,8.13492","4.66282,8.13492","4.57139,8.13492","4.53076,8.13492","4.49012,8.13492","4.43933,8.12283","4.40885,8.12283","4.39869,8.12283","4.32758,8.11074","4.28695,8.09865","4.24631,8.09865","4.20568,8.08657","4.15489,8.08657","4.15489,8.08657","4.07362,8.06239","4.02282,8.06239","3.97203,8.0503","3.92124,8.0503","3.8806,8.03822","3.8806,8.03822","3.78918,8.03822","3.74854,8.03822","3.70791,8.0503","3.66727,8.0503","3.62664,8.0503","3.62664,8.0503","3.54537,8.03822","3.50473,8.03822","3.4641,8.02613","3.42346,8.02613","3.38283,8.02613","3.38283,8.02613","3.30156,8.03822","3.25077,8.03822","3.21013,8.03822","3.1695,8.03822","3.1187,8.03822","3.1187,8.03822","3.04759,8.03822","2.9968,8.02613","2.95617,8.01404","2.91553,8.00195","2.8749,8.00195",,,,,,,,,,,,,,,,,,,,,,,,,,,,,,,,,,,,,,,,,,,,,,,,,,,,,,,,,,,,,,,,,,,,,,,,,,,,,,,,,,,,,,,,,,,,,,,,,,,,,,,,,,,,,,,,,,,
"11.4285,7.30088","11.3878,7.30088","11.3472,7.30088","11.3066,7.30088","11.3066,7.30088","11.2253,7.28879","11.1745,7.28879","11.1237,7.2767","11.0729,7.26461","11.0221,7.26461","11.0221,7.26461","10.9409,7.25253","10.8901,7.22835","10.8494,7.22835","10.8088,7.22835","10.7682,7.22835","10.758,7.22835","10.6869,7.22835","10.6361,7.24044","10.5955,7.25253","10.5548,7.24044","10.504,7.25253","10.504,7.24044","10.4126,7.26461","10.3618,7.26461","10.311,7.2767","10.2602,7.2767","10.2094,7.2767","10.2094,7.2767","10.1282,7.2767","10.0774,7.2767","10.0367,7.2767","9.99611,7.2767","9.95547,7.2767","9.94531,7.2767","9.8742,7.25253","9.82341,7.24044","9.77262,7.24044","9.72182,7.22835","9.67103,7.20418","9.67103,7.20418","9.5796,7.18","9.53897,7.18","9.49833,7.16791","9.4577,7.18","9.41707,7.16791","9.40691,7.18","9.3358,7.16791","9.29516,7.18","9.25453,7.16791","9.21389,7.19209","9.17326,7.19209","9.1631,7.19209","9.08183,7.20418","9.03104,7.20418","8.98024,7.21626","8.93961,7.22835","8.88882,7.24044","8.88882,7.25253","8.80755,7.25253","8.76691,7.25253","8.72628,7.25253","8.68564,7.26461","8.64501,7.2767","8.64501,7.26461","8.5739,7.26461","8.53326,7.26461","8.48247,7.26461","8.44184,7.25253","8.4012,7.22835","8.39104,7.22835","8.30977,7.21626","8.26914,7.21626","8.2285,7.21626","8.18787,7.20418","8.14723,7.19209","8.14723,7.20418","8.07612,7.19209","8.03549,7.20418","7.99485,7.19209","7.96438,7.20418","7.92374,7.19209","7.92374,7.19209","7.85263,7.20418","7.82216,7.19209","7.77136,7.20418","7.73073,7.20418","7.6901,7.20418","7.6901,7.20418","7.61898,7.21626","7.56819,7.24044","7.52756,7.24044","7.48692,7.24044","7.45645,7.25253","7.45645,7.24044","7.39549,7.25253","7.35486,7.24044","7.31423,7.24044","7.28375,7.24044","7.24311,7.22835","7.24311,7.22835","7.172,7.20418","7.12121,7.19209","7.07042,7.19209","7.02978,7.18","6.98915,7.16791","6.97899,7.16791","6.89772,7.16791","6.85709,7.16791","6.81645,7.15582","6.77582,7.15582","6.73518,7.15582","6.72502,7.15582","6.65391,7.15582","6.60312,7.15582","6.56249,7.15582","6.51169,7.15582","6.4609,7.16791","6.4609,7.18","6.36947,7.18","6.30852,7.19209","6.26788,7.20418","6.21709,7.20418","6.17646,7.20418","6.1663,7.20418","6.08503,7.21626","6.03424,7.22835","5.9936,7.21626","5.94281,7.21626","5.90217,7.21626","5.89201,7.21626","5.81075,7.20418","5.75995,7.18","5.70916,7.18","5.65837,7.16791","5.60757,7.16791","5.59741,7.16791","5.51614,7.16791","5.46535,7.16791","5.42472,7.16791","5.37392,7.16791","5.33329,7.16791","5.32313,7.16791","5.24186,7.16791","5.19107,7.16791","5.15043,7.18","5.09964,7.18","5.04885,7.18","5.04885,7.18","4.95742,7.19209","4.90663,7.21626","4.85583,7.21626","4.80504,7.22835","4.76441,7.21626","4.75425,7.22835","4.67298,7.21626","4.63234,7.22835","4.58155,7.21626","4.54091,7.22835","4.50028,7.21626","4.49012,7.21626","4.40885,7.20418","4.35806,7.19209","4.30727,7.18","4.25647,7.16791","4.21584,7.16791","4.20568,7.16791","4.12441,7.16791","4.08378,7.16791","4.04314,7.16791","3.99235,7.16791","3.95171,7.16791","3.94155,7.16791","3.87044,7.16791","3.82981,7.18","3.77902,7.16791","3.73838,7.18","3.68759,7.18","3.68759,7.18","3.60632,7.19209","3.55553,7.20418","3.51489,7.20418","3.47426,7.20418","3.43362,7.20418","3.42346,7.20418","3.36251,7.21626","3.31172,7.21626","3.27108,7.21626","3.23045,7.21626","3.18981,7.21626","3.18981,7.21626","3.10855,7.20418","3.05775,7.19209","3.01712,7.19209","2.97648,7.18","2.92569,7.16791","2.91553,7.16791","2.84442,7.16791","2.80379,7.16791",,,,,,,,,,,,,,,,,,,,,,,,,,,,,,,,,,,,,,,,,,,,,,,,,,,,,,,,,,,,,,,,,,,,,,,,,,,,,,,,,,
"11.6621,8.57007","11.6215,8.57007","11.5809,8.57007","11.5402,8.57007","11.5402,8.57007","11.4488,8.58215","11.4082,8.58215","11.3574,8.58215","11.3167,8.59424","11.2761,8.60633","11.2761,8.59424","11.205,8.60633","11.1542,8.59424","11.1136,8.60633","11.0729,8.59424","11.0424,8.59424","11.0323,8.59424","10.9612,8.58215","10.9104,8.55798","10.8698,8.55798","10.8291,8.54589","10.7783,8.54589","10.7783,8.54589","10.6971,8.52172","10.6463,8.52172","10.6056,8.50963","10.5548,8.49754","10.5142,8.50963","10.5142,8.49754","10.4329,8.49754","10.3923,8.49754","10.3517,8.49754","10.311,8.49754","10.2704,8.49754","10.2704,8.49754","10.1891,8.49754","10.1383,8.49754","10.0977,8.50963","10.0571,8.49754","10.0063,8.52172","10.0063,8.52172","9.91484,8.5338","9.86405,8.5338","9.82341,8.5338","9.78278,8.5338","9.74214,8.5338","9.74214,8.5338","9.67103,8.5338","9.6304,8.5338","9.58976,8.52172","9.54913,8.5338","9.50849,8.50963","9.50849,8.50963","9.43738,8.49754","9.39675,8.49754","9.35611,8.48545","9.31548,8.46128","9.27484,8.44919","9.27484,8.46128","9.18342,8.42502","9.14278,8.42502","9.10215,8.41293","9.06151,8.40084","9.03104,8.40084","9.02088,8.40084","8.94977,8.38875","8.90913,8.37667","8.87866,8.37667","8.83802,8.37667","8.80755,8.36458","8.79739,8.35249","8.72628,8.35249","8.68564,8.35249","8.64501,8.35249","8.60437,8.35249","8.56374,8.35249","8.56374,8.35249","8.48247,8.35249","8.44184,8.35249","8.4012,8.35249","8.37072,8.35249","8.33009,8.3404","8.33009,8.32832","8.26914,8.3404","8.2285,8.31623","8.18787,8.31623","8.15739,8.30414","8.12692,8.30414","8.11676,8.30414","8.05581,8.27997","8.01517,8.26788","7.97454,8.2437","7.94406,8.23162","7.90343,8.23162","7.89327,8.23162","7.82216,8.21953","7.78152,8.19535","7.74089,8.18327","7.71041,8.19535","7.66978,8.18327","7.66978,8.19535","7.59867,8.17118","7.55803,8.17118","7.5174,8.17118","7.47676,8.17118","7.43613,8.17118","7.43613,8.17118","7.35486,8.18327","7.30407,8.19535","7.26343,8.19535","7.21264,8.19535","7.16185,8.20744","7.16185,8.21953","7.07042,8.21953","7.01962,8.21953","6.97899,8.23162","6.9282,8.2437","6.88756,8.2437","6.88756,8.2437","6.80629,8.25579","6.76566,8.26788","6.72502,8.26788","6.68439,8.26788","6.64375,8.26788","6.6336,8.26788","6.56249,8.27997","6.51169,8.29205","6.47106,8.29205","6.42026,8.29205","6.36947,8.29205","6.36947,8.29205","6.26788,8.30414","6.21709,8.31623","6.1663,8.30414","6.11551,8.31623","6.07487,8.31623","6.06471,8.31623","5.98344,8.32832","5.94281,8.3404","5.89201,8.3404","5.85138,8.35249","5.81075,8.36458","5.80059,8.35249","5.71932,8.36458","5.66852,8.36458","5.62789,8.37667","5.5771,8.38875","5.5263,8.38875","5.5263,8.38875","5.42472,8.40084","5.37392,8.42502","5.32313,8.4371","5.2825,8.4371","5.2317,8.4371","5.2317,8.4371","5.14027,8.44919","5.09964,8.46128","5.04885,8.44919","5.00821,8.46128","4.96758,8.44919","4.95742,8.44919","4.87615,8.4371","4.82536,8.42502","4.77456,8.42502","4.72377,8.41293","4.67298,8.38875","4.66282,8.38875","4.57139,8.37667","4.5206,8.38875","4.4698,8.38875","4.41901,8.38875","4.36822,8.38875","4.36822,8.38875","4.28695,8.38875","4.24631,8.38875","4.19552,8.38875","4.15489,8.38875","4.10409,8.38875","4.10409,8.38875","4.02282,8.40084","3.97203,8.41293","3.92124,8.41293","3.87044,8.42502","3.81965,8.4371","3.81965,8.42502","3.72822,8.46128","3.67743,8.44919","3.6368,8.46128","3.586,8.44919","3.54537,8.46128","3.54537,8.44919","3.4641,8.46128","3.42346,8.44919","3.37267,8.44919","3.33204,8.44919","3.2914,8.4371","3.28124,8.42502","3.19997,8.41293","3.14918,8.38875","3.08823,8.37667","3.04759,8.38875","2.9968,8.37667","2.9968,8.38875","2.90537,8.37667","2.85458,8.38875",,,,,,,,,,,,,,,,,,,,,,,,,,,,,,,,,,,,,,,,,,,,,,,,,,,,,,,,,,,,,,,,,,,,,,,,,,,,
"12.0888,7.92943","12.0482,7.91734","12.0075,7.91734","11.9669,7.91734","11.9669,7.91734","11.8856,7.89316","11.8348,7.88108","11.8043,7.86899","11.7536,7.86899","11.7231,7.86899","11.7129,7.86899","11.652,7.8569","11.6113,7.84481","11.5707,7.8569","11.5402,7.84481","11.4894,7.84481","11.4894,7.84481","11.4183,7.83273","11.3675,7.82064","11.337,7.83273","11.2863,7.82064","11.2558,7.83273","11.2456,7.82064","11.1745,7.84481","11.1237,7.84481","11.0932,7.84481","11.0424,7.84481","11.012,7.84481","11.0018,7.84481","10.9409,7.84481","10.9002,7.84481","10.8698,7.84481","10.819,7.83273","10.7885,7.82064","10.7783,7.83273","10.7174,7.79646","10.6767,7.79646","10.6361,7.78438","10.5955,7.7602","10.5548,7.74811","10.5548,7.7602","10.4837,7.73603","10.4329,7.72394","10.4025,7.73603","10.3618,7.71185","10.3212,7.71185","10.3212,7.71185","10.2501,7.71185","10.2196,7.71185","10.179,7.71185","10.1485,7.71185","10.118,7.71185","10.1079,7.71185","10.0469,7.71185","10.0164,7.71185","9.96563,7.71185","9.93516,7.72394","9.89452,7.73603","9.89452,7.72394","9.82341,7.74811","9.80309,7.74811","9.77262,7.74811","9.73198,7.7602","9.70151,7.74811","9.70151,7.74811","9.65071,7.74811","9.61008,7.73603","9.5796,7.72394","9.55929,7.72394","9.52881,7.71185","9.51865,7.69976","9.4577,7.67559","9.41707,7.6635","9.38659,7.62724","9.34595,7.61515","9.30532,7.59098","9.30532,7.59098","9.24437,7.5668","9.20373,7.55471","9.17326,7.54263","9.14278,7.51845","9.10215,7.50636","9.10215,7.51845","9.0412,7.48219","9.01072,7.48219","8.98024,7.4701","8.93961,7.44593","8.90913,7.44593","8.90913,7.44593","8.83802,7.42175","8.79739,7.40966","8.75675,7.42175","8.71612,7.40966","8.67548,7.40966","8.67548,7.40966","8.60437,7.40966","8.5739,7.39758","8.53326,7.38549","8.50279,7.39758","8.47231,7.3734","8.46215,7.3734","8.41136,7.36131","8.37072,7.36131","8.34025,7.34923","8.30977,7.33714","8.26914,7.32505","8.25898,7.32505","8.19803,7.30088","8.16755,7.28879","8.11676,7.2767","8.08628,7.25253","8.03549,7.24044","8.04565,7.25253","7.95422,7.21626","7.91359,7.21626","7.88311,7.21626","7.83232,7.20418","7.79168,7.19209","7.79168,7.20418","7.72057,7.18","7.65962,7.18","7.61898,7.16791","7.57835,7.18","7.52756,7.16791","7.53772,7.16791","7.43613,7.18","7.38534,7.16791","7.3447,7.18","7.29391,7.18","7.24311,7.18","7.24311,7.18","7.16185,7.18","7.12121,7.18","7.07042,7.18","7.01962,7.18","6.98915,7.18","6.97899,7.18","6.90788,7.16791","6.85709,7.18","6.81645,7.16791","6.76566,7.16791","6.71487,7.16791","6.71487,7.16791","6.6336,7.14374","6.57264,7.13165","6.53201,7.11956","6.48122,7.13165","6.42026,7.11956","6.42026,7.13165","6.32884,7.11956","6.29836,7.13165","6.23741,7.11956","6.19677,7.14374","6.15614,7.14374","6.15614,7.14374","6.07487,7.14374","6.02408,7.15582","5.98344,7.14374","5.94281,7.16791","5.89201,7.16791","5.88186,7.16791","5.80059,7.19209","5.74979,7.20418","5.699,7.20418","5.65837,7.20418","5.61773,7.21626","5.61773,7.22835","5.53646,7.22835","5.48567,7.22835","5.43488,7.22835","5.4044,7.22835","5.35361,7.22835","5.35361,7.22835","5.27234,7.22835","5.22154,7.22835","5.17075,7.22835","5.13012,7.21626","5.07932,7.22835","5.06916,7.21626","4.9879,7.21626","4.9371,7.21626","4.88631,7.21626","4.84567,7.21626","4.80504,7.21626","4.80504,7.21626","4.72377,7.22835","4.68314,7.20418","4.6425,7.21626","4.60187,7.22835","4.56123,7.21626","4.55107,7.22835","4.4698,7.22835","4.42917,7.24044","4.37838,7.25253","4.3479,7.25253","4.29711,7.26461","4.29711,7.2767","4.226,7.2767","4.16504,7.28879","4.12441,7.30088","4.08378,7.30088","4.04314,7.30088","4.04314,7.31296","3.97203,7.32505","3.94155,7.31296","3.89076,7.32505","3.86029,7.31296","3.81965,7.32505","3.80949,7.31296","3.74854,7.32505","3.70791,7.31296","3.66727,7.31296","3.62664,7.31296","3.586,7.31296","3.57584,7.31296","3.48442,7.30088","3.45394,7.28879","3.40315,7.30088","3.36251,7.28879","3.32188,7.30088","3.32188,7.28879","3.25077,7.31296","3.19997,7.31296","3.1695,7.32505","3.12886,7.31296","3.08823,7.33714",,,,,,,,,,,,,,,,,,,,,,,,,,,,,,,,,,,,,,,,,,,,,,,,,,,,,,,
"12.7593,8.48545","12.7186,8.48545","12.6881,8.48545","12.6577,8.48545","12.6475,8.48545","12.5866,8.47337","12.5459,8.48545","12.5053,8.46128","12.4647,8.44919","12.424,8.44919","12.424,8.44919","12.3428,8.42502","12.292,8.41293","12.2412,8.38875","12.2005,8.37667","12.1599,8.37667","12.1497,8.37667","12.0583,8.35249","12.0177,8.35249","11.977,8.35249","11.9364,8.35249","11.8958,8.35249","11.8958,8.35249","11.8247,8.35249","11.7637,8.35249","11.7231,8.35249","11.6723,8.35249","11.6418,8.35249","11.6316,8.35249","11.5504,8.35249","11.4996,8.36458","11.4488,8.36458","11.4082,8.36458","11.3675,8.37667","11.3574,8.38875","11.2761,8.38875","11.2355,8.38875","11.1948,8.40084","11.1542,8.41293","11.1136,8.40084","11.1136,8.41293","11.0323,8.40084","10.9917,8.40084","10.951,8.40084","10.9104,8.38875","10.8698,8.37667","10.8596,8.38875","10.7885,8.35249","10.7275,8.36458","10.6869,8.3404","10.6361,8.3404","10.6056,8.32832","10.5955,8.3404","10.5142,8.32832","10.4736,8.32832","10.4329,8.32832","10.3923,8.32832","10.3517,8.32832","10.3517,8.32832","10.2805,8.32832","10.2298,8.32832","10.1891,8.32832","10.1485,8.3404","10.1079,8.32832","10.1079,8.3404","10.0266,8.3404","9.97579,8.35249","9.925,8.37667","9.88436,8.38875","9.84373,8.37667","9.84373,8.38875","9.76246,8.38875","9.72182,8.38875","9.68119,8.40084","9.64056,8.41293","9.61008,8.40084","9.59992,8.41293","9.52881,8.40084","9.47802,8.41293","9.44754,8.38875","9.40691,8.38875","9.36627,8.37667","9.36627,8.38875","9.29516,8.36458","9.26469,8.36458","9.22405,8.36458","9.18342,8.36458","9.15294,8.36458","9.15294,8.36458","9.09199,8.35249","9.05135,8.36458","9.01072,8.36458","8.98024,8.36458","8.93961,8.36458","8.92945,8.36458","8.87866,8.37667","8.83802,8.38875","8.79739,8.38875","8.76691,8.38875","8.74659,8.38875","8.74659,8.38875","8.67548,8.38875","8.63485,8.38875","8.59421,8.38875","8.56374,8.37667","8.53326,8.37667","8.5231,8.37667","8.46215,8.35249","8.42152,8.3404","8.38088,8.31623","8.34025,8.30414","8.30977,8.30414","8.29961,8.30414","8.23866,8.29205","8.19803,8.27997","8.16755,8.29205","8.12692,8.27997","8.08628,8.27997","8.08628,8.27997","8.02533,8.27997","7.9847,8.27997","7.94406,8.29205","7.91359,8.29205","7.87295,8.29205","7.87295,8.29205","7.80184,8.31623","7.75105,8.32832","7.71041,8.35249","7.66978,8.36458","7.6393,8.36458","7.61898,8.36458","7.54787,8.36458","7.5174,8.37667","7.47676,8.38875","7.43613,8.37667","7.39549,8.38875","7.38534,8.37667","7.32438,8.37667","7.28375,8.37667","7.24311,8.36458","7.20248,8.35249","7.16185,8.35249","7.15169,8.35249","7.06026,8.32832","7.00947,8.31623","6.95867,8.29205","6.91804,8.27997","6.86724,8.29205","6.85709,8.27997","6.78598,8.27997","6.73518,8.27997","6.69455,8.26788","6.65391,8.25579","6.61328,8.26788","6.60312,8.25579","6.51169,8.25579","6.47106,8.25579","6.43042,8.25579","6.37963,8.25579","6.32884,8.25579","6.32884,8.25579","6.23741,8.26788","6.17646,8.25579","6.12566,8.26788","6.08503,8.26788","6.03424,8.27997","6.02408,8.27997","5.94281,8.29205","5.89201,8.29205","5.83106,8.29205","5.78027,8.29205","5.73964,8.29205","5.73964,8.29205","5.64821,8.29205","5.58726,8.27997","5.53646,8.27997","5.49583,8.26788","5.44503,8.25579","5.43488,8.26788","5.34345,8.23162","5.27234,8.23162","5.2317,8.23162","5.18091,8.21953","5.11996,8.20744","5.11996,8.21953","5.02853,8.20744","4.97774,8.20744","4.92694,8.20744","4.87615,8.20744","4.82536,8.20744","4.82536,8.20744","4.73393,8.20744","4.68314,8.20744","4.63234,8.21953","4.57139,8.20744","4.5206,8.23162","4.5206,8.23162","4.42917,8.2437","4.36822,8.23162","4.31742,8.2437","4.27679,8.2437","4.226,8.2437","4.21584,8.25579","4.13457,8.26788","4.08378,8.26788","4.03298,8.26788","3.99235,8.26788","3.95171,8.26788","3.95171,8.26788","3.87044,8.25579","3.81965,8.25579","3.76886,8.25579","3.71806,8.2437","3.66727,8.23162","3.66727,8.23162","3.57584,8.21953","3.51489,8.20744","3.47426,8.21953","3.42346,8.20744","3.39299,8.21953","3.37267,8.20744","3.2914,8.20744","3.24061,8.20744","3.21013,8.20744","3.15934,8.20744","3.1187,8.20744",,,,,,,,,,,,,,,,,,,,,,,,,,,,,,,,,,,,,,,,,,,,,,,,,,,,,,,
"12.4443,6.81737","12.4037,6.82946","12.3631,6.84155","12.3224,6.85364","12.3224,6.86572","12.231,6.87781","12.1802,6.91407","12.1396,6.92616","12.0888,6.95034","12.038,6.96242","12.038,6.95034","11.9567,6.97451","11.9059,6.9866","11.8551,6.9866","11.8247,6.9866","11.7739,6.9866","11.7739,6.9866","11.6926,6.97451","11.6418,6.9866","11.591,6.96242","11.5504,6.96242","11.5097,6.95034","11.4996,6.96242","11.4183,6.93825","11.3675,6.93825","11.337,6.93825","11.2863,6.93825","11.2558,6.95034","11.2456,6.96242","11.1847,6.95034","11.144,6.97451","11.1136,6.9866","11.0628,6.9866","11.0323,6.99869","11.0221,7.01077","10.9612,7.03495","10.9205,7.05912","10.8799,7.0833","10.8393,7.09539","10.7986,7.11956","10.7986,7.11956","10.7275,7.14374","10.6767,7.15582","10.6463,7.15582","10.6056,7.15582","10.5752,7.16791","10.5752,7.18","10.5142,7.16791","10.4837,7.16791","10.4329,7.15582","10.4025,7.14374","10.3618,7.14374","10.3517,7.14374","10.2907,7.11956","10.2501,7.11956","10.2094,7.10747","10.1688,7.09539","10.1282,7.10747","10.1282,7.09539","10.0672,7.10747","10.0367,7.09539","9.99611,7.10747","9.96563,7.10747","9.94531,7.10747","9.93516,7.10747","9.8742,7.11956","9.84373,7.14374","9.81325,7.15582","9.77262,7.15582","9.74214,7.18","9.74214,7.18","9.68119,7.21626","9.64056,7.24044","9.61008,7.25253","9.56944,7.25253","9.53897,7.26461","9.53897,7.2767","9.48818,7.2767","9.44754,7.2767","9.42722,7.2767","9.40691,7.2767","9.38659,7.26461","9.37643,7.2767","9.35611,7.24044","9.3358,7.24044","9.30532,7.22835","9.27484,7.21626","9.26469,7.21626","9.25453,7.21626","9.21389,7.20418","9.19357,7.19209","9.17326,7.19209","9.1631,7.19209","9.13262,7.18","9.14278,7.16791","9.10215,7.16791","9.08183,7.16791","9.06151,7.16791","9.05135,7.16791","9.03104,7.16791","9.03104,7.16791","8.9904,7.16791","8.97008,7.18","8.93961,7.18","8.89897,7.18","8.8685,7.19209","8.87866,7.20418","8.82786,7.21626","8.80755,7.22835","8.78723,7.22835","8.76691,7.22835","8.75675,7.22835","8.74659,7.22835","8.72628,7.22835","8.71612,7.22835","8.6958,7.22835","8.68564,7.21626","8.67548,7.22835","8.67548,7.21626","8.65517,7.21626","8.64501,7.20418","8.64501,7.19209","8.63485,7.19209","8.61453,7.19209","8.61453,7.19209","8.58406,7.19209","8.5739,7.20418","8.55358,7.19209","8.53326,7.20418","8.51295,7.20418","8.51295,7.20418","8.47231,7.21626","8.45199,7.24044","8.42152,7.25253","8.4012,7.26461","8.38088,7.28879","8.38088,7.28879","8.33009,7.31296","8.29961,7.33714","8.2793,7.34923","8.24882,7.34923","8.21834,7.34923","8.21834,7.34923","8.16755,7.36131","8.11676,7.3734","8.09644,7.3734","8.05581,7.3734","8.01517,7.3734","8.01517,7.3734","7.9339,7.38549","7.88311,7.39758","7.82216,7.38549","7.77136,7.39758","7.73073,7.39758","7.73073,7.39758","7.64946,7.40966","7.60883,7.43384","7.56819,7.44593","7.52756,7.44593","7.48692,7.45801","7.47676,7.4701","7.39549,7.48219","7.3447,7.50636","7.30407,7.53054","7.26343,7.55471","7.21264,7.57889","7.20248,7.57889","7.11105,7.62724","7.03994,7.65141","6.99931,7.67559","6.94851,7.68768","6.89772,7.68768","6.89772,7.68768","6.81645,7.71185","6.76566,7.71185","6.70471,7.72394","6.65391,7.72394","6.61328,7.73603","6.61328,7.72394","6.52185,7.73603","6.45074,7.72394","6.41011,7.72394","6.35931,7.72394","6.29836,7.73603","6.2882,7.72394","6.21709,7.74811","6.15614,7.74811","6.10535,7.7602","6.07487,7.7602","6.02408,7.7602","6.02408,7.7602","5.94281,7.78438","5.89201,7.79646","5.83106,7.82064","5.79043,7.83273","5.72948,7.84481","5.72948,7.8569","5.62789,7.8569","5.5771,7.88108","5.5263,7.88108","5.47551,7.89316","5.44503,7.90525","5.42472,7.89316","5.34345,7.90525","5.29265,7.88108","5.26218,7.88108","5.21139,7.86899","5.17075,7.86899","5.16059,7.86899","5.06916,7.8569","5.01837,7.83273","4.95742,7.82064","4.90663,7.83273","4.86599,7.82064","4.86599,7.83273","4.78472,7.82064","4.73393,7.83273","4.68314,7.83273","4.65266,7.83273","4.60187,7.83273","4.60187,7.83273","4.5206,7.84481","4.4698,7.86899","4.41901,7.88108","4.37838,7.89316","4.32758,7.91734","4.30727,7.91734","4.226,7.94152","4.1752,7.96569","4.13457,7.97778","4.09393,7.97778","4.04314,7.97778","4.03298,7.97778","3.97203,7.97778","3.9314,7.97778","3.89076,7.97778","3.85013,7.97778","3.80949,7.96569","3.80949,7.97778","3.73838,7.9536","3.68759,7.94152","3.64695,7.94152","3.60632,7.94152","3.55553,7.92943","3.54537,7.91734","3.47426,7.92943","3.42346,7.91734","3.39299,7.92943","3.34219,7.91734","3.31172,7.92943","3.30156,7.91734","3.24061,7.94152","3.21013,7.9536","3.15934,7.94152","3.12886,7.96569","3.07807,7.97778","3.07807,7.96569","3.00696,8.01404","2.94601,8.02613","2.90537,8.03822","2.86474,8.0503","2.8241,8.0503","2.8241,8.0503",,,,,,,,,,,,,,,,,,
"11.4386,5.19764","11.398,5.19764","11.3675,5.18556","11.3472,5.18556","11.3472,5.18556","11.2761,5.18556","11.2355,5.18556","11.1948,5.18556","11.1542,5.18556","11.1237,5.18556","11.1237,5.18556","11.0628,5.18556","11.0221,5.18556","10.9815,5.19764","10.9409,5.19764","10.9002,5.20973","10.9002,5.20973","10.819,5.22182","10.7783,5.22182","10.7377,5.23391","10.6971,5.24599","10.6564,5.24599","10.6564,5.24599","10.5853,5.24599","10.5447,5.24599","10.504,5.24599","10.4634,5.24599","10.4228,5.24599","10.4228,5.24599","10.3415,5.24599","10.2907,5.24599","10.2602,5.24599","10.2094,5.23391","10.1688,5.23391","10.1688,5.23391","10.0875,5.23391","10.0469,5.23391","10.0063,5.23391","9.96563,5.23391","9.93516,5.24599","9.925,5.24599","9.86405,5.24599","9.82341,5.24599","9.78278,5.25808","9.7523,5.25808","9.70151,5.27017","9.70151,5.27017","9.6304,5.27017","9.56944,5.28226","9.52881,5.28226","9.48818,5.29434","9.43738,5.30643","9.44754,5.30643","9.35611,5.30643","9.32564,5.31852","9.27484,5.31852","9.24437,5.31852","9.19357,5.31852","9.20373,5.31852","9.12246,5.30643","9.07167,5.30643","9.0412,5.29434","8.9904,5.29434","8.95993,5.28226","8.94977,5.28226","8.8685,5.27017","8.82786,5.25808","8.78723,5.25808","8.74659,5.25808","8.70596,5.24599","8.70596,5.24599","8.63485,5.24599","8.58406,5.24599","8.55358,5.24599","8.51295,5.25808","8.47231,5.25808","8.47231,5.25808","8.4012,5.27017","8.37072,5.27017","8.33009,5.28226","8.28946,5.29434","8.24882,5.29434","8.24882,5.29434","8.16755,5.31852","8.12692,5.33061","8.08628,5.33061","8.05581,5.34269","8.02533,5.34269","8.01517,5.34269","7.94406,5.34269","7.89327,5.34269","7.86279,5.34269","7.812,5.34269","7.77136,5.33061","7.77136,5.33061","7.6901,5.33061","7.64946,5.33061","7.60883,5.31852","7.56819,5.31852","7.52756,5.31852","7.52756,5.31852","7.44629,5.31852","7.40565,5.31852","7.36502,5.33061","7.32438,5.33061","7.28375,5.33061","7.28375,5.33061","7.20248,5.34269","7.16185,5.35478","7.11105,5.35478","7.06026,5.36687","7.01962,5.37896","7.01962,5.37896","6.93836,5.40313","6.88756,5.40313","6.83677,5.41522","6.80629,5.41522","6.7555,5.42731","6.7555,5.42731","6.68439,5.42731","6.62344,5.42731","6.5828,5.42731","6.54217,5.42731","6.49137,5.42731","6.49137,5.42731","6.41011,5.42731","6.35931,5.42731","6.30852,5.41522","6.26788,5.41522","6.21709,5.42731","6.20693,5.42731","6.13582,5.42731","6.07487,5.43939","6.03424,5.43939","5.9936,5.45148","5.94281,5.45148","5.95297,5.45148","5.86154,5.46357","5.8209,5.47566","5.77011,5.48774","5.71932,5.49983","5.66852,5.51192","5.65837,5.51192","5.5771,5.52401","5.53646,5.53609","5.48567,5.54818","5.43488,5.54818","5.4044,5.56027","5.39424,5.56027","5.32313,5.56027","5.27234,5.56027","5.2317,5.56027","5.19107,5.56027","5.15043,5.56027","5.14027,5.56027","5.04885,5.56027","5.00821,5.56027","4.95742,5.54818","4.90663,5.54818","4.86599,5.54818","4.85583,5.54818","4.77456,5.54818","4.72377,5.54818","4.69329,5.54818","4.6425,5.54818","4.61203,5.56027","4.60187,5.56027","4.53076,5.56027","4.47996,5.56027","4.44949,5.57236","4.39869,5.57236","4.35806,5.58444","4.35806,5.58444","4.27679,5.59653","4.226,5.60862","4.1752,5.62071","4.13457,5.62071","4.10409,5.62071","4.09393,5.62071","4.02282,5.62071","3.97203,5.62071","3.94155,5.62071","3.89076,5.62071","3.86029,5.62071","3.85013,5.62071","3.78918,5.60862","3.74854,5.59653","3.70791,5.58444","3.65711,5.58444","3.60632,5.57236","3.61648,5.57236","3.52505,5.56027","3.49457,5.54818","3.44378,5.54818","3.41331,5.54818","3.37267,5.53609","3.36251,5.53609","3.31172,5.53609","3.26093,5.53609","3.23045,5.53609","3.18981,5.53609","3.14918,5.53609","3.14918,5.53609","3.07807,5.53609","3.03744,5.53609","3.00696,5.53609",,,,,,,,,,,,,,,,,,,,,,,,,,,,,,,,,,,,,,,,,,,,,,,,,,,,,,,,,,,,,,,,,,,,,,,,,,,
"12.7186,7.45801","12.678,7.45801","12.6475,7.45801","12.6069,7.45801","12.6069,7.45801","12.5358,7.45801","12.4951,7.4701","12.4545,7.48219","12.4139,7.48219","12.3732,7.48219","12.3732,7.48219","12.292,7.50636","12.2513,7.50636","12.2209,7.51845","12.1802,7.54263","12.1396,7.55471","12.1396,7.55471","12.0786,7.5668","12.038,7.57889","12.0075,7.57889","11.977,7.57889","11.9466,7.57889","11.9364,7.57889","11.8755,7.57889","11.845,7.57889","11.8043,7.5668","11.7637,7.5668","11.7231,7.55471","11.7231,7.55471","11.652,7.54263","11.6113,7.54263","11.5707,7.53054","11.5301,7.53054","11.4996,7.51845","11.4894,7.51845","11.4285,7.50636","11.3878,7.50636","11.3574,7.50636","11.3167,7.50636","11.2863,7.50636","11.2863,7.50636","11.2151,7.50636","11.1745,7.50636","11.144,7.50636","11.1034,7.50636","11.0729,7.50636","11.0628,7.50636","11.0018,7.51845","10.9612,7.53054","10.9307,7.53054","10.9002,7.54263","10.8698,7.54263","10.8698,7.54263","10.8088,7.54263","10.7783,7.54263","10.7478,7.53054","10.7174,7.53054","10.6869,7.51845","10.6869,7.51845","10.6259,7.50636","10.5955,7.50636","10.5752,7.49428","10.5447,7.48219","10.5244,7.4701","10.5142,7.4701","10.4736,7.45801","10.4431,7.44593","10.4228,7.43384","10.3923,7.43384","10.372,7.42175","10.372,7.42175","10.3212,7.42175","10.3009,7.40966","10.2805,7.40966","10.2501,7.40966","10.2298,7.40966","10.2298,7.40966","10.179,7.40966","10.1586,7.40966","10.1282,7.39758","10.1079,7.40966","10.0774,7.40966","10.0774,7.40966","10.0367,7.40966","10.0164,7.42175","9.98595,7.42175","9.95547,7.42175","9.93516,7.42175","9.93516,7.42175","9.88436,7.40966","9.86405,7.40966","9.84373,7.39758","9.82341,7.39758","9.80309,7.38549","9.79293,7.38549","9.7523,7.3734","9.73198,7.36131","9.71167,7.34923","9.69135,7.33714","9.67103,7.33714","9.67103,7.33714","9.64056,7.31296","9.62024,7.31296","9.59992,7.30088","9.58976,7.30088","9.56944,7.28879","9.56944,7.28879","9.53897,7.28879","9.51865,7.28879","9.49833,7.28879","9.48818,7.28879","9.46786,7.28879","9.46786,7.28879","9.43738,7.30088","9.41707,7.30088","9.40691,7.31296","9.38659,7.32505","9.36627,7.33714","9.36627,7.33714","9.3358,7.36131","9.31548,7.3734","9.30532,7.38549","9.285,7.39758","9.26469,7.40966","9.26469,7.40966","9.23421,7.42175","9.21389,7.42175","9.19357,7.42175","9.17326,7.42175","9.1631,7.43384","9.15294,7.43384","9.12246,7.42175","9.10215,7.42175","9.08183,7.40966","9.06151,7.40966","9.0412,7.39758","9.0412,7.39758","9.01072,7.3734","8.9904,7.3734","8.97008,7.36131","8.94977,7.34923","8.92945,7.33714","8.92945,7.33714","8.88882,7.32505","8.8685,7.31296","8.84818,7.31296","8.82786,7.31296","8.80755,7.31296","8.80755,7.31296","8.75675,7.31296","8.73644,7.32505","8.70596,7.33714","8.68564,7.34923","8.65517,7.36131","8.65517,7.36131","8.59421,7.38549","8.56374,7.39758","8.53326,7.42175","8.49263,7.44593","8.46215,7.4701","8.46215,7.48219","8.4012,7.53054","8.37072,7.55471","8.34025,7.57889","8.29961,7.59098","8.26914,7.60306","8.26914,7.60306","8.19803,7.62724","8.15739,7.63933","8.12692,7.63933","8.08628,7.65141","8.04565,7.65141","8.04565,7.65141","7.96438,7.6635","7.91359,7.67559","7.87295,7.67559","7.82216,7.67559","7.78152,7.68768","7.77136,7.68768","7.6901,7.69976","7.64946,7.71185","7.60883,7.72394","7.56819,7.73603","7.5174,7.74811","7.5174,7.74811","7.43613,7.77229","7.38534,7.78438","7.3447,7.79646","7.29391,7.80855","7.25327,7.82064","7.25327,7.82064","7.16185,7.8569","7.11105,7.86899","7.07042,7.89316","7.01962,7.90525","6.97899,7.91734","6.96883,7.91734","6.88756,7.92943","6.83677,7.94152","6.78598,7.94152","6.74534,7.94152","6.70471,7.94152","6.69455,7.94152","6.61328,7.94152","6.55233,7.94152","6.51169,7.94152","6.4609,7.94152","6.41011,7.94152","6.39995,7.94152","6.30852,7.94152","6.25773,7.94152","6.20693,7.94152","6.15614,7.9536","6.11551,7.96569","6.11551,7.96569","6.02408,7.97778","5.98344,7.98987","5.93265,7.98987","5.88186,8.00195","5.84122,8.00195","5.83106,8.00195","5.74979,8.01404","5.699,8.02613","5.64821,8.03822","5.59741,8.0503","5.54662,8.06239","5.54662,8.07448","5.45519,8.08657","5.4044,8.08657","5.36377,8.09865","5.31297,8.09865","5.26218,8.09865","5.26218,8.09865","5.18091,8.09865","5.13012,8.09865","5.07932,8.09865","5.02853,8.09865","4.97774,8.09865","4.97774,8.09865","4.88631,8.09865","4.83552,8.09865","4.78472,8.11074","4.73393,8.11074","4.69329,8.12283","4.68314,8.12283","4.60187,8.147","4.55107,8.15909","4.51044,8.17118","4.4698,8.17118","4.42917,8.18327","4.41901,8.18327","4.33774,8.20744","4.29711,8.21953","4.24631,8.23162","4.19552,8.2437","4.15489,8.25579","4.14473,8.25579","4.06346,8.27997","4.01267,8.29205","3.96187,8.30414","3.91108,8.30414","3.87044,8.30414","3.87044,8.30414","3.77902,8.30414","3.73838,8.30414","3.69775,8.30414","3.64695,8.30414","3.60632,8.30414","3.59616,8.30414","3.51489,8.30414","3.4641,8.30414","3.41331,8.31623","3.37267,8.31623","3.33204,8.31623","3.32188,8.31623","3.25077,8.32832","3.19997,8.3404","3.15934,8.3404","3.12886,8.35249","3.08823,8.35249","3.08823,8.35249"
