"13.8056,8.70303","13.7751,8.69094","13.7243,8.70303","13.6837,8.69094","13.6837,8.70303","13.5923,8.69094","13.5415,8.69094","13.4907,8.69094","13.4297,8.70303","13.3789,8.67886","13.3688,8.67886","13.2774,8.66677","13.2164,8.70303","13.1453,8.69094","13.0742,8.66677","13.0031,8.65468","13.0031,8.65468","12.8608,8.60633","12.7796,8.59424","12.6983,8.57007","12.6272,8.55798","12.5459,8.55798","12.5358,8.55798","12.4951,8.50963","12.4139,8.50963","12.3631,8.50963","12.3631,8.49754","12.3631,8.49754","12.3631,8.50963","12.3732,8.49754","12.3631,8.49754","12.3732,8.49754","12.3732,8.50963","12.3732,8.49754","12.3732,8.50963","12.3529,8.49754","11.2659,8.54589","11.1948,8.55798","11.1237,8.57007","11.0221,8.57007","11.012,8.57007","10.9409,8.57007","10.9307,8.58215","10.9205,8.55798","10.6158,8.54589","10.565,8.55798","10.5548,8.55798","10.4634,8.57007","10.3821,8.58215","10.3313,8.55798","10.2805,8.5338","10.1688,8.54589","10.1688,8.54589","10.0672,8.50963","10.0266,8.49754","9.97579,8.48545","9.91484,8.46128","9.88436,8.44919","9.89452,8.44919","9.80309,8.42502","9.77262,8.42502","9.73198,8.41293","9.70151,8.40084","9.67103,8.41293","9.67103,8.40084","9.6304,8.42502","9.59992,8.42502","9.5796,8.42502","9.55929,8.42502","9.54913,8.42502","9.53897,8.42502","9.47802,8.40084","9.41707,8.40084","9.39675,8.38875","9.36627,8.37667","9.3358,8.36458","9.3358,8.36458","9.25453,8.35249","9.21389,8.32832","9.17326,8.29205","9.12246,8.25579","9.09199,8.21953","9.09199,8.21953","8.9904,8.15909","8.91929,8.13492","8.84818,8.12283","8.79739,8.12283","8.70596,8.12283","8.70596,8.12283","8.54342,8.13492","8.45199,8.147","8.37072,8.147","8.28946,8.147","8.20819,8.13492","8.19803,8.13492","8.04565,8.11074","7.94406,8.09865","7.82216,8.07448","7.72057,8.06239","7.60883,8.03822","7.60883,8.03822","7.40565,8.01404","7.29391,8.00195","7.172,8.00195","7.0501,8.02613","6.93836,8.03822","6.93836,8.03822","6.86724,8.06239","6.89772,8.03822","6.90788,8.09865","6.90788,8.11074","6.89772,8.12283","6.89772,8.12283","6.89772,8.12283","6.89772,8.12283","5.93265,8.09865","5.8209,8.11074","5.70916,8.11074","5.699,8.11074","5.62789,8.07448","5.5263,8.08657","5.42472,8.09865","5.31297,8.07448","5.22154,8.11074","5.20123,8.11074",,,,,,,,,,,,,,,,,,,,,,,,,,,,,,,,,,,,,,,,,,,,,,,,,,,,,,,,,,,,,,,,,,,,,,,,,,,,,,,,,,,,,,,,,,,,
"12.5155,8.58215","12.4545,8.55798","12.3834,8.54589","12.3123,8.52172","12.3021,8.52172","12.1599,8.47337","12.0685,8.44919","11.9567,8.42502","11.8551,8.42502","11.7637,8.4371","11.7434,8.4371","11.6926,8.42502","11.6012,8.41293","11.3777,8.47337","11.2761,8.47337","11.1745,8.49754","11.1644,8.49754","11.0323,8.41293","10.9205,8.38875","10.7885,8.38875","10.6666,8.40084","10.5548,8.41293","10.4939,8.49754","10.3517,8.4371","10.2196,8.42502","10.1383,8.41293","10.0164,8.41293","9.88436,8.42502","9.8742,8.4371","9.86405,8.41293","9.85389,8.40084","9.32564,8.5338","9.25453,8.5338","9.18342,8.5338","9.17326,8.5338","9.14278,8.52172","9.14278,8.52172","9.14278,8.52172","9.15294,8.5338","9.1631,8.5338","9.15294,8.5338","9.1631,8.52172","9.15294,8.5338","9.15294,8.52172","9.15294,8.52172","9.15294,8.5338","8.08628,8.4371","8.00501,8.4371","7.94406,8.42502","7.90343,8.42502","7.84247,8.42502","7.80184,8.4371","7.80184,8.4371","7.71041,8.41293","7.6901,8.40084","7.64946,8.38875","7.60883,8.36458","7.58851,8.3404","7.58851,8.3404","7.50724,8.29205","7.45645,8.26788","7.38534,8.23162","7.33454,8.20744","7.27359,8.17118","7.27359,8.17118","7.172,8.12283","7.10089,8.08657","7.02978,8.03822","6.95867,7.98987","6.8774,7.96569","6.86724,7.96569","6.69455,7.91734","6.59296,7.92943","6.51169,7.92943","6.43042,7.94152","6.32884,7.96569","6.31868,7.96569","6.12566,7.98987","6.02408,7.98987","5.92249,7.97778","5.81075,7.96569","5.70916,7.9536","5.699,7.9536","5.46535,7.94152","5.32313,7.92943",,,,,,,,,,,,,,,,,,,,,,,,,,,,,,,,,,,,,,,,,,,,,,,,,,,,,,,,,,,,,,,,,,,,,,,,,,,,,,,,,,,,,,,,,,,,,,,,,,,,,,,,,,,,,,,,,,,,,,,,,,,,,,,,,,,,
"12.9116,8.03822","12.8812,8.02613","12.8202,8.00195","12.7694,7.98987","12.7694,8.00195","12.6678,7.9536","12.5866,7.92943","12.5256,7.91734","12.4342,7.91734","12.3529,7.90525","12.3428,7.90525","12.2107,7.88108","12.1193,7.86899","12.038,7.89316","11.9669,7.90525","11.8856,7.92943","11.8755,7.94152","11.7536,8.00195","11.6824,8.02613","11.591,8.0503","11.5402,8.07448","11.4488,8.08657","11.4488,8.09865","11.337,8.11074","11.2355,8.11074","11.1644,8.11074","11.0831,8.11074","11.012,8.12283","10.9917,8.11074","10.8596,8.12283","10.7885,8.12283","10.7072,8.13492","10.6361,8.15909","10.565,8.18327","10.5548,8.18327","10.4228,8.20744","10.3517,8.21953","10.3009,8.21953","10.2501,8.23162","10.1891,8.2437","10.179,8.23162","10.0774,8.21953","10.0164,8.21953","9.94531,8.19535","9.88436,8.18327","9.82341,8.18327","9.82341,8.18327","9.73198,8.17118","9.65071,8.15909","9.59992,8.15909","9.54913,8.15909","9.49833,8.17118","9.49833,8.15909","9.41707,8.15909","9.39675,8.15909","9.36627,8.15909","9.32564,8.147","9.30532,8.13492","9.30532,8.147","9.26469,8.13492","9.24437,8.147","9.20373,8.13492","9.18342,8.147","9.15294,8.13492","9.15294,8.147","9.11231,8.147","9.07167,8.147","9.0412,8.147","9.00056,8.147","8.94977,8.147","8.93961,8.147","8.94977,8.15909","8.95993,8.17118","8.95993,8.15909","8.95993,8.15909","8.94977,8.147","8.94977,8.13492","8.33009,8.11074","8.24882,8.09865","8.15739,8.07448","8.07612,8.0503","8.00501,8.03822","7.9847,8.03822","7.90343,8.00195","7.812,7.94152","7.73073,7.90525","7.64946,7.86899","7.56819,7.84481","7.55803,7.83273","7.57835,7.8569","7.57835,7.86899","7.57835,7.88108","7.57835,7.86899","7.57835,7.88108","6.38979,7.9536","6.35931,7.90525","6.24757,7.90525","6.15614,8.0503","6.04439,8.11074","5.88186,8.147","5.86154,8.13492","5.85138,8.13492","5.85138,8.12283","5.85138,8.09865","5.85138,8.11074","5.86154,8.12283",,,,,,,,,,,,,,,,,,,,,,,,,,,,,,,,,,,,,,,,,,,,,,,,,,,,,,,,,,,,,,,,,,,,,,,,,,,,,,,,,,,,,,,,,,,,,,,,,,,,,,,,,,,,,,,
"12.8812,7.45801","12.8304,7.45801","12.7694,7.45801","12.7085,7.45801","12.7085,7.45801","12.5967,7.4701","12.5256,7.45801","12.4647,7.45801","12.3834,7.45801","12.3326,7.4701","12.3224,7.4701","12.2005,7.49428","12.1294,7.49428","12.038,7.50636","11.9567,7.50636","11.8755,7.51845","11.8755,7.51845","11.7231,7.50636","11.6316,7.50636","11.5504,7.50636","11.4793,7.51845","11.398,7.51845","11.398,7.51845","11.2659,7.53054","11.1644,7.53054","11.0932,7.53054","11.0018,7.51845","10.9307,7.54263","10.9205,7.54263","10.7783,7.5668","10.6971,7.57889","10.6259,7.59098","10.5548,7.59098","10.4837,7.59098","10.4736,7.59098","10.3313,7.57889","10.2602,7.5668","10.1993,7.5668","10.1485,7.57889","10.0875,7.57889","10.0774,7.57889","9.97579,7.55471","9.91484,7.5668","9.84373,7.55471","9.78278,7.57889","9.73198,7.57889","9.72182,7.57889","9.64056,7.59098","9.5796,7.59098","9.52881,7.57889","9.4577,7.5668","9.40691,7.55471","9.40691,7.55471","9.29516,7.51845","9.26469,7.49428","9.20373,7.48219","9.14278,7.4701","9.10215,7.4701","9.09199,7.4701","8.98024,7.4701","8.91929,7.4701","8.84818,7.45801","8.80755,7.43384","8.75675,7.40966","8.74659,7.40966","8.64501,7.40966","8.5739,7.40966","8.51295,7.39758","8.45199,7.38549","8.39104,7.3734","8.38088,7.3734","8.23866,7.32505","8.15739,7.32505","8.08628,7.30088","8.00501,7.2767","7.92374,7.25253","7.91359,7.25253","7.77136,7.19209","7.67994,7.16791","7.57835,7.15582","7.4666,7.15582","7.37518,7.15582","7.36502,7.15582","7.36502,7.19209","7.3447,7.16791","6.94851,7.21626","6.86724,7.20418","6.77582,7.18","6.77582,7.18","6.71487,7.05912","6.61328,7.04704","6.47106,7.04704","6.34915,7.05912","6.23741,7.05912","6.21709,7.05912","6.1663,7.02286","6.23741,7.0833","6.25773,7.09539","6.25773,7.0833","6.24757,7.07121","6.24757,7.0833","6.25773,7.0833","6.23741,7.0833","4.8152,7.2767","4.70345,7.28879","4.60187,7.30088","4.60187,7.30088","4.37838,7.32505","4.25647,7.33714","4.13457,7.34923","4.02282,7.36131",,,,,,,,,,,,,,,,,,,,,,,,,,,,,,,,,,,,,,,,,,,,,,,,,,,,,,,,,,,,,,,,,,,,,,,,,,,,,,,,,,,,,,,,,,,,,,,,,,,,,,,,,,
"12.2818,6.9866","12.2107,6.9866","12.1294,6.99869","12.038,7.02286","12.0278,7.02286","11.8551,7.07121","11.7536,7.07121","11.6621,7.0833","11.5504,7.09539","11.4691,7.11956","11.459,7.13165","11.2558,7.10747","11.144,7.10747","11.0221,7.09539","10.9002,7.09539","10.7885,7.09539","10.7783,7.09539","10.8088,7.02286","10.4228,7.01077","10.3009,7.01077","10.1891,7.03495","10.0977,7.05912","10.0774,7.05912","10.0875,7.07121","10.0875,7.11956","10.0977,7.14374","10.0774,7.15582","10.0774,7.18","10.0774,7.19209","9.22405,7.04704","9.13262,7.05912","9.0412,7.07121","8.95993,7.09539","8.88882,7.11956","8.87866,7.11956","8.83802,7.13165","8.74659,7.14374","8.73644,7.16791","8.75675,7.18","8.26914,7.24044","8.26914,7.24044","8.13708,7.30088","8.05581,7.34923","7.97454,7.3734","7.90343,7.40966","7.80184,7.43384","7.80184,7.43384","7.71041,7.4701","7.62914,7.48219","7.54787,7.49428","7.44629,7.48219","7.37518,7.49428","7.35486,7.49428","7.2228,7.51845","6.99931,7.55471","6.9282,7.55471","6.82661,7.55471","6.7555,7.55471","6.76566,7.55471","6.5828,7.55471","6.45074,7.55471","6.31868,7.54263","6.19677,7.49428","6.07487,7.4701","6.02408,7.50636","5.80059,7.51845","5.64821,7.53054","5.5263,7.54263","5.39424,7.54263","5.38408,7.5668","5.38408,7.5668","5.37392,7.54263","5.45519,7.55471","5.46535,7.5668",,,,,,,,,,,,,,,,,,,,,,,,,,,,,,,,,,,,,,,,,,,,,,,,,,,,,,,,,,,,,,,,,,,,,,,,,,,,,,,,,,,,,,,,,,,,,,,,,,,,,,,,,,,,,,,,,,,,,,,,,,,,,,,,,,,,,,,,,,,,,,,
"12.4647,6.53936","12.4139,6.52727","12.3529,6.51519","12.3021,6.51519","12.3021,6.51519","12.2107,6.5031","12.1396,6.5031","12.0888,6.51519","12.0177,6.52727","11.977,6.55145","11.9669,6.55145","11.845,6.57562","11.784,6.58771","11.7028,6.58771","11.6316,6.58771","11.5707,6.5998","11.5605,6.5998","11.4183,6.58771","11.337,6.58771","11.2659,6.57562","11.205,6.57562","11.1339,6.57562","11.1237,6.57562","11.012,6.5998","10.9205,6.61189","10.8291,6.58771","10.758,6.5998","10.6971,6.62397","10.6869,6.62397","10.5752,6.64815","10.504,6.66024","10.4329,6.67232","10.372,6.67232","10.311,6.67232","10.311,6.67232","10.1688,6.66024","10.118,6.64815","10.0469,6.64815","10.0063,6.66024","9.94531,6.66024","9.93516,6.67232","9.85389,6.66024","9.80309,6.66024","9.7523,6.66024","9.71167,6.66024","9.67103,6.66024","9.67103,6.66024","9.61008,6.67232","9.56944,6.6965","9.54913,6.70859","9.50849,6.73276","9.47802,6.76902","9.47802,6.76902","9.40691,6.82946","9.39675,6.86572","9.36627,6.90199","9.32564,6.92616","9.31548,6.96242","9.31548,6.96242","9.25453,7.01077","9.22405,7.04704","9.19357,7.05912","9.17326,7.07121","9.15294,7.09539","9.14278,7.09539","9.11231,7.14374","9.07167,7.16791","9.0412,7.18","9.00056,7.18","8.95993,7.19209","8.94977,7.19209","8.84818,7.18","8.78723,7.18","8.72628,7.16791","8.67548,7.16791","8.61453,7.15582","8.61453,7.15582","8.50279,7.14374","8.42152,7.14374","8.36057,7.13165","8.28946,7.11956","8.23866,7.11956","8.2285,7.11956","8.13708,7.19209","8.06597,7.20418","8.00501,7.21626","7.95422,7.22835","7.89327,7.22835","7.88311,7.22835","7.72057,7.21626","7.6393,7.21626","7.56819,7.21626","7.49708,7.21626","7.41581,7.20418","7.40565,7.20418","7.41581,7.15582","7.3447,7.13165","7.27359,7.13165","7.20248,7.10747","7.14153,7.09539","7.13137,7.09539","7.11105,7.13165","7.13137,7.13165","7.13137,7.11956","7.13137,7.10747","7.13137,7.10747","7.13137,7.10747","7.13137,7.11956","7.13137,7.10747","7.13137,7.10747","7.13137,7.10747","7.13137,7.10747","5.91233,7.26461","5.75995,7.2767","5.68884,7.2767","5.59741,7.2767","5.53646,7.2767","5.46535,7.26461","5.44503,7.26461","5.31297,7.25253","5.26218,7.24044","5.20123,7.25253","5.11996,7.24044","5.05901,7.26461",,,,,,,,,,,,,,,,,,,,,,,,,,,,,,,,,,,,,,,,,,,,,,,,,,,,,,,,,,,,,,,,,,,,,,,,,,,,,,,,,,,,,,,,,,,,,
"13.2062,6.51519","13.1758,6.5031","13.1554,6.49101","13.1047,6.49101","13.0843,6.49101","12.9929,6.49101","12.932,6.5031","12.8812,6.52727","12.7999,6.56354","12.7389,6.61189","12.7288,6.61189","12.6069,6.67232","12.5358,6.68441","12.4951,6.6965","12.424,6.70859","12.3428,6.74485","12.3326,6.74485","12.3021,6.78111","12.3021,6.81737","12.3021,6.81737","12.3123,6.80529","12.3123,6.80529","12.3123,6.80529","12.3224,6.81737","11.5199,6.85364","11.4386,6.87781","11.3269,6.8899","11.2253,6.90199","11.2151,6.91407","11.205,6.8899","11.2151,6.90199","11.205,6.91407","11.205,6.91407","11.2151,6.91407","11.2151,6.91407","11.205,6.91407","10.179,7.05912","10.0977,7.0833","10.0164,7.11956","9.925,7.14374","9.925,7.14374","9.89452,7.18","9.82341,7.19209","9.7523,7.18","9.67103,7.18","9.59992,7.18","9.31548,7.24044","9.17326,7.24044","9.07167,7.24044","9.00056,7.24044","8.91929,7.24044","8.84818,7.25253","8.84818,7.25253","8.70596,7.26461","8.66533,7.30088","8.61453,7.32505","8.55358,7.34923","8.50279,7.38549","8.43168,7.39758","8.2793,7.44593","8.18787,7.45801","8.08628,7.4701","7.9847,7.44593","7.87295,7.43384","7.86279,7.43384","7.74089,7.42175","7.62914,7.40966","7.53772,7.40966","7.43613,7.3734","7.33454,7.36131","7.28375,7.36131","7.08058,7.33714","6.93836,7.36131","6.81645,7.3734","6.68439,7.3734","6.56249,7.38549","6.54217,7.38549","6.56249,7.40966","6.52185,7.42175","6.49137,7.44593","6.4609,7.4701","6.45074,7.48219","5.68884,7.28879","5.41456,7.26461","5.2825,7.25253","5.15043,7.24044","5.03869,7.26461","4.89647,7.26461","4.88631,7.26461","4.67298,7.2767","4.47996,7.28879","4.33774,7.30088",,,,,,,,,,,,,,,,,,,,,,,,,,,,,,,,,,,,,,,,,,,,,,,,,,,,,,,,,,,,,,,,,,,,,,,,,,,,,,,,,,,,,,,,,,,,,,,,,,,,,,,,,,,,,,,,,,,,,,,,,,,,,
"12.7694,6.04377","12.7491,6.04377","12.7186,6.04377","12.6678,6.04377","12.678,6.04377","12.5967,6.04377","12.5459,6.04377","12.5053,6.04377","12.4443,6.05586","12.3935,6.08003","12.3834,6.08003","12.2615,6.10421","12.2005,6.10421","12.1497,6.09212","12.0786,6.09212","12.0177,6.10421","12.0177,6.10421","12.0075,5.99542","11.9974,5.94707","12.0482,5.94707","11.6012,6.05586","11.5199,6.04377","11.5199,6.03168","11.5504,5.98333","11.6012,5.94707","11.591,5.91081","11.6012,5.77785","11.6012,5.76576","11.6012,5.77785","11.6012,5.76576","10.758,6.00751","10.6666,6.00751","10.565,5.99542","10.4736,5.98333","10.4736,5.98333","10.5447,5.85037","10.504,5.8262","10.4025,5.83828","10.3009,5.83828","10.2704,5.8262","10.2602,5.8262","9.77262,5.86246","9.76246,5.86246","9.77262,5.86246","9.76246,5.86246","9.76246,5.86246","9.76246,5.86246","9.78278,5.86246","9.02088,5.70532","8.94977,5.68114","8.85834,5.64488","8.77707,5.63279","8.76691,5.62071","8.76691,5.62071","8.76691,5.62071","8.70596,5.60862","8.6958,5.57236","8.70596,5.57236","8.19803,5.46357","8.04565,5.42731","7.95422,5.40313","7.87295,5.39104","7.79168,5.36687","7.70025,5.34269","7.6901,5.34269","7.52756,5.33061","7.43613,5.33061","7.43613,5.33061","7.35486,5.31852","7.25327,5.31852","7.24311,5.31852","7.27359,5.34269","7.27359,5.28226","7.25327,5.25808","7.25327,5.24599","6.68439,5.30643","6.68439,5.30643","6.67423,5.30643","6.68439,5.27017","6.65391,5.24599","6.65391,5.20973","6.66407,5.23391","5.9936,5.37896","5.98344,5.40313","5.9936,5.35478","6.00376,5.30643","5.9936,5.28226","5.95297,5.27017","5.95297,5.27017","5.95297,5.27017","5.11996,5.56027","5.02853,5.59653","4.92694,5.65697","4.83552,5.69323","4.82536,5.70532",,,,,,,,,,,,,,,,,,,,,,,,,,,,,,,,,,,,,,,,,,,,,,,,,,,,,,,,,,,,,,,,,,,,,,,,,,,,,,,,,,,,,,,,,,,,,,,,,,,,,,,,,,,,,,,,,,,,,,,,,,
"12.8405,5.46357","12.7796,5.43939","12.7085,5.42731","12.6374,5.41522","12.6374,5.41522","12.5155,5.40313","12.4443,5.40313","12.3631,5.42731","12.2716,5.45148","12.1904,5.48774","12.1802,5.48774","12.1193,5.42731","12.0888,5.39104","12.0075,5.37896","11.9364,5.34269","11.9059,5.30643","11.4082,5.49983","11.1644,5.45148","11.0323,5.43939","10.8901,5.42731","10.7682,5.42731","10.6463,5.42731","10.6361,5.42731","10.4126,5.45148","10.2805,5.46357","10.1485,5.48774","10.0164,5.49983","9.99611,5.51192","9.99611,5.51192","10.0063,5.54818","10.0164,5.53609","10.0063,5.53609","10.0164,5.54818","10.0164,5.54818","10.0164,5.54818","9.11231,5.45148","9.12246,5.45148","9.11231,5.45148","9.13262,5.46357","9.13262,5.46357","9.13262,5.46357","9.13262,5.43939","9.12246,5.43939","9.10215,5.43939","9.11231,5.47566","7.83232,5.36687","7.83232,5.36687","7.66978,5.34269","7.56819,5.34269","7.48692,5.33061","7.37518,5.31852","7.27359,5.29434","7.26343,5.29434","7.26343,5.25808","6.95867,5.27017","6.88756,5.27017","6.78598,5.27017","6.71487,5.27017","6.71487,5.28226","6.61328,5.29434","6.4609,5.30643","6.35931,5.30643","6.25773,5.29434","6.14598,5.27017","6.13582,5.25808","6.09519,5.30643","5.79043,5.23391","5.67868,5.22182","5.5771,5.20973","5.45519,5.23391","5.44503,5.24599","5.4044,5.25808","5.08948,5.25808","5.00821,5.27017","4.91678,5.29434","4.8152,5.30643","4.80504,5.30643","4.75425,5.33061",,,,,,,,,,,,,,,,,,,,,,,,,,,,,,,,,,,,,,,,,,,,,,,,,,,,,,,,,,,,,,,,,,,,,,,,,,,,,,,,,,,,,,,,,,,,,,,,,,,,,,,,,,,,,,,,,,,,,,,,,,,,,,,,,,,,,,,,,,,
"13.8056,5.57236","13.7954,5.58444","13.765,5.58444","13.7548,5.59653","13.7446,5.60862","13.7142,5.60862","13.6837,5.60862","13.6634,5.62071","13.6329,5.64488","13.6024,5.65697","13.6126,5.64488","13.5516,5.66906","13.5008,5.68114","13.4602,5.69323","13.4196,5.69323","13.3891,5.70532","13.3789,5.70532","13.3078,5.71741","13.2469,5.72949","13.1961,5.74158","13.1656,5.75367","13.1047,5.77785","13.0945,5.77785","13.0335,5.8262","12.9827,5.85037","12.9421,5.87455","12.9421,5.87455","12.9116,5.91081","12.9015,5.9229","12.8101,5.94707","12.7694,5.95916","12.7186,5.99542","12.6678,5.99542","12.6272,6.0196","12.6272,6.0196","12.5459,6.03168","12.5053,6.04377","12.4545,6.04377","12.424,6.05586","12.3834,6.06795","12.3732,6.05586","12.2818,6.06795","12.231,6.08003","12.1802,6.08003","12.1396,6.08003","12.0989,6.08003","12.0989,6.08003","12.0278,6.06795","11.9059,6.06795","11.8755,6.05586","11.8247,6.05586","11.784,6.05586","11.7739,6.05586","11.7129,6.0196","11.6824,5.98333","11.652,5.98333","11.6215,5.95916","11.6012,5.93498","11.6012,5.93498","11.5504,5.88663","11.5301,5.86246","11.4996,5.83828","11.4691,5.80202","11.3878,5.77785","11.3878,5.77785","11.3472,5.74158","11.3167,5.74158","11.2863,5.70532","11.2659,5.65697","11.2253,5.64488","11.2253,5.64488","11.144,5.58444","11.1034,5.56027","11.0729,5.53609","11.0323,5.51192","11.0018,5.49983","11.0018,5.51192","10.9307,5.47566","10.8698,5.46357","10.8291,5.42731","10.7885,5.41522","10.7682,5.39104","10.7682,5.39104","10.6869,5.35478","10.6564,5.34269","10.6361,5.31852","10.6158,5.29434","10.5853,5.27017","10.5752,5.27017","10.5244,5.24599","10.4736,5.23391","10.4532,5.22182","10.4228,5.20973","10.3821,5.20973","10.3821,5.20973","10.311,5.19764","10.2907,5.17347","10.2501,5.17347","10.2196,5.16138","10.1688,5.17347","10.1688,5.16138","10.0774,5.18556","10.0063,5.19764","9.96563,5.19764","9.90468,5.22182","9.84373,5.24599","9.83357,5.24599","9.72182,5.28226","9.67103,5.29434","9.61008,5.29434","9.55929,5.29434","9.50849,5.29434","9.49833,5.29434","9.39675,5.29434","9.34595,5.29434","9.27484,5.28226","9.22405,5.29434","9.15294,5.27017","9.15294,5.27017","9.09199,5.27017","9.0412,5.28226","8.98024,5.30643","8.91929,5.30643","8.85834,5.34269","8.83802,5.33061","8.80755,5.37896","8.83802,5.28226","8.8177,5.27017","8.80755,5.25808","8.79739,5.25808","8.79739,5.25808","8.80755,5.24599","8.80755,5.23391","8.80755,5.23391","8.80755,5.23391","8.8177,5.25808","7.67994,5.46357","7.49708,5.46357","7.41581,5.45148","7.33454,5.46357","7.23296,5.46357","7.14153,5.47566","7.15169,5.48774","6.95867,5.49983","6.8774,5.52401","6.78598,5.53609","6.68439,5.53609","6.59296,5.56027","6.5828,5.56027","6.42026,5.58444","6.32884,5.58444","6.22725,5.59653","6.12566,5.62071","6.03424,5.62071","6.02408,5.62071","5.88186,5.63279","5.77011,5.62071","5.699,5.63279","5.60757,5.62071","5.5263,5.64488","5.51614,5.64488","5.34345,5.64488","5.25202,5.64488","5.15043,5.64488","5.06916,5.66906","4.99805,5.68114","4.9879,5.66906","4.82536,5.70532","4.73393,5.69323","4.6425,5.70532","4.57139,5.70532","4.50028,5.71741",,,,,,,,,,,,,,,,,,,,,,,,,,,,,,,,,,,,,,,,,,,,,
"13.0945,4.68997","13.0945,4.70205","13.0843,4.72623","13.064,4.7504","13.064,4.7504","13.0539,4.78667","13.0437,4.79875","13.0234,4.83502","13.0031,4.85919","12.9929,4.89545","13.0031,4.90754","12.9523,4.9438","12.9421,4.98007","12.9015,4.99215","12.8608,5.02842","12.8405,5.06468","12.8304,5.07677","12.7694,5.11303","12.7288,5.16138","12.6881,5.19764","12.6577,5.22182","12.6069,5.25808","12.6069,5.27017","12.5459,5.31852","12.4951,5.34269","12.4545,5.36687","12.4037,5.39104","12.3631,5.41522","12.3631,5.41522","12.2716,5.45148","12.2209,5.48774","12.1701,5.51192","12.1193,5.53609","12.0786,5.56027","12.0786,5.56027","11.9669,5.60862","11.9161,5.63279","11.8653,5.65697","11.8247,5.68114","11.7739,5.69323","11.7739,5.70532","11.6824,5.70532","11.6012,5.71741","11.5402,5.72949","11.4691,5.74158","11.4183,5.75367","11.4082,5.74158","11.3167,5.76576","11.2456,5.76576","11.205,5.76576","11.1237,5.76576","11.0729,5.76576","11.0628,5.76576","10.951,5.75367","10.8901,5.74158","10.819,5.74158","10.758,5.72949","10.7072,5.70532","10.6971,5.70532","10.5853,5.68114","10.504,5.66906","10.4431,5.65697","10.3821,5.62071","10.3313,5.60862","10.3313,5.59653","10.2399,5.57236","10.179,5.56027","10.1282,5.52401","10.0977,5.49983","10.0367,5.48774","10.0266,5.47566","9.90468,5.42731","9.84373,5.41522","9.79293,5.37896","9.74214,5.37896","9.70151,5.36687","9.70151,5.35478","9.59992,5.35478","9.52881,5.31852","9.44754,5.28226","9.37643,5.27017","9.32564,5.24599","9.31548,5.24599","9.1631,5.22182","9.06151,5.22182","8.9904,5.22182","8.92945,5.23391","8.8685,5.23391","8.85834,5.23391","8.73644,5.24599","8.66533,5.24599","8.59421,5.24599","8.5231,5.24599","8.47231,5.25808","8.46215,5.25808","8.30977,5.25808","8.2285,5.24599","8.12692,5.24599","8.02533,5.24599","7.9339,5.25808","7.9339,5.27017","7.77136,5.28226","7.66978,5.30643","7.58851,5.30643","7.48692,5.31852","7.39549,5.31852","7.37518,5.31852","7.19232,5.34269","7.12121,5.35478","7.02978,5.36687","6.9282,5.36687","6.83677,5.37896","6.82661,5.39104","6.74534,5.40313","6.68439,5.40313","6.59296,5.40313","6.48122,5.41522","6.4609,5.47566","6.4609,5.49983","6.47106,5.48774","6.49137,5.42731","6.49137,5.43939","6.49137,5.42731","6.49137,5.43939","6.49137,5.42731","6.49137,5.43939","6.49137,5.42731","5.25202,5.77785","5.18091,5.80202","5.08948,5.8262","5.08948,5.8262","4.9371,5.86246","4.83552,5.88663","4.73393,5.89872","4.66282,5.91081","4.60187,5.93498","4.60187,5.94707",,,,,,,,,,,,,,,,,,,,,,,,,,,,,,,,,,,,,,,,,,,,,,,,,,,,,,,,,,,,,,,,,,,,,,,,,,,,,,,,
"3.49457,8.54589","3.57584,8.5338","3.66727,8.52172","3.7587,8.50963","3.7587,8.50963","3.77902,8.5338","3.76886,8.5338","3.76886,8.50963","3.7587,8.50963","3.76886,8.49754","3.76886,8.49754","3.77902,8.49754","3.77902,8.50963","3.76886,8.47337","4.80504,8.57007","4.91678,8.57007","4.90663,8.57007","4.89647,8.55798","4.87615,8.54589","4.86599,8.52172","5.47551,8.52172","5.5771,8.5338","5.5771,8.5338","5.55678,8.54589","5.53646,8.54589","6.04439,8.59424","6.13582,8.59424","6.19677,8.59424","6.19677,8.59424","6.20693,8.63051","6.20693,8.64259","6.56249,8.64259","6.64375,8.65468","6.71487,8.65468","6.73518,8.65468","6.83677,8.65468","6.91804,8.65468","6.97899,8.67886","7.06026,8.69094","7.11105,8.70303","7.11105,8.69094","7.2228,8.66677","7.27359,8.67886","7.33454,8.66677","7.39549,8.70303","7.45645,8.70303","7.45645,8.70303","7.54787,8.64259","7.57835,8.64259","7.60883,8.65468","7.62914,8.63051","7.65962,8.49754","7.95422,8.77556","7.9847,8.78764","8.02533,8.82391","8.05581,8.84808","8.09644,8.87226","8.14723,8.89643","8.13708,8.89643","8.21834,8.92061","8.21834,8.90852","8.23866,8.89643","8.2793,8.88434","8.31993,8.87226","8.31993,8.87226","8.41136,8.86017","8.45199,8.84808","8.50279,8.83599","8.54342,8.81182","8.59421,8.79973","8.59421,8.79973","8.67548,8.76347","8.72628,8.77556","8.79739,8.77556","8.8685,8.78764","8.93961,8.79973","8.93961,8.79973","9.06151,8.79973","9.15294,8.78764","9.23421,8.77556","9.30532,8.75138","9.39675,8.72721","9.40691,8.72721","9.55929,8.67886","9.64056,8.65468","9.74214,8.61842","9.84373,8.58215","9.91484,8.52172","9.925,8.52172","10.0875,8.44919","10.1688,8.41293","10.2602,8.37667","10.3618,8.3404","10.4532,8.30414",,,,,,,,,,,,,,,,,,,,,,,,,,,,,,,,,,,,,,,,,,,,,,,,,,,,,,,,,,,,,,,,,,,,,,,,,,,,,,,,,,,,,,,,,,,,,,,,,,,,,,,,,,,,,,,,,,,,,,,,,,,
"2.62093,8.70303","2.67172,8.69094","2.72252,8.70303","2.76315,8.70303","2.77331,8.70303","2.8749,8.71512","2.92569,8.72721","2.98664,8.71512","3.04759,8.73929","3.12886,8.73929","3.12886,8.73929","3.28124,8.72721","3.36251,8.70303","3.42346,8.69094","3.47426,8.67886","3.56568,8.67886","3.57584,8.67886","3.72822,8.64259","3.82981,8.65468","3.91108,8.63051","4.00251,8.64259","4.07362,8.65468","4.08378,8.65468","4.25647,8.67886","4.32758,8.67886","4.41901,8.67886","4.51044,8.67886","4.58155,8.67886","4.65266,8.65468","4.80504,8.66677","4.88631,8.66677","4.96758,8.66677","5.05901,8.67886","5.13012,8.69094","5.14027,8.69094","5.27234,8.69094","5.36377,8.69094","5.43488,8.70303","5.5263,8.70303","5.56694,8.70303","5.56694,8.70303","5.59741,8.70303","5.63805,8.71512","5.66852,8.71512","5.71932,8.71512","5.75995,8.71512","5.75995,8.71512","5.8717,8.71512","5.92249,8.71512","5.98344,8.71512","6.02408,8.71512","6.08503,8.73929","6.09519,8.73929","6.17646,8.76347","6.30852,8.77556","6.35931,8.79973","6.38979,8.82391","6.48122,8.84808","6.47106,8.84808","6.57264,8.88434","6.6336,8.92061","6.66407,8.92061","6.70471,8.92061","6.74534,8.92061","6.74534,8.92061","6.81645,8.94478","6.84693,8.95687","6.88756,8.98104","6.9282,8.98104","6.96883,8.99313","6.96883,8.99313","7.02978,9.00522","7.07042,9.02939","7.13137,9.04148","7.172,9.04148","7.2228,9.04148","7.23296,9.04148","7.30407,9.05357","7.38534,9.05357","7.44629,9.05357","7.49708,9.04148","7.56819,9.01731","7.57835,9.01731","7.67994,8.99313","7.74089,8.98104","7.812,8.96896","7.89327,8.94478","7.96438,8.90852","7.96438,8.92061","8.06597,8.84808","8.13708,8.82391","8.21834,8.81182","8.2793,8.79973","8.34025,8.78764","8.35041,8.79973","8.47231,8.79973","8.55358,8.79973","8.61453,8.78764","8.6958,8.78764","8.77707,8.77556","8.77707,8.76347","8.91929,8.73929","9.01072,8.72721","9.10215,8.69094","9.17326,8.69094","9.26469,8.66677","9.26469,8.66677","9.41707,8.63051","9.51865,8.59424","9.59992,8.58215","9.69135,8.54589","9.76246,8.55798","9.77262,8.54589","9.91484,8.55798","9.99611,8.55798","10.0672,8.54589","10.1485,8.55798",,,,,,,,,,,,,,,,,,,,,,,,,,,,,,,,,,,,,,,,,,,,,,,,,,,,,,,,,,,,,,,,,,,,,,,,,,,,,,,,,,,,,,,,,,,,,,,,,,,,
"1.96062,8.50963","2.01141,8.49754","2.06221,8.49754","2.10284,8.48545","2.10284,8.48545","2.19427,8.46128","2.24506,8.4371","2.29585,8.41293","2.33649,8.40084","2.39744,8.37667","2.39744,8.37667","2.51934,8.35249","2.5803,8.3404","2.63109,8.3404","2.7022,8.3404","2.77331,8.36458","2.78347,8.36458","2.90537,8.38875","2.98664,8.41293","3.06791,8.42502","3.15934,8.4371","3.23045,8.44919","3.24061,8.44919","3.41331,8.46128","3.4641,8.46128","3.55553,8.44919","3.6368,8.4371","3.70791,8.4371","3.70791,8.4371","3.89076,8.42502","3.98219,8.4371","4.06346,8.44919","4.15489,8.46128","4.24631,8.48545","4.25647,8.48545","4.41901,8.47337","4.5206,8.46128","4.61203,8.46128","4.72377,8.46128","4.79488,8.44919","4.80504,8.44919","4.97774,8.41293","5.05901,8.40084","5.14027,8.37667","5.21139,8.37667","5.27234,8.37667","5.2825,8.37667","5.41456,8.40084","5.46535,8.40084","5.5263,8.40084","5.5771,8.38875","5.64821,8.38875","5.64821,8.38875","5.74979,8.36458","5.83106,8.35249","5.88186,8.35249","5.92249,8.35249","5.98344,8.36458","5.98344,8.36458","6.04439,8.41293","6.07487,8.44919","6.09519,8.47337","6.13582,8.49754","6.1663,8.50963","6.1663,8.52172","6.24757,8.55798","6.2882,8.58215","6.339,8.60633","6.36947,8.61842","6.42026,8.64259","6.42026,8.64259","6.48122,8.65468","6.52185,8.67886","6.57264,8.70303","6.61328,8.71512","6.66407,8.72721","6.66407,8.72721","6.72502,8.73929","6.77582,8.73929","6.83677,8.73929","6.8774,8.72721","6.94851,8.71512","6.94851,8.71512","7.06026,8.70303","7.12121,8.70303","7.19232,8.69094","7.28375,8.67886","7.35486,8.64259","7.36502,8.64259","7.48692,8.61842","7.56819,8.63051","7.64946,8.63051","7.72057,8.63051","7.80184,8.61842","7.80184,8.61842","7.96438,8.59424","8.05581,8.55798","8.15739,8.57007","8.24882,8.5338","8.33009,8.47337","8.33009,8.48545","8.47231,8.38875","8.55358,8.3404","8.62469,8.30414","8.6958,8.29205","8.75675,8.26788","8.76691,8.26788","8.87866,8.2437","8.95993,8.21953","9.05135,8.19535","9.12246,8.147","9.19357,8.12283","9.20373,8.12283","9.3358,8.06239","9.39675,8.02613","9.4577,7.97778","9.51865,7.9536","9.58976,7.90525","9.58976,7.90525","9.70151,7.8569",,,,,,,,,,,,,,,,,,,,,,,,,,,,,,,,,,,,,,,,,,,,,,,,,,,,,,,,,,,,,,,,,,,,,,,,,,,,,,,,,,,,,,,,,,,,,,,,,
"3.4641,7.89316","3.50473,7.88108","3.54537,7.86899","3.586,7.8569","3.59616,7.8569","3.70791,7.84481","3.77902,7.83273","3.83997,7.83273","3.91108,7.84481","4.01267,7.84481","4.02282,7.84481","4.18536,7.83273","4.26663,7.79646","4.33774,7.78438","4.42917,7.7602","4.51044,7.74811","4.51044,7.7602","4.68314,7.69976","4.78472,7.69976","4.86599,7.67559","4.87615,7.68768","4.95742,7.68768","4.95742,7.68768","5.16059,7.67559","5.24186,7.67559","5.33329,7.65141","5.43488,7.62724","5.51614,7.61515","5.5263,7.60306","5.67868,7.5668","5.78027,7.51845","5.90217,7.49428","5.98344,7.45801","6.07487,7.43384","6.07487,7.43384","6.24757,7.38549","6.339,7.36131","6.42026,7.34923","6.51169,7.33714","6.60312,7.32505","6.60312,7.32505","6.77582,7.2767","6.88756,7.26461","6.96883,7.22835","7.06026,7.20418","7.14153,7.16791","7.15169,7.18","7.18216,7.18","7.172,7.14374","7.50724,7.07121","7.57835,7.05912","7.66978,7.04704","7.67994,7.05912","7.78152,6.9866","7.87295,6.97451","7.94406,6.97451","8.11676,7.01077","8.19803,6.99869","8.20819,7.01077","8.34025,6.9866","8.42152,6.97451","8.48247,6.95034","8.55358,6.91407","8.61453,6.87781","8.6958,6.86572","8.82786,6.85364","8.89897,6.86572","8.97008,6.84155","9.03104,6.82946","9.10215,6.84155","9.10215,6.82946","9.20373,6.81737","9.285,6.80529","9.36627,6.80529","9.44754,6.7932","9.47802,6.78111","9.47802,6.78111","9.62024,6.76902","9.71167,6.75694","9.78278,6.74485","9.86405,6.73276","9.95547,6.72067","9.95547,6.70859","10.0266,6.6965","10.0977,6.6965","10.179,6.68441","10.2602,6.67232","10.3313,6.64815",,,,,,,,,,,,,,,,,,,,,,,,,,,,,,,,,,,,,,,,,,,,,,,,,,,,,,,,,,,,,,,,,,,,,,,,,,,,,,,,,,,,,,,,,,,,,,,,,,,,,,,,,,,,,,,,,,,,,,,,,,,,,,,,,
"3.1695,7.40966","3.25077,7.39758","3.32188,7.38549","3.40315,7.36131","3.40315,7.36131","3.56568,7.33714","3.64695,7.31296","3.72822,7.30088","3.79933,7.31296","3.90092,7.31296","3.91108,7.31296","4.10409,7.30088","4.21584,7.28879","4.30727,7.26461","4.41901,7.24044","4.53076,7.24044","4.53076,7.24044","4.62218,7.21626","4.66282,7.22835","4.61203,7.24044","4.61203,7.22835","4.60187,7.21626","4.60187,7.21626","4.56123,7.26461","5.55678,7.09539","5.66852,7.09539","5.78027,7.07121","5.90217,7.07121","5.91233,7.07121","5.94281,7.05912","5.85138,7.01077","5.86154,7.01077","5.88186,7.05912","5.8717,7.09539","5.86154,7.10747","6.72502,6.84155","6.83677,6.7932","6.93836,6.76902","7.0501,6.75694","7.14153,6.73276","7.16185,6.73276","7.18216,6.80529","7.20248,6.85364","7.20248,6.86572","7.75105,6.5998","7.84247,6.57562","7.83232,6.57562","7.83232,6.55145","7.83232,6.61189","7.87295,6.63606","7.9339,6.63606","8.02533,6.63606","8.03549,6.62397","8.55358,6.43057","8.65517,6.43057","8.74659,6.44266","8.8177,6.47892","8.82786,6.53936","8.83802,6.53936","8.79739,6.52727","9.31548,6.39431","9.39675,6.38222","9.48818,6.37013","9.5796,6.35805","9.5796,6.35805","9.77262,6.37013","9.8742,6.38222","9.97579,6.38222","10.0672,6.37013","10.1688,6.39431","10.179,6.39431","10.179,6.39431","10.1993,6.39431",,,,,,,,,,,,,,,,,,,,,,,,,,,,,,,,,,,,,,,,,,,,,,,,,,,,,,,,,,,,,,,,,,,,,,,,,,,,,,,,,,,,,,,,,,,,,,,,,,,,,,,,,,,,,,,,,,,,,,,,,,,,,,,,,,,,,,,,,,,,,,,,
"2.113,7.68768","2.16379,7.71185","2.2349,7.74811","2.2857,7.78438","2.29585,7.78438","2.44823,7.84481","2.5295,7.8569","2.61077,7.86899","2.68188,7.89316","2.77331,7.89316","2.78347,7.89316","2.80379,7.92943","2.86474,7.90525","3.13902,7.8569","3.24061,7.8569","3.36251,7.88108","3.36251,7.88108","3.41331,7.88108","3.43362,7.86899","3.44378,7.84481","3.49457,7.82064","3.52505,7.79646","3.54537,7.79646","3.59616,7.7602","3.586,7.7602","4.55107,8.21953","4.6425,8.20744","4.65266,8.18327","4.6425,8.18327","4.67298,8.19535","4.66282,8.18327","4.66282,8.19535","5.53646,8.23162","5.5771,8.17118","5.58726,8.17118","5.61773,8.20744","5.66852,8.147","5.67868,8.09865","5.67868,8.08657","6.37963,8.19535","6.37963,8.19535","6.38979,8.18327","6.39995,8.20744","6.38979,8.19535","6.43042,8.19535","6.50153,8.20744","6.50153,8.20744","6.52185,8.19535","6.54217,8.18327","6.56249,8.18327","6.56249,8.18327","6.56249,8.18327","7.52756,7.97778","7.72057,7.94152","7.84247,7.92943","7.94406,7.90525","8.03549,7.89316","8.07612,7.91734","8.07612,7.91734","8.11676,7.90525","8.14723,7.92943","8.46215,7.86899","8.55358,7.8569","8.62469,7.83273","8.64501,7.84481","8.64501,7.82064","8.91929,7.83273","9.03104,7.83273","9.14278,7.82064","9.25453,7.82064","9.26469,7.82064","9.36627,7.84481","9.35611,7.84481","9.35611,7.8569","9.35611,7.8569","9.34595,7.84481","10.1282,7.63933","10.3313,7.59098","10.4431,7.5668","10.5548,7.53054","10.6564,7.50636",,,,,,,,,,,,,,,,,,,,,,,,,,,,,,,,,,,,,,,,,,,,,,,,,,,,,,,,,,,,,,,,,,,,,,,,,,,,,,,,,,,,,,,,,,,,,,,,,,,,,,,,,,,,,,,,,,,,,,,,,,,,,,,,,,,,,,,,
"2.74283,6.92616","2.79363,6.91407","2.85458,6.91407","2.92569,6.91407","2.92569,6.91407","3.00696,6.91407","3.10855,6.92616","3.19997,6.93825","3.28124,6.96242","3.39299,6.97451","3.47426,6.93825","3.65711,6.93825","3.74854,6.91407","3.81965,6.90199","3.90092,6.90199","3.96187,6.87781","3.96187,6.87781","4.15489,6.82946","4.25647,6.82946","4.36822,6.86572","4.4698,6.86572","4.55107,6.86572","4.56123,6.86572","4.6425,6.85364","4.73393,6.85364","4.83552,6.84155","4.94726,6.84155","5.05901,6.84155","5.2825,6.81737","5.48567,6.78111","5.59741,6.75694","5.70916,6.74485","5.72948,6.72067","5.84122,6.70859","5.86154,6.70859","5.86154,6.76902","5.86154,6.81737","6.39995,6.56354","6.51169,6.56354","6.61328,6.56354","6.61328,6.56354","6.81645,6.51519","6.86724,6.51519","6.95867,6.47892","7.06026,6.45475","7.15169,6.43057","7.15169,6.43057","7.2228,6.4064","7.29391,6.38222","7.38534,6.35805","7.45645,6.33387","7.53772,6.32178","7.80184,6.33387","7.94406,6.32178","8.04565,6.3097","8.12692,6.3097","8.11676,6.3097","8.21834,6.29761","8.21834,6.3097","8.38088,6.27343","8.45199,6.26135","8.49263,6.26135","8.5739,6.23717","8.65517,6.20091","8.65517,6.213","8.8177,6.18882","8.8685,6.12838","8.95993,6.1163","9.0412,6.10421","9.14278,6.10421","9.21389,6.05586","9.3358,5.98333","9.43738,5.94707","9.51865,5.89872","9.61008,5.87455","9.68119,5.93498","9.68119,5.93498","9.86405,5.93498","9.95547,5.95916","10.0571,5.98333","10.1079,5.9229","10.2196,5.9229","10.2196,5.9229","10.372,5.93498",,,,,,,,,,,,,,,,,,,,,,,,,,,,,,,,,,,,,,,,,,,,,,,,,,,,,,,,,,,,,,,,,,,,,,,,,,,,,,,,,,,,,,,,,,,,,,,,,,,,,,,,,,,,,,,,,,,,,,,,,,,,,,,,,,,,,
"1.66602,7.05912","1.73713,7.0833","1.82856,7.10747","1.89967,7.13165","1.90983,7.13165","2.08252,7.15582","2.18411,7.14374","2.2857,7.14374","2.34665,7.15582","2.45839,7.15582","2.45839,7.15582","2.5295,7.15582","2.78347,7.10747","2.88506,7.11956","3.00696,7.11956","3.12886,7.14374","3.13902,7.14374","3.2914,7.18","3.41331,7.19209","3.53521,7.20418","3.68759,7.20418","3.80949,7.20418","4.03298,7.15582","4.29711,7.11956","4.41901,7.0833","4.55107,7.05912","4.54091,7.07121","4.67298,7.07121","4.67298,7.07121","4.68314,7.04704","4.82536,6.95034","5.2317,7.05912","5.37392,7.04704","5.51614,7.03495","5.5263,7.04704","5.68884,7.05912","5.81075,7.04704","5.92249,7.07121","6.08503,7.10747","6.21709,7.11956","6.4609,6.93825","6.5828,6.92616","6.68439,6.91407","6.78598,6.8899","6.88756,6.87781","6.9282,6.87781","6.9282,6.87781","6.96883,6.8899","7.06026,6.86572","7.172,6.84155","7.49708,6.78111","7.58851,6.75694","7.59867,6.75694","7.76121,6.68441","7.86279,6.64815","7.94406,6.63606","8.01517,6.61189","8.11676,6.5998","8.20819,6.62397","8.37072,6.58771","8.46215,6.57562","8.54342,6.53936","8.5739,6.53936","8.65517,6.5031","8.66533,6.5031","8.85834,6.47892","8.94977,6.44266","9.06151,6.44266","9.1631,6.44266","9.26469,6.45475","9.38659,6.4064","9.55929,6.4064","9.68119,6.4064","9.69135,6.41848","9.79293,6.4064","9.88436,6.39431","9.90468,6.38222","10.0571,6.35805","10.1891,6.34596","10.2805,6.32178","10.372,6.3097","10.4837,6.28552","10.4939,6.28552",,,,,,,,,,,,,,,,,,,,,,,,,,,,,,,,,,,,,,,,,,,,,,,,,,,,,,,,,,,,,,,,,,,,,,,,,,,,,,,,,,,,,,,,,,,,,,,,,,,,,,,,,,,,,,,,,,,,,,,,,,,,,,,,,,,,,,
"2.94601,6.5031","3.00696,6.49101","3.07807,6.5031","3.15934,6.5031","3.1695,6.5031","3.30156,6.53936","3.38283,6.53936","3.4641,6.55145","3.53521,6.55145","3.62664,6.55145","3.70791,6.55145","3.87044,6.52727","3.96187,6.49101","4.04314,6.47892","4.12441,6.45475","4.16504,6.41848","4.1752,6.44266","4.18536,6.39431","4.20568,6.39431","4.70345,6.44266","4.70345,6.44266","4.70345,6.49101","4.66282,6.46684","4.75425,6.44266","5.24186,6.44266","5.33329,6.44266","5.34345,6.44266","5.4044,6.46684","5.4044,6.43057","5.80059,6.33387","5.90217,6.3097","6.01392,6.29761","6.00376,6.29761","6.06471,6.28552","6.30852,6.26135","6.39995,6.26135","6.50153,6.26135","6.59296,6.27343","6.72502,6.27343","6.89772,6.24926","6.98915,6.24926","7.07042,6.24926","7.16185,6.23717","7.15169,6.23717","7.15169,6.23717","7.33454,6.20091","7.40565,6.17673","7.50724,6.15256","7.60883,6.1163","7.6901,6.1163","7.6901,6.1163","7.82216,6.09212","7.91359,6.09212","7.9847,6.08003","8.03549,6.03168","8.12692,6.0196","8.12692,6.00751","8.25898,5.98333","8.31993,5.97125","8.42152,5.95916","8.49263,5.93498","8.55358,5.91081","8.55358,5.91081","8.68564,5.88663","8.75675,5.86246","8.82786,5.83828","8.89897,5.8262","8.94977,5.8262","9.06151,5.80202","9.1631,5.77785","9.23421,5.78993","9.30532,5.78993","9.36627,5.78993","9.34595,5.78993","9.34595,5.78993","9.43738,5.80202","9.48818,5.78993","9.53897,5.78993","9.64056,5.77785","9.70151,5.77785","9.70151,5.77785","9.79293,5.77785","9.85389,5.78993","9.93516,5.80202","10.0266,5.81411","10.0774,5.83828","10.0774,5.83828","10.2094,5.8262","10.0774,5.83828","10.1383,5.8262","10.1282,5.77785","10.179,5.76576","10.179,5.77785","10.2298,5.74158","10.2196,5.69323","10.2298,5.68114",,,,,,,,,,,,,,,,,,,,,,,,,,,,,,,,,,,,,,,,,,,,,,,,,,,,,,,,,,,,,,,,,,,,,,,,,,,,,,,,,,,,,,,,,,,,,,,,,,,,,,,,,,,,,,,,,,,,,,,,,
"2.12316,6.27343","2.17395,6.26135","2.22474,6.26135","2.27554,6.28552","2.27554,6.28552","2.36696,6.32178","2.42792,6.34596","2.48887,6.37013","2.55998,6.41848","2.67172,6.45475","2.72252,6.4064","2.78347,6.39431","2.86474,6.38222","2.93585,6.37013","3.00696,6.34596","3.09839,6.34596","3.10855,6.34596","3.12886,6.34596","3.14918,6.35805","3.17966,6.35805","3.6368,6.28552","3.72822,6.27343","3.73838,6.28552","3.79933,6.26135","3.79933,6.23717","3.79933,6.23717","3.80949,6.23717","3.80949,6.23717","3.80949,6.23717","4.50028,6.08003","4.61203,6.03168","4.72377,6.0196","4.82536,6.0196","4.83552,5.98333","4.83552,5.97125","4.90663,6.0196","5.2825,6.0196","5.36377,6.04377","5.46535,6.05586","5.50599,6.10421","5.51614,6.10421","5.62789,6.03168","5.70916,6.03168","5.81075,6.0196","5.90217,6.04377","6.01392,6.1163","6.27804,6.00751","6.47106,6.0196","6.57264,6.00751","6.68439,6.00751","6.76566,5.99542","6.79613,6.03168","6.80629,6.0196","6.96883,5.99542","7.07042,5.99542","7.15169,5.99542","7.21264,5.99542","7.30407,6.00751","7.31423,6.00751","7.44629,6.00751","7.54787,6.0196","7.65962,6.03168","7.74089,6.0196","7.82216,5.99542","7.82216,5.99542","7.84247,6.04377","7.85263,6.09212","7.84247,6.09212","7.84247,6.08003","7.84247,6.10421","7.84247,6.10421","7.84247,6.08003","8.47231,6.00751","8.55358,5.99542","8.64501,5.99542","8.72628,5.99542","8.72628,5.99542","8.8685,5.99542","8.94977,6.05586","9.02088,6.04377","9.09199,6.03168","9.18342,6.04377","9.19357,6.04377","9.19357,6.05586","9.18342,6.08003","9.56944,6.14047","9.67103,6.15256","9.77262,6.15256","9.78278,6.16465","9.80309,6.1163","10.0571,6.12838","10.1485,6.1163","10.2298,6.10421","10.3009,6.10421","10.3212,6.1163",,,,,,,,,,,,,,,,,,,,,,,,,,,,,,,,,,,,,,,,,,,,,,,,,,,,,,,,,,,,,,,,,,,,,,,,,,,,,,,,,,,,,,,,,,,,,,,,,,,,,,,,,,,,,,,,,,,,,,,,,,
"2.37712,5.83828","2.38728,5.83828","2.4076,5.83828","2.42792,5.83828","2.42792,5.83828","2.46855,5.83828","2.49903,5.83828","2.51934,5.83828","2.53966,5.85037","2.60061,5.86246","2.60061,5.86246","2.69204,5.87455","2.76315,5.87455","2.80379,5.87455","2.86474,5.86246","2.93585,5.87455","2.94601,5.87455","3.06791,5.83828","3.14918,5.81411","3.22029,5.80202","3.32188,5.78993","3.40315,5.77785","3.40315,5.77785","3.586,5.75367","3.66727,5.74158","3.74854,5.72949","3.81965,5.74158","3.87044,5.75367","3.8806,5.75367","3.99235,5.76576","4.08378,5.76576","4.15489,5.76576","4.23616,5.75367","4.31742,5.75367","4.32758,5.75367","4.45965,5.72949","4.55107,5.70532","4.60187,5.70532","4.69329,5.70532","4.76441,5.70532","4.77456,5.70532","4.9371,5.69323","4.99805,5.70532","5.06916,5.71741","5.15043,5.74158","5.21139,5.75367","5.22154,5.75367","5.34345,5.78993","5.42472,5.8262","5.50599,5.83828","5.5771,5.85037","5.66852,5.86246","5.66852,5.86246","5.81075,5.87455","5.90217,5.88663","6.00376,5.91081","6.07487,5.91081","6.17646,5.93498","6.18662,5.93498","6.34915,5.99542","6.39995,5.99542","6.47106,6.0196","6.57264,6.0196","6.65391,6.00751","6.65391,6.00751","6.80629,6.00751","6.86724,6.0196","6.95867,6.0196","7.0501,6.00751","7.13137,6.0196","7.13137,6.0196","7.26343,6.03168","7.35486,6.05586","7.42597,6.06795","7.52756,6.09212","7.60883,6.10421","7.60883,6.10421","7.74089,6.12838","7.812,6.12838","7.89327,6.12838","7.97454,6.14047","8.07612,6.15256","8.07612,6.15256","8.15739,6.17673","8.21834,6.18882","8.30977,6.18882","8.39104,6.18882","8.47231,6.18882","8.48247,6.18882","8.51295,6.18882","8.50279,6.16465","8.50279,6.17673","8.94977,6.15256","9.03104,6.14047","9.03104,6.14047","9.19357,6.10421","9.29516,6.09212","9.37643,6.09212","9.43738,6.1163","9.50849,6.10421","9.50849,6.10421","9.67103,6.09212","9.7523,6.06795","9.85389,6.04377","9.925,6.0196","9.99611,5.99542","9.99611,5.99542","10.1079,5.95916","10.1891,5.94707","10.2805,5.91081","10.372,5.91081","10.4634,5.91081","10.4634,5.91081",,,,,,,,,,,,,,,,,,,,,,,,,,,,,,,,,,,,,,,,,,,,,,,,,,,,,,,,,,,,,,,,,,,,,,,,,,,,,,,,,,,,,,,,,,,,,,,,,,,,,,,,
"1.0565,6.03168","1.09713,6.03168","1.13777,6.04377","1.1784,6.05586","1.1784,6.05586","1.26983,6.06795","1.33078,6.06795","1.38158,6.08003","1.41205,6.09212","1.48316,6.10421","1.48316,6.10421","1.58475,6.1163","1.6457,6.1163","1.68634,6.1163","1.74729,6.1163","1.7676,6.12838","1.7676,6.12838","1.87935,6.12838","1.95046,6.14047","2.00125,6.14047","2.08252,6.16465","2.13332,6.18882","2.13332,6.18882","2.26538,6.24926","2.31617,6.28552","2.36696,6.29761","2.45839,6.28552","2.51934,6.3097","2.5295,6.3097","2.7022,6.33387","2.77331,6.34596","2.86474,6.37013","2.92569,6.38222","3.00696,6.39431","3.01712,6.4064","3.18981,6.4064","3.28124,6.44266","3.36251,6.46684","3.4641,6.49101","3.54537,6.51519","3.56568,6.51519","3.60632,6.5031","3.61648,6.51519","3.60632,6.52727","3.61648,6.53936","3.59616,6.53936","3.59616,6.53936","3.61648,6.53936","3.60632,6.55145","4.56123,6.63606","4.63234,6.63606","4.71361,6.63606","4.72377,6.63606","4.87615,6.62397","4.99805,6.61189","5.1098,6.66024","5.18091,6.64815","5.2825,6.63606","5.29265,6.64815","5.32313,6.63606","5.33329,6.62397","5.73964,6.61189","5.83106,6.61189","5.91233,6.5998","5.91233,6.5998","6.09519,6.61189","6.17646,6.61189","6.26788,6.61189","6.34915,6.5998","6.42026,6.5998","6.42026,6.5998","6.54217,6.57562","6.62344,6.56354","6.70471,6.53936","6.78598,6.52727","6.84693,6.53936","6.84693,6.53936","6.97899,6.55145","7.06026,6.56354","7.13137,6.56354","7.18216,6.56354","7.27359,6.57562","7.27359,6.57562","7.39549,6.58771","7.45645,6.5998","7.58851,6.57562","7.66978,6.58771","7.73073,6.58771","7.74089,6.58771","7.85263,6.58771","7.9339,6.5998","8.00501,6.5998","8.07612,6.5998","8.15739,6.5998","8.20819,6.63606","8.33009,6.63606","8.41136,6.63606","8.48247,6.64815","8.56374,6.64815","8.63485,6.66024","8.61453,6.67232","8.73644,6.70859","8.80755,6.73276","8.88882,6.73276","8.94977,6.74485","9.01072,6.74485","9.02088,6.74485","9.14278,6.75694","9.17326,6.76902","9.23421,6.76902","9.29516,6.75694","9.36627,6.76902","9.37643,6.75694","9.48818,6.76902","9.58976,6.75694","9.64056,6.74485","9.72182,6.72067","9.78278,6.6965","9.78278,6.6965","9.90468,6.68441","9.97579,6.70859","10.0063,6.70859","10.0469,6.6965","10.118,6.70859","10.1282,6.70859","10.2298,6.70859","10.3313,6.6965","10.3923,6.6965","10.4634,6.6965","10.5244,6.6965","10.5345,6.6965",,,,,,,,,,,,,,,,,,,,,,,,,,,,,,,,,,,,,,,,,,,,,,,,,,,,,,,,,,,,,,,,,,,,,,,,,,,,,,,,,,,,,,
"2.46855,5.31852","2.47871,5.33061","2.48887,5.33061","2.49903,5.34269","2.49903,5.34269","2.53966,5.35478","2.55998,5.35478","2.5803,5.35478","2.59045,5.36687","2.64125,5.37896","2.64125,5.37896","2.7022,5.37896","2.7022,5.39104","2.73268,5.39104","2.77331,5.37896","2.8241,5.40313","2.8241,5.40313","2.90537,5.39104","2.95617,5.37896","2.98664,5.39104","3.04759,5.39104","3.08823,5.39104","3.08823,5.39104","3.18981,5.40313","3.23045,5.41522","3.27108,5.40313","3.31172,5.41522","3.35235,5.42731","3.36251,5.42731","3.44378,5.42731","3.49457,5.42731","3.54537,5.43939","3.59616,5.43939","3.65711,5.41522","3.65711,5.41522","3.74854,5.40313","3.80949,5.40313","3.85013,5.40313","3.91108,5.40313","3.95171,5.40313","3.96187,5.40313","4.0533,5.37896","4.16504,5.39104","4.21584,5.39104","4.28695,5.40313","4.31742,5.40313","4.32758,5.40313","4.41901,5.42731","4.4698,5.45148","4.5206,5.46357","4.55107,5.48774","4.56123,5.47566","4.56123,5.47566","4.6425,5.51192","4.71361,5.52401","4.76441,5.54818","4.80504,5.56027","4.86599,5.57236","4.87615,5.57236","4.94726,5.60862","4.9879,5.62071","5.02853,5.64488","5.07932,5.65697","5.13012,5.66906","5.18091,5.70532","5.27234,5.76576","5.31297,5.81411","5.36377,5.8262","5.41456,5.8262","5.46535,5.85037","5.47551,5.86246","5.55678,5.88663","5.56694,5.88663","5.62789,5.88663","5.68884,5.89872","5.73964,5.91081","5.74979,5.91081","5.83106,5.93498","5.89201,5.94707","5.96313,5.93498","6.02408,5.93498","6.10535,5.93498","6.20693,5.9229","6.32884,5.94707","6.38979,5.95916","6.4609,5.98333","6.53201,5.99542","6.60312,5.99542","6.61328,5.99542","6.72502,6.00751","6.79613,6.0196","6.8774,6.0196","6.95867,6.0196","7.0501,6.0196","7.06026,6.0196","7.07042,6.0196","7.14153,6.0196","7.21264,6.0196","7.28375,6.0196","7.35486,6.00751","7.36502,6.00751","7.38534,6.04377","7.39549,6.04377","7.40565,6.04377","7.90343,5.99542","7.97454,5.99542","7.99485,6.00751","8.14723,6.03168","8.21834,6.03168","8.29961,6.03168","8.39104,6.03168","8.47231,6.04377","8.54342,6.04377","8.71612,6.05586","8.8177,6.04377","8.91929,6.03168","9.01072,6.03168","9.10215,6.00751","9.10215,6.00751","9.11231,6.00751","9.20373,6.00751","9.29516,6.00751","9.37643,5.99542","9.4577,5.98333","9.48818,5.98333","9.68119,5.97125","9.69135,5.95916","9.69135,5.95916","9.70151,5.97125","9.69135,5.97125","9.69135,5.97125","9.70151,5.97125","9.70151,5.97125",,,,,,,,,,,,,,,,,,,,,,,,,,,,,,,,,,,,,,,,,,,,,,,,,,,,,,,,,,,,,,,,,,,,,,,,,,,,,,,,,,,,
,,,,,,,,,,,,,,,,,,,,,,,,,,,,,,,,,,,,,,,,,,,,,,"3.26093,5.33061","3.37267,5.35478","3.40315,5.36687","3.4641,5.36687","3.49457,5.37896","3.53521,5.41522","3.53521,5.41522","3.60632,5.45148","3.66727,5.48774","3.71806,5.49983","3.73838,5.53609","3.79933,5.54818","3.79933,5.56027","3.8806,5.59653","3.9314,5.63279","3.98219,5.65697","4.03298,5.66906","4.08378,5.69323","4.07362,5.69323","4.1752,5.74158","4.226,5.77785","4.27679,5.77785","4.33774,5.78993","4.38854,5.8262","4.38854,5.81411","4.4698,5.85037","4.54091,5.86246","4.60187,5.89872","4.66282,5.91081","4.71361,5.94707","4.70345,5.93498","4.79488,5.99542","4.84567,6.00751","4.91678,6.03168","4.96758,6.04377","5.04885,6.04377","5.04885,6.04377","5.15043,6.08003","5.20123,6.10421","5.26218,6.1163","5.32313,6.1163","5.38408,6.1163","5.39424,6.1163","5.50599,6.1163","5.56694,6.1163","5.63805,6.1163","5.71932,6.1163","5.81075,6.12838","5.80059,6.14047","5.95297,6.16465","6.03424,6.17673","6.10535,6.213","6.18662,6.213","6.26788,6.22508","6.27804,6.23717","6.42026,6.27343","6.52185,6.29761","6.61328,6.3097","6.69455,6.32178","6.77582,6.33387","6.78598,6.33387","6.9282,6.34596","7.00947,6.35805","7.09074,6.35805","7.172,6.35805","7.26343,6.35805","7.28375,6.35805","7.45645,6.4064","7.54787,6.43057","7.62914,6.45475","7.71041,6.47892","7.78152,6.49101","7.78152,6.5031","7.94406,6.53936","8.03549,6.56354","8.14723,6.58771","8.2285,6.5998","8.31993,6.62397","8.34025,6.62397","8.49263,6.66024","8.5739,6.67232","8.65517,6.67232","8.74659,6.68441","8.83802,6.70859","8.83802,6.70859","9.02088,6.72067","9.11231,6.70859","9.21389,6.73276","9.30532,6.73276","9.40691,6.75694","9.40691,6.75694","9.56944,6.76902","9.66087,6.75694","9.77262,6.76902","9.85389,6.76902","9.94531,6.76902","9.95547,6.76902","10.1383,6.80529","10.2298,6.81737","10.3313,6.7932","10.4126,6.7932","10.504,6.7932","10.504,6.7932","10.6767,6.78111","10.7682,6.76902","10.8494,6.74485","10.9307,6.74485","11.0221,6.74485","11.0323,6.74485","11.2151,6.74485","11.2863,6.74485","11.398,6.74485","11.4691,6.73276","11.5707,6.74485","11.5707,6.73276","11.7434,6.72067","11.8247,6.6965","11.9059,6.68441","11.977,6.68441","12.0786,6.68441","12.0786,6.68441",,,,,,,,,,,,,,,,,,,,,,,,,,,,,,,,,,,,,,,,,,,,,,,,,,
"13.4196,5.10094","13.4196,5.10094","13.4094,5.10094","13.3993,5.11303","13.3993,5.11303","13.3891,5.11303","13.3688,5.11303","13.3586,5.12512","13.3485,5.13721","13.3485,5.16138","13.3485,5.16138","13.3281,5.17347","13.318,5.18556","13.2977,5.19764","13.2774,5.20973","13.2774,5.23391","13.2774,5.24599","13.2469,5.25808","13.2266,5.27017","13.2062,5.28226","13.2062,5.30643","13.1859,5.30643","13.1859,5.30643","13.1656,5.33061","13.1351,5.34269","13.125,5.34269","13.0945,5.34269","13.0742,5.35478","13.0742,5.35478","13.0335,5.35478","13.0234,5.35478","13.0031,5.35478","12.9827,5.35478","12.9624,5.36687","12.9624,5.36687","12.9015,5.36687","12.8812,5.36687","12.8405,5.37896","12.8202,5.40313","12.7796,5.41522","12.7796,5.41522","12.7085,5.41522","12.6577,5.43939","12.617,5.43939","12.5662,5.45148","12.5256,5.46357","12.5256,5.46357","12.4545,5.46357","12.4037,5.46357","12.3631,5.46357","12.3021,5.45148","12.2615,5.45148","12.2513,5.45148","12.1599,5.43939","12.1193,5.43939","12.0685,5.43939","12.0177,5.43939","11.9872,5.45148","11.9872,5.45148","11.9059,5.46357","11.8551,5.46357","11.8145,5.46357","11.7739,5.46357","11.7332,5.45148","11.7332,5.45148","11.6824,5.46357","11.652,5.46357","11.6215,5.46357","11.591,5.45148","11.5605,5.45148","11.5605,5.45148","11.4894,5.42731","11.4691,5.41522","11.4386,5.40313","11.4285,5.39104","11.4183,5.37896","11.4183,5.37896","11.3675,5.37896","11.3472,5.36687","11.3167,5.36687","11.2964,5.35478","11.2964,5.35478","11.2964,5.35478","11.2456,5.35478","11.2253,5.35478","11.2253,5.35478","11.2151,5.35478","11.205,5.34269","11.205,5.34269","11.1745,5.33061","11.144,5.31852","11.1339,5.30643","11.1237,5.30643","11.1136,5.30643","11.1136,5.30643","11.0831,5.28226","11.0729,5.27017","11.0526,5.27017","11.0424,5.25808","11.0323,5.24599","11.0323,5.24599","10.9917,5.23391","10.9713,5.22182","10.9612,5.19764","10.9409,5.18556","10.9104,5.17347","10.9104,5.17347","10.8596,5.14929","10.8291,5.13721","10.8088,5.12512","10.7783,5.11303","10.7478,5.11303","10.7478,5.11303","10.6767,5.12512","10.6361,5.13721","10.5955,5.13721","10.5548,5.14929","10.5142,5.14929","10.5142,5.14929","10.4431,5.16138","10.4228,5.16138","10.3923,5.17347","10.3415,5.17347","10.311,5.18556","10.311,5.18556","10.2298,5.18556","10.179,5.18556","10.1383,5.18556","10.1079,5.19764","10.0469,5.20973","10.0469,5.20973","9.97579,5.22182","9.925,5.23391","9.8742,5.23391","9.82341,5.24599","9.78278,5.28226","9.78278,5.28226","9.67103,5.30643","9.62024,5.31852","9.5796,5.34269","9.52881,5.35478","9.47802,5.37896","9.47802,5.37896","9.39675,5.41522","9.34595,5.42731","9.29516,5.42731","9.23421,5.42731","9.17326,5.43939","9.17326,5.43939","9.06151,5.45148","9.00056,5.45148","8.93961,5.45148","8.88882,5.45148","8.82786,5.46357","8.8177,5.46357","8.72628,5.47566","8.66533,5.47566","8.61453,5.48774","8.55358,5.49983","8.50279,5.52401","8.50279,5.52401","8.38088,5.54818","8.31993,5.56027","8.25898,5.57236","8.20819,5.58444","8.15739,5.59653","8.15739,5.59653","8.04565,5.60862","7.9847,5.60862","7.92374,5.60862","7.86279,5.62071","7.812,5.63279","7.812,5.63279","7.70025,5.63279","7.6393,5.62071","7.58851,5.62071","7.52756,5.62071","7.47676,5.62071","7.4666,5.62071","7.37518,5.63279","7.32438,5.63279","7.27359,5.64488","7.2228,5.65697","7.172,5.66906","7.172,5.66906","7.07042,5.66906","7.01962,5.68114","6.96883,5.68114","6.91804,5.69323","6.86724,5.70532","6.86724,5.70532","6.76566,5.70532","6.71487,5.72949","6.65391,5.72949","6.60312,5.72949","6.55233,5.74158","6.54217,5.74158","6.44058,5.74158","6.37963,5.72949","6.32884,5.74158","6.26788,5.74158","6.20693,5.72949","6.20693,5.72949","6.09519,5.71741","6.04439,5.70532","5.9936,5.69323","5.94281,5.68114","5.89201,5.68114","5.88186,5.68114","5.78027,5.66906","5.71932,5.66906","5.66852,5.66906","5.60757,5.66906","5.54662,5.65697","5.54662,5.65697","5.43488,5.65697","5.36377,5.65697"
