"9.0859,4.6587","9.1683,4.6986","9.3273,4.7815","9.4103,4.8088","9.4131,4.8101","9.4782,4.8486","9.5378,4.8893","9.6089,4.9272","9.7349,5.008","9.8248,5.0891","9.8222,5.0922","9.9074,5.155","9.9656,5.2273","10.0387,5.3103","10.1814,5.4219","10.2558,5.5078","10.2406,5.5133","10.3088,5.5756","10.4024,5.655","10.4929,5.6907","10.6334,5.7938","10.7104,5.824","10.7192,5.8348","10.8036,5.8896","10.899,5.9522","10.9714,6.0062","11.1094,6.14","11.2057,6.2246","11.2108,6.2251","11.2477,6.2835","11.3339,6.3499","11.395,6.4145","11.5229,6.5315","11.6074,6.5446","11.6127,6.5461","11.7084,6.5926","11.787,6.6273","11.8508,6.6545","11.9795,6.7291","12.009,6.7667","12.0146,6.7628","12.0502,6.8097","12.1055,6.847","12.1404,6.8868","12.2127,6.929","12.2591,6.9447","12.2535,6.9423","12.2799,6.9576","12.3066,6.9546","12.3507,6.9586","12.4596,6.9368","12.4943,6.9217","12.5081,6.9265","12.5475,6.9038","12.5868,6.8997","12.6311,6.8872","12.7163,6.8927","12.7744,6.8833","12.7707,6.8806","12.8286,6.877","12.8649,6.8777","12.917,6.846","12.9949,6.7998","13.0511,6.737","13.0371,6.7431","13.0755,6.7007","13.1125,6.6203","13.1488,6.5734","13.2345,6.4592",,,,,,,,,,,,,,,,,,,,,,,,,,,,,,,,,,,,,,,,,,,,,,,,,,,,,,,,,,,,,,,,,,,,,,,,,,,,,,,,,,,,,,,,,,,,,,,,,,,,,,,,,,,,,,,,,,,,,,,,,,,,,,,,,,,,,,,,,,,,,,,,,,,,,,,,,,,,,,,,,,,,,,,,,,,,,,,,,,,,,,,,,,,,,,,,,,,,,,,,,,,,,,,,,,,,,,,,,,,,,,,,,,,,,,,,,,,,,,,,,,,,,,,,,,,,,,,,,,,,,,,,,,,,,,,,,,,,,,,,,,,,,,,,,,,,,,,,,,,,,,,,,,,,,,,,,,,,,,,,,,,,,,,,,
"8.3514,5.054","8.3665,5.0681","8.4076,5.1055","8.4404,5.1208","8.4414,5.1199","8.476,5.1448","8.4978,5.1602","8.5354,5.178","8.6353,5.2123","8.6944,5.2315","8.6972,5.2329","8.7374,5.2456","8.7796,5.2541","8.8485,5.2695","8.9631,5.282","9.0135,5.2793","9.0244,5.2863","9.089,5.2935","9.1436,5.308","9.1973,5.3177","9.3095,5.3338","9.3375,5.3397","9.3371,5.3401","9.4182,5.3613","9.4689,5.3764","9.5154,5.4045","9.6055,5.445","9.6811,5.4757","9.6772,5.4827","9.7266,5.5053","9.787,5.5261","9.8526,5.5526","9.9841,5.5892","10.0622,5.6169","10.0567,5.6189","10.138,5.6519","10.2049,5.6893","10.2463,5.6901","10.3732,5.7453","10.4294,5.7665","10.4303,5.7714","10.4845,5.7853","10.54,5.8125","10.6041,5.8487","10.7252,5.9203","10.7812,5.9445","10.7815,5.9555","10.8285,5.9965","10.8693,6.0286","10.9421,6.0774","11.0417,6.1458","11.108,6.1809","11.1015,6.1823","11.1691,6.2108","11.2037,6.2612","11.2617,6.2917","11.367,6.3336","11.4043,6.3695","11.4002,6.3644","11.4406,6.3886","11.4835,6.3986","11.5279,6.4239","11.5991,6.489","11.6104,6.5215","11.6034,6.5248","11.6361,6.5456","11.6688,6.5672","11.6716,6.587","11.7177,6.6144","11.7247,6.6315","11.7264,6.6334","11.7474,6.6413","11.7872,6.6709","11.7977,6.6635","11.8495,6.6994","11.8707,6.7118","11.8757,6.7158","11.9049,6.7128","11.9258,6.719","11.9506,6.7213","11.9874,6.735","12.0129,6.7194","12.0197,6.7236","12.0309,6.722","12.0526,6.728","12.0838,6.7243","12.1147,6.73","12.1275,6.7442","12.1291,6.7396","12.1419,6.7338","12.1487,6.7549","12.1561,6.7462","12.2109,6.7684","12.2238,6.7649","12.2399,6.7682","12.2554,6.775","12.2719,6.7887","12.2771,6.8045","12.3291,6.8043","12.3547,6.8084","12.3568,6.8081","12.3765,6.816","12.4048,6.819","12.438,6.8283","12.4941,6.8318","12.526,6.8372","12.5285,6.8375","12.5645,6.836","12.5964,6.833","12.6231,6.8349","12.6998,6.8185","12.7467,6.8103","12.7458,6.8088","12.7976,6.8043","12.8258,6.8042","12.8694,6.7963","12.9446,6.7845","12.9904,6.7794","12.988,6.7767","13.025,6.779","13.0648,6.7706",,,,,,,,,,,,,,,,,,,,,,,,,,,,,,,,,,,,,,,,,,,,,,,,,,,,,,,,,,,,,,,,,,,,,,,,,,,,,,,,,,,,,,,,,,,,,,,,,,,,,,,,,,,,,,,,,,,,,,,,,,,,,,,,,,,,,,,,,,,,,,,,,,,,,,,,,,,,,,,,,,,,,,,,,,,,,,,,,,,,,,,,,,,,,,,,,,,,,,,,,,,,,,,,,,,,,,,,,,,,,,,,,,,,,,,,,,,,,,,,,,,,,,,,,,,,,,,,,,,,,,,,,,,,,,,,,,,,,
"8.1005,5.4733","8.1154,5.4758","8.1493,5.4671","8.1766,5.4535","8.1625,5.4626","8.173,5.4635","8.1641,5.4573","8.1653,5.4454","8.1535,5.4263","8.1697,5.4371","8.1522,5.4425","8.1526,5.435","8.123,5.4325","8.1214,5.4044","8.1009,5.3976","8.0951,5.3876","8.0876,5.3862","8.0917,5.3792","8.0945,5.3759","8.0992,5.3617","8.1132,5.3456","8.1187,5.3347","8.1188,5.3381","8.1337,5.3277","8.169,5.3171","8.1845,5.3199","8.2417,5.3127","8.2729,5.3177","8.2651,5.3195","8.2997,5.3165","8.3341,5.3279","8.3741,5.3323","8.4425,5.3356","8.4703,5.3363","8.4718,5.3337","8.5098,5.3448","8.5456,5.3428","8.559,5.3401","8.6457,5.3238","8.6654,5.3181","8.6733,5.3159","8.6998,5.2998","8.7368,5.2959","8.7597,5.2777","8.8163,5.267","8.8476,5.2529","8.854,5.2591","8.8808,5.2585","8.905,5.2443","8.9521,5.247","9.0238,5.2337","9.0566,5.2454","9.0508,5.2414","9.0901,5.2257","9.1226,5.2434","9.1659,5.2381","9.2426,5.2482","9.2699,5.247","9.2681,5.2449","9.3218,5.2384","9.3589,5.2489","9.3925,5.2419","9.4619,5.2362","9.5069,5.2406","9.5044,5.2399","9.5445,5.232","9.5813,5.224","9.6205,5.2222","9.7068,5.2257","9.7315,5.1989","9.74,5.202","9.7739,5.2051","9.8193,5.1928","9.8633,5.1813","9.9465,5.181","9.9924,5.1752","9.9914,5.1877","10.0235,5.1805","10.059,5.1879","10.0987,5.1909","10.1663,5.207","10.1997,5.1966","10.2051,5.2055","10.234,5.2237","10.274,5.2216","10.3166,5.2365","10.3954,5.2788","10.4162,5.2779","10.4276,5.2785","10.4564,5.287","10.5006,5.303","10.5332,5.3156","10.5974,5.3471","10.6313,5.348","10.6368,5.3568","10.6683,5.3602","10.6981,5.3795","10.7334,5.4013","10.7946,5.3996","10.8296,5.4172","10.8184,5.4207","10.8489,5.4245","10.8776,5.4357","10.9215,5.449","10.9731,5.4721","10.9998,5.4701","11.0008,5.4771","11.034,5.4885","11.0511,5.5098","11.0826,5.5246","11.1304,5.5612","11.1399,5.5859","11.1516,5.5842","11.1737,5.5959","11.1882,5.6182","11.2065,5.6322","11.2332,5.6756","11.247,5.6809","11.259,5.6788","11.2733,5.7051","11.2836,5.7114","11.3095,5.7325","11.3389,5.767","11.3503,5.7863","11.3432,5.7922","11.369,5.8019","11.3774,5.8124","11.3975,5.8393","11.4496,5.8483","11.4623,5.8544","11.4683,5.8524","11.4801,5.873","11.5008,5.8767","11.5241,5.8817","11.5479,5.895","11.5629,5.9074","11.5643,5.8985","11.5785,5.9022","11.5971,5.9161","11.5976,5.921","11.6317,5.9279","11.6397,5.9466","11.6443,5.9387","11.6502,5.949","11.6621,5.9579","11.6643,5.9614","11.6772,5.9779","11.6776,5.9842","11.6793,5.9894","11.6723,5.9966","11.6835,6.0019","11.6947,6.0219","11.6842,6.0284","11.685,6.0419","11.6849,6.0492","11.6829,6.0563","11.6819,6.0675","11.6817,6.0658","11.6831,6.096","11.6686,6.1131","11.6757,6.1011","11.6871,6.1271","11.6762,6.1276","11.6588,6.1457","11.6613,6.1749","11.6496,6.181","11.6532,6.1883","11.6566,6.185","11.648,6.1954","11.6473,6.2062","11.6466,6.2265","11.6424,6.2368","11.6539,6.234","11.6531,6.2452","11.6538,6.2454","11.661,6.2553","11.6597,6.27","11.6621,6.2758","11.6652,6.2764","11.6544,6.2838","11.6624,6.2842","11.677,6.2783","11.685,6.2743","11.6931,6.2792","11.69,6.2731","11.703,6.2674","11.7037,6.2606","11.7191,6.268","11.7171,6.2813","11.7365,6.2654","11.7303,6.2666","11.7374,6.2581","11.7494,6.2611","11.7538,6.2564","11.7624,6.2622","11.764,6.2452","11.7694,6.2384","11.7799,6.241","11.786,6.2408","11.776,6.2498","11.7882,6.239","11.798,6.2289","11.7953,6.2414","11.7975,6.2379","11.7913,6.229","11.8049,6.2322","11.7904,6.2322","11.7881,6.2289","11.7938,6.2312","11.8014,6.2228","11.8121,6.2221","11.8086,6.2149","11.815,6.2318","11.8138,6.2364","11.8069,6.2315","11.8178,6.2335","11.8265,6.2317","11.8346,6.2299","11.823,6.2249","11.8365,6.2299","11.827,6.2337","11.8308,6.2127","11.8317,6.2404","11.835,6.2263","11.8338,6.2283","11.8311,6.2288","11.8333,6.2364","11.84,6.2317","11.8397,6.2341","11.8429,6.2356","11.8456,6.2546","11.8465,6.2462","11.8456,6.2427","11.8576,6.251","11.8515,6.2584","11.8484,6.2565","11.8517,6.2706","11.8513,6.2826","11.8461,6.2769","11.8406,6.2817","11.8451,6.3013","11.8412,6.3036","11.8334,6.3248","11.8338,6.3384","11.8336,6.3388","11.8277,6.3535","11.8237,6.3646","11.8178,6.38","11.802,6.4029","11.7981,6.4192","11.801,6.4212","11.7924,6.4383","11.7826,6.4533","11.7734,6.4667","11.7583,6.5061","11.7535,6.5166","11.7556,6.5139","11.754,6.5313","11.7439,6.5397","11.7431,6.5557","11.7371,6.5868","11.7403,6.6023","11.7372,6.5964","11.7376,6.6069","11.7499,6.6219","11.7495,6.6192","11.7512,6.6411","11.7594,6.6444","11.7551,6.6483","11.7515,6.6542","11.7655,6.6565","11.7777,6.6644","11.7905,6.674","11.8002,6.6663","11.8006,6.6695","11.8109,6.6698","11.822,6.6726","11.8341,6.6734","11.8457,6.6799","11.8551,6.6824","11.8581,6.6823","11.8654,6.6887","11.8558,6.6968","11.8801,6.7104","11.8901,6.7263","11.9036,6.7202","11.8939,6.7248","11.9109,6.7379","11.916,6.7384","11.9209,6.7539","11.9297,6.7899","11.9437,6.7854","11.9421,6.7906","11.9465,6.8017","11.9558,6.8114","11.9567,6.8228","11.9718,6.8507","11.9869,6.8582","11.9804,6.8608","11.9886,6.8701","12.0114,6.8783","12.0275,6.8874","12.0467,6.9029","12.0695,6.915","12.0645,6.9255","12.0737,6.9383","12.0812,6.9501","12.0971,6.9555","12.1626,6.9377","12.1734,6.9437","12.1882,6.9559","12.1986,6.9426","12.239,6.9391","12.2472,6.9403","12.3114,6.9296","12.3239,6.9378","12.3248,6.9226","12.3529,6.9251","12.3785,6.9232","12.4073,6.9261","12.4629,6.9293","12.4959,6.9291","12.4994,6.9284","12.5277,6.9321","12.5636,6.9394","12.6262,6.9462","12.6573,6.9519","12.6863,6.9595","12.6894,6.9586","12.7209,6.9583","12.7472,6.9565","12.8079,6.9609","12.8249,6.959","12.8511,6.9585","12.8561,6.9619","12.8804,6.9555","12.905,6.955","12.9496,6.9363","12.9883,6.923","13.006,6.9153","13.0063,6.9217","13.0343,6.9062","13.042,6.8875","13.095,6.8506","13.113,6.853","13.139,6.8315",,,,,,,,,,,,,,,,,,,,,,,,,,,,,,,,,,,,,,,,,,,,,,,,,,,,
"7.5279,4.4665","7.5326,4.4782","7.5701,4.4958","7.6025,4.5027","7.61,4.4961","7.64,4.4949","7.6613,4.4996","7.6891,4.4978","7.7674,4.4786","7.8195,4.4821","7.8204,4.4943","7.873,4.4805","7.9234,4.4802","7.9824,4.4616","8.0797,4.4617","8.1331,4.4587","8.1205,4.46","8.1779,4.4684","8.2196,4.4712","8.2644,4.463","8.3422,4.4642","8.395,4.4557","8.3896,4.4551","8.4521,4.4506","8.5153,4.441","8.5727,4.4423","8.7272,4.4169","8.7932,4.4105","8.796,4.4126","8.8612,4.4017","8.9486,4.4043","9.0293,4.4061","9.1622,4.4357","9.2542,4.4472","9.2522,4.454","9.3112,4.4782","9.3874,4.508","9.4497,4.5386","9.5966,4.5956","9.6683,4.5951","9.6709,4.6023","9.7259,4.6139","9.8059,4.6217","9.8795,4.6485","10.0117,4.7023","10.0926,4.7393","10.086,4.7354","10.1543,4.7621","10.2212,4.8049","10.2984,4.8392","10.4284,4.9014","10.5033,4.9263","10.506,4.9335","10.5666,4.9561","10.6349,5.0005","10.6893,5.0596","10.827,5.1649","10.8899,5.2038","10.8889,5.2107","10.9448,5.2502","11.0057,5.2983","11.0619,5.3439","11.1777,5.4226","11.2275,5.4938","11.23,5.4963","11.2839,5.5329","11.3316,5.5945","11.3769,5.6258","11.4542,5.7154","11.4848,5.7547","11.4909,5.7534","11.5241,5.7946","11.5492,5.8375","11.5702,5.9031","11.615,5.9748","11.6637,6.0302","11.6433,6.019","11.6641,6.0383","11.6901,6.0645","11.7232,6.1078","11.7681,6.179","11.7806,6.1813","11.7814,6.1799","11.8136,6.2068","11.832,6.2154","11.8506,6.252","11.8993,6.2778","11.9189,6.307","11.9171,6.3053","11.9443,6.3136","11.965,6.3178","11.9766,6.3431","12.0054,6.3627","12.0176,6.3609","12.0134,6.374","12.0316,6.3776","12.0362,6.3848","12.0429,6.3928","12.0393,6.401","12.0447,6.4043","12.0473,6.4168","12.0518,6.4152","12.048,6.4201","12.0544,6.4303","12.0626,6.4265","12.0744,6.4293","12.0738,6.4304","12.096,6.4335","12.0867,6.4329","12.0921,6.4365","12.1033,6.4469","12.0957,6.4484","12.1118,6.4576","12.1128,6.4568","12.1045,6.4643","12.0978,6.4643","12.0856,6.4714","12.0933,6.4889","12.1005,6.4965","12.0978,6.4946","12.1055,6.5092","12.1199,6.5283","12.1336,6.5439","12.1478,6.557","12.1549,6.5721","12.1597,6.5636","12.1456,6.572","12.1574,6.5746","12.2047,6.5915","12.1996,6.5988","12.1967,6.5973","12.2093,6.6019","12.2063,6.6047","12.2314,6.6021","12.2462,6.5891","12.2736,6.5889","12.2531,6.5822","12.2604,6.5789","12.2734,6.5778","12.3006,6.5679","12.3095,6.5636","12.3266,6.5584","12.3275,6.5581","12.35,6.5576","12.3676,6.5535","12.3682,6.5519","12.3768,6.5558","12.3767,6.5509","12.3851,6.5435","12.3758,6.5467","12.3907,6.5492","12.3908,6.5471","12.3992,6.5469","12.4116,6.5425","12.3936,6.5367","12.4095,6.532","12.4137,6.5358","12.4313,6.5246","12.4856,6.5363","12.5058,6.5437","12.5205,6.5494","12.5492,6.5504","12.588,6.5623","12.6264,6.5528","12.7048,6.5752","12.7212,6.5713","12.7229,6.5685","12.7533,6.5705","12.7768,6.5616","12.7871,6.5682","12.8095,6.5538","12.8087,6.5494","12.821,6.5493","12.8305,6.5411","12.8563,6.5332","12.895,6.5294","12.9892,6.5061","13.0247,6.5024","13.0356,6.5067","13.0788,6.5035",,,,,,,,,,,,,,,,,,,,,,,,,,,,,,,,,,,,,,,,,,,,,,,,,,,,,,,,,,,,,,,,,,,,,,,,,,,,,,,,,,,,,,,,,,,,,,,,,,,,,,,,,,,,,,,,,,,,,,,,,,,,,,,,,,,,,,,,,,,,,,,,,,,,,,,,,,,,,,,,,,,,,,,,,,,,,,,,,,,,,,,,,,,,,,,,,,,,,,,,,,,,,,,,,,,,,,,,,,
"7.0776,4.9907","7.0964,5.0015","7.1386,5.0043","7.1749,5.0007","7.1805,5.0114","7.2033,5.014","7.2322,5.0101","7.2658,5.0096","7.3409,5.0152","7.3835,5.004","7.3854,5.0119","7.4127,5.0045","7.4584,4.997","7.5015,4.9997","7.5863,4.9907","7.6494,4.9845","7.6501,4.9838","7.7031,4.9805","7.7549,4.9786","7.8033,4.9715","7.9035,4.9661","7.9622,4.9771","7.9685,4.9787","8.0382,4.9776","8.0382,4.9776","8.1524,4.9917","8.2338,4.992","8.2918,4.9933","8.2831,4.9822","8.3407,4.9891","8.4138,5.0067","8.4725,5.0083","8.5955,5.0179","8.6574,5.0178","8.6668,5.016","8.733,5.0219","8.8077,5.0243","8.8579,5.0185","8.9868,5.0135","9.0524,5.0277","9.0609,5.0263","9.1267,5.0252","9.2025,5.0316","9.2572,5.035","9.3993,5.075","9.4816,5.1279","9.4856,5.1107","9.5487,5.147","9.6088,5.1595","9.6895,5.1837","9.8452,5.2242","9.8993,5.2355","9.9016,5.2327","9.9772,5.251","10.0466,5.2739","10.1133,5.2871","10.235,5.3246","10.293,5.3509","10.2985,5.3523","10.355,5.3741","10.4187,5.3986","10.4771,5.4446","10.5824,5.5083","10.6316,5.5274","10.6326,5.5347","10.6811,5.5553","10.7547,5.5789","10.7965,5.6084","10.9113,5.6758","10.9553,5.6833","10.9554,5.6874","11.0113,5.7191","11.0547,5.7638","11.0907,5.7803","11.1619,5.8473","11.2001,5.8795","11.2039,5.8837","11.2248,5.9012","11.2607,5.9287","11.294,5.947","11.3525,5.9844","11.3652,6.0014","11.3679,5.9968","11.3898,6.0284","11.4065,6.0482","11.4307,6.0638","11.4609,6.1025","11.474,6.1225","11.4855,6.1189","11.4917,6.1261","11.4996,6.156","11.5036,6.172","11.5311,6.2134","11.5564,6.2226","11.5493,6.223","11.5678,6.2399","11.5799,6.2658","11.5927,6.2841","11.6068,6.2949","11.6099,6.31","11.6053,6.2996","11.6095,6.3188","11.6272,6.3333","11.6354,6.3433","11.6512,6.3802","11.6454,6.395","11.6456,6.3902","11.6517,6.4089","11.6472,6.4155","11.654,6.4214","11.6597,6.4371","11.6622,6.4435","11.6643,6.4354","11.6743,6.4347","11.6743,6.4395","11.6799,6.4273","11.6971,6.4344","11.7022,6.428","11.7,6.4245","11.7064,6.4311","11.7125,6.4345","11.7244,6.4676","11.7217,6.4765","11.7347,6.4937","11.7276,6.4746","11.7324,6.4904","11.7393,6.5027","11.7536,6.5183","11.7714,6.5198","11.7791,6.5223","11.7863,6.5283","11.794,6.5204","11.8098,6.5236","11.8237,6.5192","11.845,6.5043","11.8587,6.5255","11.8532,6.5158","11.8703,6.5284","11.8835,6.5277","11.8961,6.532","11.9092,6.5287","11.9284,6.5443","11.9262,6.5424","11.9337,6.5486","11.9396,6.5617","11.9515,6.5792","11.9683,6.5878","11.981,6.6215","11.9822,6.6069","11.9798,6.6177","11.9916,6.6542","12.0009,6.6622","12.0104,6.6792","12.0262,6.6819","12.0268,6.6779","12.0295,6.6791","12.0404,6.6728","12.0505,6.6646","12.0797,6.6573","12.0981,6.6679","12.0882,6.6674","12.1063,6.6686","12.1287,6.6656","12.1464,6.6662","12.1813,6.653","12.21,6.6423","12.1993,6.6437","12.2302,6.6339","12.2607,6.6151","12.2824,6.6125","12.3303,6.5697","12.3237,6.5683","12.3279,6.5577","12.3349,6.5399","12.3741,6.53","12.3797,6.4979","12.3991,6.4216","12.4253,6.3738","12.4194,6.3785","12.4218,6.357","12.4373,6.3324","12.4373,6.3197","12.4529,6.2941","12.4521,6.2885","12.4488,6.2873","12.458,6.2863","12.4609,6.2909","12.4582,6.2988","12.4695,6.3213","12.4719,6.3338","12.4695,6.3342","12.4768,6.3491","12.4789,6.3555","12.491,6.364","12.5216,6.389","12.5424,6.4125","12.5404,6.4168","12.5763,6.4276","12.6004,6.4369","12.633,6.443","12.6999,6.4785","12.737,6.4865","12.722,6.4997","12.7534,6.508","12.7799,6.5248","12.8168,6.55","12.8806,6.5943","12.9067,6.6085","12.907,6.6088","12.9366,6.624","12.9638,6.6358","12.9948,6.6314",,,,,,,,,,,,,,,,,,,,,,,,,,,,,,,,,,,,,,,,,,,,,,,,,,,,,,,,,,,,,,,,,,,,,,,,,,,,,,,,,,,,,,,,,,,,,,,,,,,,,,,,,,,,,,,,,,,,,,,,,,,,,,,,,,,,,,,,,,,,,,,,,,,,,,,,,,,,,,,,,,,,,,,,,,,,,,,,,,,,,,,,,,
"7.5119,5.7297","7.508,5.7286","7.5277,5.7123","7.5557,5.7129","7.5592,5.71","7.5615,5.7089","7.5647,5.6965","7.5817,5.6941","7.6389,5.6721","7.6587,5.6743","7.6644,5.6674","7.6779,5.6637","7.7069,5.6574","7.719,5.6612","7.7515,5.6571","7.7597,5.6584","7.7667,5.6491","7.7771,5.6538","7.7952,5.6534","7.815,5.6519","7.8624,5.658","7.8916,5.6631","7.8892,5.661","7.9383,5.6833","7.9823,5.7013","8.0231,5.7279","8.1257,5.7661","8.1881,5.7852","8.1892,5.7834","8.2414,5.7797","8.3044,5.7907","8.3514,5.7841","8.4561,5.762","8.5074,5.7456","8.5086,5.7485","8.5615,5.7391","8.6327,5.712","8.6607,5.6992","8.7635,5.6917","8.819,5.6933","8.8156,5.6815","8.8746,5.6871","8.9377,5.697","8.995,5.7005","9.1038,5.7122","9.1516,5.6999","9.1542,5.6909","9.2067,5.6953","9.2426,5.6884","9.306,5.6914","9.3867,5.6682","9.4574,5.6586","9.4619,5.6662","9.5118,5.6519","9.561,5.6658","9.6122,5.6753","9.7191,5.7018","9.7667,5.7129","9.7681,5.7161","9.8287,5.7252","9.8824,5.7294","9.9425,5.7341","10.0669,5.7458","10.1369,5.7476","10.1262,5.7584","10.1893,5.7706","10.2405,5.7832","10.286,5.8059","10.3609,5.8689","10.405,5.8922","10.4143,5.8821","10.4621,5.9188","10.502,5.9191","10.555,5.9424","10.6508,5.972","10.7024,5.9956","10.707,6.0001","10.7508,5.999","10.7904,6.0234","10.8269,6.0444","10.8872,6.1074","10.9134,6.1149","10.9111,6.1138","10.9441,6.145","10.9656,6.1519","11.0234,6.182","11.081,6.2023","11.1023,6.2164","11.1003,6.2177","11.1295,6.2262","11.1413,6.2585","11.1615,6.2702","11.1996,6.3269","11.2158,6.3549","11.2146,6.3614","11.2225,6.392","11.2392,6.425","11.2498,6.4342","11.2841,6.4792","11.3006,6.4919","11.2999,6.4888","11.3129,6.5115","11.3319,6.5265","11.3445,6.5447","11.3733,6.5625","11.375,6.5846","11.3822,6.5924","11.3885,6.6119","11.3968,6.6135","11.4045,6.6374","11.43,6.6747","11.44,6.6942","11.4412,6.6995","11.4679,6.704","11.463,6.7132","11.4696,6.7075","11.4934,6.712","11.4934,6.703","11.4921,6.6906","11.504,6.7105","11.525,6.699","11.5363,6.7093","11.5506,6.7237","11.5583,6.7399","11.5564,6.7342","11.5559,6.7351","11.5719,6.7404","11.5855,6.7536","11.5802,6.7747","11.5881,6.7784","11.5901,6.7838","11.611,6.785","11.6195,6.7864","11.6259,6.7916","11.6256,6.7919","11.6319,6.7859","11.6385,6.7873","11.6455,6.791","11.6556,6.7831","11.658,6.7827","11.6599,6.7907","11.6748,6.7908","11.6732,6.7979","11.6844,6.8107","11.693,6.8132","11.6931,6.8144","11.6969,6.8177","11.7036,6.8135","11.7009,6.8144","11.702,6.8018","11.7161,6.7798","11.7222,6.7752","11.7338,6.7552","11.7416,6.743","11.7402,6.7365","11.7463,6.742","11.7537,6.7377","11.7621,6.7198","11.7766,6.737","11.786,6.7381","11.7821,6.7352","11.7865,6.7376","11.7914,6.734","11.8098,6.7292","11.8364,6.7191","11.8431,6.717","11.8437,6.7161","11.8688,6.7075","11.8733,6.7041","11.8859,6.6867","11.9102,6.6739","11.9365,6.6753","11.9358,6.6815","11.9475,6.6662","11.9632,6.6666","11.9813,6.6674","12.0038,6.6682","12.025,6.6759","12.0247,6.6704","12.0315,6.6704","12.0502,6.6737","12.0584,6.6688","12.0951,6.6745","12.1102,6.6742","12.112,6.6763","12.1301,6.6667","12.1465,6.6493","12.1656,6.6322","12.2034,6.6082","12.2208,6.5946","12.2142,6.5942","12.244,6.5841","12.2591,6.5859","12.2723,6.5867","12.3054,6.6183","12.318,6.6357","12.3194,6.623","12.3389,6.6415","12.3494,6.6553","12.3626,6.6605","12.3927,6.6737","12.4008,6.6814","12.4151,6.6853","12.4291,6.6756","12.4369,6.6712","12.449,6.6577","12.475,6.6159","12.4864,6.5824","12.4816,6.5895","12.4977,6.5637","12.5168,6.5354","12.5296,6.4896","12.5512,6.4594","12.582,6.4307","12.5843,6.4281","12.5984,6.4135","12.6139,6.3956","12.6208,6.3796","12.6434,6.3737","12.641,6.3699","12.65,6.3599","12.653,6.3662","12.6635,6.3725","12.6781,6.3815","12.6978,6.4071","12.7059,6.4175","12.7138,6.4227","12.7292,6.4294","12.7519,6.4408","12.7713,6.4629","12.8432,6.4824","12.8703,6.4964","12.8746,6.4985","12.9112,6.4945","12.941,6.4982","12.9739,6.5023","13.033,6.5042","13.0543,6.5123","13.0558,6.5156","13.0819,6.5047","13.1089,6.5139","13.1278,6.4943","13.1693,6.4531",,,,,,,,,,,,,,,,,,,,,,,,,,,,,,,,,,,,,,,,,,,,,,,,,,,,,,,,,,,,,,,,,,,,,,,,,,,,,,,,,,,,,,,,,,,,,,,,,,,,,,,,,,,,,,,,,,,,,,,,,,,,,,,,,,,,,,,,,,,,,,,,,,,,,,,,,,,
"7.8004,6.1421","7.8173,6.1369","7.8623,6.1349","7.9039,6.1259","7.9048,6.13","7.9361,6.1167","7.9623,6.1105","8.0148,6.1004","8.1062,6.0648","8.1696,6.0551","8.1734,6.05","8.227,6.0217","8.292,6.0031","8.3544,5.9812","8.4742,5.9645","8.5331,5.9586","8.5286,5.9609","8.5909,5.9625","8.6594,5.9838","8.7184,5.9811","8.8151,5.9734","8.8519,5.9563","8.8465,5.9659","8.8919,5.9648","8.9303,5.9585","8.9621,5.9518","9.0214,5.9368","9.0549,5.9285","9.0539,5.9271","9.0765,5.9097","9.1091,5.9095","9.1471,5.9025","9.2136,5.8885","9.257,5.8875","9.2583,5.8861","9.3027,5.8903","9.3517,5.8816","9.3835,5.895","9.4996,5.9078","9.5499,5.9112","9.5494,5.9163","9.6057,5.9272","9.6655,5.9474","9.7127,5.9568","9.8148,5.9896","9.8703,5.9927","9.8673,5.9915","9.9175,6.0073","9.962,6.0059","10.0248,6.0195","10.1147,6.0279","10.1613,6.0379","10.1609,6.0361","10.2084,6.0388","10.2618,6.0543","10.325,6.0702","10.4324,6.0942","10.4847,6.1216","10.4836,6.1221","10.536,6.1439","10.5918,6.1627","10.646,6.1898","10.7556,6.2603","10.8076,6.2793","10.8057,6.2783","10.8618,6.3004","10.9163,6.3262","10.9646,6.352","11.0695,6.3961","11.1132,6.4105","11.1152,6.4105","11.1561,6.4313","11.1922,6.4424","11.2369,6.4564","11.2985,6.5123","11.3355,6.5458","11.3355,6.5471","11.3566,6.5694","11.3857,6.599","11.4152,6.623","11.4851,6.6742","11.5089,6.6873","11.5062,6.6843","11.5478,6.7048","11.5771,6.7139","11.6121,6.7289","11.6816,6.7384","11.6963,6.7529","11.6991,6.7488","11.7249,6.7546","11.7508,6.7732","11.7766,6.7869","11.8268,6.8185","11.8502,6.8219","11.8493,6.8229","11.8719,6.8351","11.8993,6.8404","11.9259,6.8408","11.9561,6.8188","11.969,6.8068","11.966,6.8111","11.9867,6.792","12.0063,6.7741","12.0283,6.7649","12.0623,6.7463","12.0769,6.737","12.0806,6.7359","12.1087,6.731","12.1242,6.7205","12.1421,6.7193","12.1735,6.7218","12.2053,6.7156","12.1968,6.7171","12.2263,6.7179","12.2402,6.7232","12.2709,6.7163","12.3131,6.7073","12.3315,6.6939","12.3285,6.6931","12.3462,6.6883","12.3623,6.6783","12.3837,6.6773","12.412,6.6651","12.4358,6.6641","12.4314,6.6653","12.4601,6.6546","12.4834,6.6518","12.4981,6.6602","12.5556,6.663","12.5808,6.6697","12.5857,6.6636","12.6349,6.6815","12.6656,6.6834","12.702,6.6851","12.787,6.6736","12.8208,6.6788","12.8177,6.69","12.8697,6.6697","12.9113,6.6633","12.965,6.6517","13.0426,6.6","13.0875,6.5826","13.0841,6.5877","13.1373,6.5456","13.174,6.5246","13.2099,6.4873","13.2822,6.4318","13.32,6.4062","13.32,6.405","13.3611,6.3757","13.4137,6.3512",,,,,,,,,,,,,,,,,,,,,,,,,,,,,,,,,,,,,,,,,,,,,,,,,,,,,,,,,,,,,,,,,,,,,,,,,,,,,,,,,,,,,,,,,,,,,,,,,,,,,,,,,,,,,,,,,,,,,,,,,,,,,,,,,,,,,,,,,,,,,,,,,,,,,,,,,,,,,,,,,,,,,,,,,,,,,,,,,,,,,,,,,,,,,,,,,,,,,,,,,,,,,,,,,,,,,,,,,,,,,,,,,,,,,,,,,,,,,,,,,,,,,,,
"6.8196,6.0037","6.8133,6.0052","6.8201,6.0109","6.8317,6.0016","6.8392,6.005","6.8348,5.9985","6.8271,6.002","6.8479,5.9931","6.8677,5.9823","6.8907,5.9825","6.8912,5.9789","6.8966,5.9787","6.9107,5.972","6.9235,5.9665","6.9363,5.9394","6.9524,5.9215","6.9682,5.9148","6.9614,5.9007","6.9791,5.9248","6.9716,5.9116","6.9847,5.8958","6.9852,5.888","6.9895,5.8972","7.0078,5.8928","7.0115,5.8932","7.0194,5.8886","7.0389,5.8918","7.0658,5.8683","7.0586,5.884","7.0781,5.8681","7.0987,5.8729","7.1224,5.8671","7.176,5.8349","7.2131,5.8322","7.2246,5.8274","7.2557,5.8152","7.3011,5.8139","7.3215,5.7886","7.4034,5.7608","7.4413,5.7463","7.4477,5.7453","7.4851,5.7405","7.5411,5.7398","7.5708,5.7307","7.6684,5.7158","7.7245,5.7046","7.7224,5.7161","7.7863,5.7115","7.8241,5.7089","7.8924,5.72","7.9876,5.7138","8.0459,5.7263","8.0501,5.7185","8.0944,5.7184","8.1524,5.7157","8.1982,5.7208","8.2876,5.7126","8.3328,5.7083","8.3354,5.6989","8.3872,5.6939","8.4286,5.6812","8.4652,5.6735","8.5759,5.6594","8.6126,5.647","8.6265,5.6361","8.6613,5.6332","8.7098,5.6223","8.7553,5.6179","8.8435,5.6151","8.8858,5.6241","8.881,5.6143","8.9404,5.621","8.972,5.622","9.0182,5.6167","9.1257,5.6293","9.1839,5.6427","9.1782,5.6546","9.239,5.6477","9.2849,5.6624","9.3548,5.6694","9.4505,5.7107","9.4837,5.7144","9.4948,5.7221","9.5408,5.7409","9.5937,5.7472","9.6339,5.7668","9.7129,5.7887","9.762,5.8084","9.7496,5.8062","9.8027,5.8109","9.8558,5.8291","9.9034,5.8376","9.9791,5.8792","10.0339,5.8766","10.0327,5.8769","10.076,5.8926","10.1242,5.9172","10.1661,5.951","10.2363,5.9834","10.2767,6.0155","10.2858,6.0273","10.3126,6.0469","10.3558,6.0894","10.3851,6.1066","10.4548,6.1674","10.4855,6.1935","10.4841,6.1928","10.504,6.2201","10.5314,6.2482","10.5615,6.2725","10.6211,6.3119","10.6438,6.3248","10.6551,6.3345","10.6829,6.3411","10.6985,6.362","10.734,6.3796","10.7695,6.4022","10.7953,6.4054","10.7853,6.404","10.8278,6.4312","10.8268,6.4291","10.8552,6.4474","10.8837,6.4773","10.9035,6.4959","10.911,6.4888","10.9176,6.5054","10.9107,6.5233","10.9269,6.5248","10.9516,6.5492","10.9474,6.5481","10.9504,6.5516","10.967,6.5593","10.9752,6.5671","10.993,6.5765","11.0041,6.5914","11.022,6.5894","11.0124,6.5922","11.0241,6.5865","11.0355,6.6028","11.0575,6.5946","11.0736,6.6015","11.084,6.5829","11.0849,6.5826","11.0973,6.5807","11.1148,6.5773","11.1238,6.5688","11.1434,6.5643","11.1522,6.5534","11.1543,6.5496","11.1592,6.5558","11.164,6.5542","11.1899,6.5556","11.1948,6.5624","11.2072,6.5579","11.2073,6.5637","11.2204,6.5594","11.2191,6.5658","11.2139,6.5644","11.2194,6.5686","11.2244,6.5871","11.2331,6.5935","11.2342,6.6035","11.2462,6.6023","11.2388,6.6057","11.2438,6.6251","11.2516,6.6396","11.2532,6.6322","11.2578,6.6428","11.2544,6.6533","11.2586,6.6546","11.2691,6.6735","11.2796,6.6603","11.2748,6.6666","11.2768,6.6722","11.2856,6.6609","11.2908,6.6564","11.2863,6.6511","11.2988,6.652","11.2986,6.6489","11.3025,6.6422","11.3031,6.6488","11.3089,6.6339","11.3175,6.6375","11.3189,6.626","11.3085,6.6275","11.3271,6.64","11.3265,6.6295","11.3317,6.6425","11.3386,6.6426","11.3385,6.6381","11.342,6.6332","11.3444,6.6385","11.3412,6.6383","11.3522,6.6414","11.3547,6.6469","11.3385,6.6649","11.3513,6.6532","11.3417,6.6623","11.3585,6.6552","11.3338,6.6766","11.3438,6.6725","11.3237,6.6842","11.319,6.6895","11.3156,6.6909","11.3126,6.6941","11.3187,6.6967","11.3303,6.7245","11.3364,6.7309","11.3308,6.7309","11.3419,6.7362","11.3456,6.7458","11.3477,6.7432","11.3633,6.7652","11.3774,6.7677","11.3799,6.7586","11.38,6.7661","11.3942,6.7657","11.4108,6.7635","11.4194,6.7739","11.4211,6.7765","11.4163,6.7654","11.4311,6.7713","11.4311,6.7789","11.4319,6.7824","11.4338,6.7889","11.4223,6.7959","11.4127,6.8004","11.4186,6.7885","11.4263,6.8091","11.4339,6.8142","11.4372,6.8422","11.4431,6.8453","11.4466,6.8434","11.4341,6.8615","11.446,6.8768","11.4454,6.8867","11.4381,6.9217","11.453,6.9329","11.4438,6.9346","11.448,6.9435","11.4502,6.9489","11.4655,6.9571","11.4883,6.9728","11.492,6.9748","11.499,6.9882","11.4946,6.9857","11.5185,7.0007","11.5164,7.0044","11.5293,7.0144","11.533,7.0274","11.527,7.0206","11.5386,7.0359","11.5335,7.0397","11.5334,7.0457","11.5333,7.0717","11.5318,7.0796","11.5345,7.0825","11.5364,7.0933","11.5448,7.1023","11.5413,7.1112","11.5458,7.1475","11.5501,7.1618","11.5498,7.1498","11.5668,7.1647","11.5626,7.1887","11.5753,7.1841","11.6026,7.1882","11.5998,7.201","11.6082,7.1997","11.6134,7.2001","11.6375,7.213","11.6562,7.2102","11.6928,7.213","11.7068,7.2144","11.7167,7.2178","11.7258,7.2142","11.7483,7.2064","11.7657,7.2232","11.8161,7.2341","11.831,7.2147","11.8325,7.2303","11.8613,7.2264","11.8818,7.2275","11.8991,7.2319","11.9696,7.2382","11.9874,7.23","11.993,7.228","12.0252,7.2452","12.0596,7.2387","12.082,7.2412","12.1678,7.227","12.2051,7.2186","12.1963,7.2323","12.2387,7.2055","12.2816,7.2035","12.3088,7.1859","12.3844,7.1477","12.434,7.1355","12.4316,7.1365","12.4711,7.1194","12.514,7.1061","12.5525,7.0911","12.6209,7.0475","12.6657,7.0363","12.6661,7.0327","12.6954,7.0351","12.7411,7.0194","12.7667,7.0051","12.8587,6.9769","12.8966,6.969","12.8932,6.9668","12.9172,6.9462","12.9679,6.9473","12.9998,6.9011","13.0854,6.8691","13.1153,6.8511","13.1251,6.8429","13.1623,6.8241","13.1797,6.7908","13.2161,6.7641","13.2772,6.7205","13.3024,6.6904","13.2969,6.6927","13.3188,6.6713","13.3522,6.644","13.3891,6.5973",,,,,,,,,,,,,,,,,,,,,,,,,,,,,,,,,,,,,,,,,,,,,,,,,,,,,,,,,,,,,,,,,,,,,,,,
"7.61,6.5869","7.6195,6.5864","7.6066,6.5793","7.6235,6.5772","7.6231,6.58","7.627,6.5794","7.6194,6.5848","7.6378,6.5899","7.6697,6.5711","7.7015,6.5657","7.6964,6.576","7.7181,6.5581","7.746,6.5531","7.7822,6.5416","7.8428,6.5084","7.8879,6.4962","7.8907,6.4989","7.9385,6.4845","7.9811,6.4742","8.0189,6.4539","8.1064,6.4387","8.1541,6.4276","8.1523,6.424","8.2222,6.4296","8.2834,6.4219","8.3451,6.4326","8.4405,6.4201","8.5055,6.4291","8.5034,6.4225","8.5546,6.4114","8.6093,6.4117","8.665,6.3903","8.7702,6.3362","8.8253,6.3117","8.8221,6.3056","8.8846,6.2896","8.9592,6.2547","9.0024,6.2634","9.1278,6.229","9.1785,6.2203","9.1742,6.2198","9.2299,6.1992","9.2814,6.1861","9.3218,6.1616","9.4215,6.1252","9.4727,6.1046","9.474,6.0986","9.5248,6.0862","9.5558,6.0419","9.5974,6.0189","9.6908,5.9955","9.7353,5.9613","9.7339,5.9485","9.7939,5.9355","9.844,5.9527","9.9074,5.9579","10.026,5.9952","10.089,6.0139","10.0878,6.0065","10.1579,6.0335","10.1956,6.0177","10.2484,6.0222","10.3674,6.0548","10.4095,6.05","10.4046,6.0327","10.4585,6.051","10.5187,6.0656","10.5659,6.0721","10.6595,6.1153","10.7038,6.1403","10.6973,6.1342","10.7343,6.172","10.7813,6.214","10.8084,6.246","10.8763,6.302","10.9232,6.3537","10.917,6.3276","10.9502,6.3476","10.9913,6.3747","11.0459,6.3856","11.1231,6.4207","11.1522,6.4177","11.1595,6.4197","11.1999,6.4483","11.2315,6.4575","11.2652,6.4818","11.3208,6.5351","11.3378,6.5804","11.3345,6.572","11.3539,6.6058","11.3725,6.6407","11.3786,6.6681","11.4196,6.7221","11.436,6.7383","11.4368,6.7373","11.458,6.7506","11.491,6.75","11.5078,6.7703","11.5362,6.7865","11.5664,6.7946","11.5544,6.7947","11.5788,6.8149","11.5777,6.8306","11.5978,6.8237","11.6283,6.8583","11.6292,6.849","11.632,6.8492","11.6408,6.8587","11.642,6.8401","11.6555,6.8607","11.6817,6.8805","11.6915,6.8479","11.6912,6.874","11.7065,6.8614","11.7154,6.8526","11.7414,6.8474","11.7548,6.8701","11.7613,6.8799","11.7595,6.8766","11.7769,6.8909","11.7872,6.8959","11.8036,6.9127","11.818,6.9419","11.8271,6.9531","11.8285,6.9586","11.8462,6.9746","11.8388,6.9581","11.8575,6.954","11.9065,7.0071","11.9175,7.0269","11.9153,7.0271","11.9343,7.0245","11.9489,7.0356","11.9648,7.0327","12.0059,7.0294","12.026,7.0276","12.0249,7.0252","12.046,7.0157","12.0752,6.9981","12.1038,6.9936","12.1507,6.9917","12.1872,6.9839","12.1846,6.9924","12.216,6.9959","12.2438,7.0029","12.2826,7.0038","12.3409,7.0305","12.3562,7.0361","12.3576,7.0322","12.3761,7.0319","12.4,7.0429","12.4391,7.0507","12.4907,7.0578","12.5263,7.0856","12.5318,7.0864","12.565,7.0914","12.6078,7.1201","12.6383,7.1259","12.7059,7.1422","12.7379,7.1483","12.7347,7.1452","12.7666,7.1439","12.8021,7.148","12.8319,7.1431","12.8914,7.1536","12.9244,7.1541","12.9234,7.1525","12.9575,7.1588","12.9899,7.1654","13.0188,7.1806",,,,,,,,,,,,,,,,,,,,,,,,,,,,,,,,,,,,,,,,,,,,,,,,,,,,,,,,,,,,,,,,,,,,,,,,,,,,,,,,,,,,,,,,,,,,,,,,,,,,,,,,,,,,,,,,,,,,,,,,,,,,,,,,,,,,,,,,,,,,,,,,,,,,,,,,,,,,,,,,,,,,,,,,,,,,,,,,,,,,,,,,,,,,,,,,,,,,,,,,,,,,,,,,,,,,,,,,,,,,,,,,,,,,
"7.1816,6.5446","7.2075,6.5546","7.2315,6.5583","7.2549,6.5589","7.2566,6.5605","7.2676,6.5647","7.2748,6.5692","7.2933,6.5804","7.323,6.557","7.3543,6.5549","7.3562,6.555","7.3761,6.5313","7.4,6.5229","7.4317,6.5043","7.489,6.4427","7.5221,6.4147","7.5228,6.4144","7.5597,6.3751","7.602,6.3517","7.6355,6.3047","7.7196,6.2288","7.753,6.1899","7.7547,6.1929","7.8143,6.1725","7.8627,6.1586","7.903,6.1471","7.9984,6.1318","8.0561,6.1369","8.0561,6.1385","8.1056,6.1244","8.1642,6.1189","8.2187,6.1133","8.3227,6.0949","8.3748,6.0903","8.3707,6.0916","8.4236,6.103","8.4773,6.1032","8.5235,6.1205","8.6385,6.1388","8.6878,6.1441","8.6868,6.1421","8.737,6.142","8.7984,6.1514","8.8496,6.1465","8.9587,6.1468","9.0182,6.14","9.0132,6.1374","9.0721,6.1482","9.1334,6.1558","9.2018,6.1684","9.3116,6.1834","9.3663,6.1963","9.3681,6.1953","9.4109,6.1982","9.4716,6.2101","9.5307,6.2156","9.6388,6.2175","9.6855,6.2262","9.6864,6.2237","9.742,6.2296","9.7889,6.2387","9.8284,6.2492","9.9043,6.2839","9.9604,6.2934","9.9608,6.2926","10.0098,6.3008","10.0607,6.2987","10.1292,6.2946","10.2374,6.3127","10.3,6.3319","10.3029,6.3292","10.362,6.3528","10.4214,6.373","10.4652,6.3997","10.5513,6.4278","10.6031,6.4497","10.6023,6.451","10.6444,6.4613","10.6933,6.4861","10.742,6.5054","10.8215,6.5533","10.851,6.5817","10.8487,6.58","10.8921,6.6176","10.9333,6.6596","10.9637,6.705","11.0371,6.7671","11.0684,6.7949","11.0679,6.793","11.1049,6.8103","11.1443,6.842","11.1678,6.858","11.2286,6.8965","11.2538,6.908","11.2587,6.9055","11.2767,6.9253","11.3033,6.9404","11.3246,6.9564","11.3531,6.9779","11.3683,6.9918","11.3684,6.9946","11.377,6.9994","11.3892,6.9997","11.4028,7.0048","11.4176,7.0213","11.4349,7.0284","11.4315,7.026","11.4508,7.042","11.4517,7.0477","11.4594,7.0677","11.4866,7.081","11.5002,7.0825","11.4995,7.0842","11.5148,7.0801","11.5182,7.0746","11.5354,7.0721","11.5584,7.0752","11.5674,7.083","11.5712,7.0807","11.5841,7.0964","11.5933,7.102","11.6065,7.1205","11.6256,7.1198","11.6349,7.1229","11.636,7.1239","11.6465,7.1208","11.6535,7.1192","11.6677,7.1314","11.7034,7.1434","11.6989,7.1542","11.6988,7.1532","11.722,7.1586","11.7313,7.1607","11.7418,7.1601","11.7689,7.1271","11.7789,7.1255","11.7791,7.1251","11.7887,7.1248","11.8166,7.1227","11.8338,7.1315","11.8544,7.1388","11.8558,7.1575","11.8653,7.1589","11.8721,7.1619","11.8705,7.161","11.8836,7.1649","11.8818,7.1351","11.8979,7.1262","11.896,7.1236","11.9001,7.1134","11.9168,7.1234","11.9352,7.1143","11.9479,7.1189","11.9642,7.1272","11.9614,7.1274","11.9639,7.1386","11.9667,7.1497","11.9791,7.1476","11.9917,7.1543","12.0038,7.1439","11.9971,7.1477","12.0122,7.149","12.0341,7.142","12.06,7.1412","12.1133,7.1413","12.1494,7.127","12.1475,7.1328","12.1727,7.1206","12.2119,7.1083","12.2405,7.0942","12.2968,7.0798","12.3323,7.0792","12.3317,7.0679","12.3631,7.066","12.4004,7.0609","12.4467,7.0712","12.5267,7.0454","12.568,7.0415","12.5694,7.042","12.6045,7.0164","12.647,6.9992","12.6837,6.9767","12.7537,6.9556","12.7955,6.9541","12.7886,6.9431","12.8336,6.9396","12.8719,6.9261","12.9145,6.9224","13.0208,6.9292","13.0684,6.9246","13.0676,6.9226","13.1303,6.9159","13.1865,6.9067","13.2443,6.8968","13.3537,6.8737","13.3932,6.856",,,,,,,,,,,,,,,,,,,,,,,,,,,,,,,,,,,,,,,,,,,,,,,,,,,,,,,,,,,,,,,,,,,,,,,,,,,,,,,,,,,,,,,,,,,,,,,,,,,,,,,,,,,,,,,,,,,,,,,,,,,,,,,,,,,,,,,,,,,,,,,,,,,,,,,,,,,,,,,,,,,,,,,,,,,,,,,,,,,,,,,,,,,,,,,,,,,,,,,,,,
"8.05,6.8074","8.0976,6.7766","8.189,6.7289","8.2452,6.6824","8.26,6.6884","8.3012,6.6636","8.3404,6.6231","8.3927,6.5951","8.4907,6.5586","8.5491,6.537","8.5416,6.5412","8.5849,6.5229","8.6345,6.5142","8.689,6.4928","8.7829,6.4724","8.8341,6.4451","8.8428,6.4513","8.9067,6.436","8.9627,6.4359","9.0289,6.4106","9.1465,6.3668","9.203,6.3488","9.2063,6.3502","9.2695,6.356","9.3382,6.3795","9.4028,6.3983","9.4941,6.4411","9.5659,6.4516","9.5587,6.4485","9.6102,6.4505","9.6782,6.4645","9.7344,6.47","9.8396,6.4709","9.8939,6.4731","9.892,6.4703","9.9626,6.478","10.0266,6.4812","10.064,6.4819","10.1851,6.5083","10.2383,6.5137","10.2398,6.5133","10.3105,6.5269","10.3617,6.5455","10.4188,6.5761","10.5362,6.605","10.6041,6.6154","10.6138,6.6221","10.6774,6.656","10.7395,6.6716","10.8121,6.6785","10.9401,6.7089","11.0043,6.7107","11.0,6.7157","11.0651,6.7175","11.139,6.7409","11.2135,6.7601","11.3165,6.786","11.3839,6.8052","11.3823,6.8034","11.4455,6.8255","11.4942,6.8445","11.5588,6.8535","11.6681,6.9093","11.7354,6.9246","11.7425,6.9186","11.793,6.9348","11.8644,6.9331","11.9275,6.9385","12.0572,6.9201","12.1344,6.8948","12.1332,6.901","12.1997,6.8824","12.2765,6.8657","12.3383,6.8427","12.4802,6.7937","12.5542,6.8026","12.5585,6.806","12.6127,6.7743","12.6909,6.7581","12.7375,6.7365","12.8382,6.6748","12.8959,6.628","12.9006,6.6359","12.9604,6.5984",,,,,,,,,,,,,,,,,,,,,,,,,,,,,,,,,,,,,,,,,,,,,,,,,,,,,,,,,,,,,,,,,,,,,,,,,,,,,,,,,,,,,,,,,,,,,,,,,,,,,,,,,,,,,,,,,,,,,,,,,,,,,,,,,,,,,,,,,,,,,,,,,,,,,,,,,,,,,,,,,,,,,,,,,,,,,,,,,,,,,,,,,,,,,,,,,,,,,,,,,,,,,,,,,,,,,,,,,,,,,,,,,,,,,,,,,,,,,,,,,,,,,,,,,,,,,,,,,,,,,,,,,,,,,,,,,,,,,,,,,,,,,,,,,,,,,,,,,,,,,,,,,,,,,,,,,,
"8.116,7.4388","8.1159,7.4422","8.0961,7.4443","8.1111,7.4456","8.1021,7.4433","8.1092,7.4383","8.1004,7.4277","8.1156,7.4326","8.137,7.4312","8.1729,7.4326","8.176,7.4298","8.1911,7.4207","8.2097,7.4239","8.2453,7.401","8.3032,7.3596","8.3412,7.3341","8.3491,7.3246","8.3732,7.2952","8.4237,7.2658","8.4667,7.2387","8.5214,7.158","8.5526,7.1142","8.5566,7.1226","8.594,7.095","8.6452,7.0601","8.6761,7.0287","8.7509,6.9576","8.817,6.9262","8.8063,6.9291","8.8539,6.8893","8.8985,6.8376","8.9364,6.7958","9.0058,6.7015","9.055,6.6566","9.0661,6.6551","9.1002,6.6252","9.1585,6.5812","9.1851,6.5606","9.296,6.5185","9.3334,6.4946","9.3396,6.4936","9.4039,6.5012","9.4581,6.5005","9.4975,6.4991","9.5933,6.488","9.6412,6.4768","9.6346,6.4827","9.6803,6.4894","9.7046,6.4737","9.7423,6.4708","9.8008,6.4667","9.8565,6.4723","9.8468,6.4711","9.8764,6.4819","9.9139,6.5083","9.9541,6.5258","10.0393,6.549","10.0827,6.5764","10.0856,6.5673","10.1183,6.5896","10.1712,6.5937","10.2308,6.6039","10.3436,6.6381","10.4097,6.6362","10.4211,6.6368","10.4758,6.653","10.5241,6.6446","10.5794,6.658","10.7006,6.7103","10.7644,6.7239","10.7531,6.7149","10.824,6.7457","10.8887,6.7904","10.9271,6.8018","11.0316,6.8467","11.0973,6.8666","11.0919,6.8732","11.1435,6.8795","11.1801,6.9024","11.2247,6.9131","11.3048,6.9481","11.3218,6.9508","11.3225,6.9554","11.3565,6.9696","11.3816,6.9839","11.408,7.0005","11.4605,7.0317","11.4712,7.0537","11.4653,7.0436","11.4816,7.0443","11.4905,7.0637","11.4993,7.0684","11.5365,7.084","11.5411,7.0934","11.5386,7.0911","11.5544,7.1031","11.5624,7.1206","11.5708,7.1257","11.5881,7.1544","11.6,7.1527","11.6081,7.1491","11.6146,7.155","11.6299,7.1521","11.6452,7.1617","11.6943,7.1757","11.6983,7.1862","11.7034,7.183","11.7224,7.187","11.7281,7.1975","11.7489,7.2103","11.794,7.2022","11.8125,7.2141","11.81,7.2047","11.8334,7.1985","11.8544,7.1976","11.8856,7.1979","11.9346,7.1901","11.9563,7.1778","11.9615,7.1856","11.9747,7.1806","12.0147,7.1757","12.0404,7.1711","12.0811,7.1502","12.0942,7.157","12.1053,7.1423","12.1245,7.1401","12.125,7.1285","12.1636,7.1268","12.2244,7.1474","12.2623,7.148","12.2513,7.1528","12.2971,7.1591","12.3482,7.1505","12.3777,7.1517","12.4612,7.1381","12.5139,7.1439","12.5137,7.1401","12.5669,7.1407","12.6224,7.1329","12.6743,7.128","12.7339,7.0885","12.7639,7.0511","12.7689,7.0563","12.8103,7.0397","12.8323,7.0085",,,,,,,,,,,,,,,,,,,,,,,,,,,,,,,,,,,,,,,,,,,,,,,,,,,,,,,,,,,,,,,,,,,,,,,,,,,,,,,,,,,,,,,,,,,,,,,,,,,,,,,,,,,,,,,,,,,,,,,,,,,,,,,,,,,,,,,,,,,,,,,,,,,,,,,,,,,,,,,,,,,,,,,,,,,,,,,,,,,,,,,,,,,,,,,,,,,,,,,,,,,,,,,,,,,,,,,,,,,,,,,,,,,,,,,,,,,,,,,,,,,,,,,,,,,,,
"7.539,7.5113","7.5501,7.5201","7.5415,7.5167","7.5683,7.5157","7.5706,7.5202","7.5654,7.5184","7.5602,7.5347","7.5684,7.5389","7.5732,7.5364","7.5941,7.5425","7.5968,7.5494","7.5971,7.5434","7.6001,7.5426","7.6124,7.5423","7.6084,7.5181","7.6248,7.5044","7.6262,7.5005","7.6153,7.4912","7.6236,7.4794","7.6372,7.463","7.6704,7.4165","7.6957,7.4006","7.6915,7.393","7.7268,7.3767","7.757,7.3391","7.7837,7.2975","7.8663,7.2087","7.9047,7.1519","7.9108,7.1535","7.9376,7.0847","7.9956,7.0405","8.0403,6.9855","8.1404,6.897","8.1907,6.8756","8.1921,6.8744","8.2428,6.8554","8.298,6.836","8.361,6.8324","8.4702,6.7969","8.5123,6.7717","8.5113,6.771","8.5633,6.7529","8.6172,6.7355","8.6654,6.7156","8.7665,6.6721","8.8228,6.6428","8.8202,6.6438","8.879,6.6328","8.9246,6.6081","8.9783,6.5925","9.0449,6.5454","9.0883,6.5321","9.0896,6.5326","9.1164,6.5115","9.1446,6.5085","9.1828,6.4945","9.2463,6.4743","9.2678,6.4702","9.2699,6.469","9.3032,6.4574","9.3337,6.45","9.365,6.4532","9.4359,6.4374","9.4757,6.4229","9.4776,6.4194","9.5065,6.4076","9.5393,6.3949","9.5773,6.3829","9.6459,6.3683","9.6709,6.3619","9.6733,6.3615","9.7069,6.3592","9.7455,6.3612","9.7909,6.3664","9.8786,6.3982","9.9263,6.4192","9.9267,6.4223","9.9633,6.4332","10.0073,6.458","10.0525,6.4741","10.1444,6.5072","10.1865,6.5092","10.1853,6.5075","10.2432,6.5259","10.2956,6.5327","10.3453,6.5392","10.439,6.5581","10.4861,6.5734","10.4862,6.5747","10.5261,6.5911","10.5818,6.6136","10.6221,6.644","10.7354,6.6817","10.7835,6.703","10.7807,6.7059","10.8286,6.7328","10.8713,6.7536","10.904,6.7721","10.9434,6.7993","10.9874,6.8172","10.9851,6.8161","10.9935,6.8402","11.0219,6.8475","11.0392,6.8671","11.0761,6.9068","11.0833,6.9253","11.085,6.9254","11.1007,6.9466","11.1066,6.9639","11.1175,6.9802","11.1412,7.0103","11.1543,7.0262","11.1541,7.0273","11.1708,7.0407","11.1775,7.0573","11.1859,7.0774","11.1997,7.0838","11.2105,7.0862","11.2049,7.09","11.226,7.1114","11.2329,7.1199","11.249,7.1367","11.2833,7.1536","11.2972,7.1568","11.2856,7.1533","11.3127,7.1654","11.3153,7.1598","11.3326,7.1802","11.3391,7.1697","11.3528,7.1687","11.355,7.1757","11.38,7.1735","11.3856,7.1784","11.3917,7.1822","11.4087,7.1888","11.4057,7.1857","11.408,7.1879","11.405,7.1973","11.4233,7.2077","11.419,7.2118","11.4201,7.2203","11.4256,7.2178","11.4273,7.2236","11.4293,7.2328","11.4367,7.2271","11.4339,7.227","11.4363,7.2323","11.4486,7.2347","11.4407,7.2303","11.4416,7.2299","11.4475,7.2249","11.4491,7.2204","11.4607,7.2178","11.4759,7.2181","11.4717,7.2087","11.4716,7.2036","11.4812,7.1984","11.4926,7.1917","11.4991,7.186","11.5154,7.1834","11.5085,7.1839","11.5142,7.1746","11.5208,7.1592","11.5299,7.1546","11.5335,7.1335","11.5436,7.1278","11.5528,7.1262","11.5591,7.121","11.5667,7.1132","11.5795,7.1007","11.6034,7.0849","11.6141,7.0888","11.6201,7.0849","11.6192,7.0802","11.6341,7.0757","11.656,7.0663","11.6738,7.0532","11.6957,7.0552","11.6938,7.0526","11.6961,7.0399","11.7098,7.0402","11.7138,7.0234","11.7155,7.0042","11.7232,7.005","11.7296,7.0106","11.7386,6.9973","11.7345,6.9903","11.7449,6.9903","11.7644,6.9826","11.7731,6.977","11.7701,6.9791","11.7832,6.9732","11.7912,6.9742","11.8006,6.9737","11.8209,6.9869","11.8288,6.9884","11.8281,6.9825","11.8365,6.997","11.8449,6.9975","11.8545,7.009","11.8808,7.0082","11.8869,7.0116","11.8857,7.0166","11.8958,7.0125","11.9076,7.0129","11.9155,7.0094","11.9448,7.0215","11.955,7.0112","11.9548,7.0125","11.9788,7.0058","11.9722,7.0061","11.9722,7.0056","11.9854,6.9998","11.9851,7.0037","11.9859,7.0028","11.9916,6.9988","12.0012,7.0079","12.0155,7.0001","12.0421,7.0017","12.0562,7.0009","12.0513,6.9988","12.0694,7.0061","12.0764,6.9968","12.0914,6.9967","12.1218,6.9916","12.1424,6.9959","12.1411,7.0035","12.1553,6.9916","12.1722,6.997","12.1891,6.9982","12.2242,6.9918","12.241,6.991","12.2445,6.991","12.268,6.9865","12.2927,6.9847","12.3148,6.9791","12.3641,6.9622","12.3772,6.9689","12.3731,6.9655","12.3995,6.9563","12.4113,6.9547","12.4255,6.9396","12.4475,6.9242","12.462,6.9226","12.4601,6.9266","12.4858,6.9085","12.5087,6.9092","12.5272,6.9105","12.5486,6.8935","12.5705,6.8996","12.5791,6.8935","12.6073,6.8892","12.5987,6.8885","12.6213,6.8858","12.6863,6.897","12.694,6.895","12.7132,6.8938","12.7304,6.9008","12.77,6.9027","12.8041,6.9034","12.835,6.8782","12.8833,6.8754","12.8817,6.8761",,,,,,,,,,,,,,,,,,,,,,,,,,,,,,,,,,,,,,,,,,,,,,,,,,,,,,,,,,,,,,,,,,,,,,,,,,,,,,,,,,,,,,,,,,,,,,,,,,,,,,,,,,,,,,,,,,,,,,,,,,,,,,,,,,,,,,,
"7.904,7.8807","7.9211,7.8669","7.9325,7.8662","7.9501,7.8526","7.9605,7.8499","7.957,7.8462","7.9479,7.8405","7.9619,7.829","7.9664,7.8445","8.0007,7.8351","8.0019,7.8337","8.0059,7.8201","8.0352,7.8242","8.0385,7.8172","8.0617,7.7901","8.0706,7.7881","8.0694,7.7894","8.0907,7.7667","8.1248,7.7922","8.1557,7.7769","8.1755,7.7368","8.2054,7.7174","8.1963,7.721","8.235,7.7429","8.2832,7.7633","8.3418,7.7966","8.4336,7.8781","8.4985,7.9114","8.5005,7.9069","8.5353,7.9237","8.5997,7.9561","8.6321,7.9757","8.7497,7.9885","8.7941,7.9992","8.8058,7.995","8.8491,8.0156","8.8788,8.0261","8.9132,8.0293","9.0179,8.0482","9.0482,8.0541","9.0539,8.0523","9.0996,8.0539","9.147,8.0717","9.1959,8.063","9.3265,8.0592","9.3871,8.0474","9.3977,8.0447","9.4727,8.0608","9.516,8.0194","9.5825,8.0143","9.7017,8.0051","9.7888,8.004","9.7901,8.011","9.8616,7.9938","9.9285,8.0117","9.9845,7.998","10.1276,7.9771","10.1689,7.9624","10.1661,7.962","10.2297,7.9179","10.3013,7.9191","10.3635,7.89","10.5076,7.8699","10.5728,7.8288","10.5704,7.8408","10.6467,7.8288","10.7175,7.8084","10.8058,7.8161","10.9553,7.8077","11.0194,7.7765","11.018,7.7845","11.0746,7.7696","11.1376,7.7292","11.2079,7.7142","11.2877,7.6842","11.3454,7.6679","11.3364,7.6587","11.3878,7.6528","11.4171,7.6423","11.4501,7.6306","11.5293,7.6334","11.5573,7.5998","11.5597,7.6069","11.5989,7.5923","11.6215,7.5845","11.672,7.5745","11.7316,7.5513","11.7642,7.54","11.7585,7.5375","11.7773,7.511","11.8172,7.4999","11.834,7.4791","11.8717,7.4575","11.895,7.4282","11.8887,7.4391","11.9117,7.4175","11.9357,7.4082","11.9761,7.3997","12.0209,7.3765","12.0442,7.3791","12.0417,7.377","12.0733,7.3796","12.1022,7.382","12.1329,7.3932","12.1916,7.4024","12.225,7.3956","12.2194,7.398","12.25,7.4025","12.2721,7.395","12.2885,7.3956","12.357,7.3898","12.3855,7.4103","12.3935,7.4082","12.447,7.429","12.4788,7.4401","12.5406,7.4558","12.6132,7.4875","12.6695,7.504","12.6689,7.5058","12.7095,7.5316","12.7548,7.5294","12.7854,7.5444","12.857,7.5436","12.8908,7.5624","12.8995,7.5721","12.9327,7.5747","12.9718,7.5838","13.0126,7.6382","13.1081,7.7034","13.1479,7.7197","13.1346,7.7137","13.1807,7.7407","13.2298,7.7744","13.2729,7.8042","13.3511,7.8454","13.3912,7.8827","13.3775,7.8776","13.415,7.897","13.4654,7.9293","13.4933,7.9459","13.5551,8.0204","13.5644,8.0593",,,,,,,,,,,,,,,,,,,,,,,,,,,,,,,,,,,,,,,,,,,,,,,,,,,,,,,,,,,,,,,,,,,,,,,,,,,,,,,,,,,,,,,,,,,,,,,,,,,,,,,,,,,,,,,,,,,,,,,,,,,,,,,,,,,,,,,,,,,,,,,,,,,,,,,,,,,,,,,,,,,,,,,,,,,,,,,,,,,,,,,,,,,,,,,,,,,,,,,,,,,,,,,,,,,,,,,,,,,,,,,,,,,,,,,,,,,,,,,,,,,,,,,,,,,,,,,,
"7.3688,8.0298","7.404,8.0312","7.4182,8.0292","7.4593,8.0126","7.4587,8.0171","7.4698,8.0104","7.4807,8.0075","7.4909,8.003","7.5367,7.9914","7.579,7.9978","7.5754,8.0092","7.5854,8.0029","7.597,8.0346","7.6359,8.042","7.6842,8.0545","7.6953,8.0717","7.6907,8.0805","7.7035,8.0922","7.749,8.1301","7.7708,8.1495","7.8102,8.1664","7.8342,8.1964","7.8317,8.1885","7.8617,8.221","7.8657,8.2206","7.8901,8.2367","7.9348,8.2326","7.9762,8.2435","7.9609,8.2471","7.9833,8.2543","8.0117,8.2675","8.02,8.2833","8.0241,8.2869","8.0288,8.2936","8.0076,8.2958","8.0227,8.2933","8.0332,8.2955","8.0233,8.2998","8.0196,8.2824","8.0219,8.2577","8.0334,8.2597","8.0249,8.2474","8.0388,8.2452","8.031,8.2322","8.0073,8.2198","8.0029,8.2072","8.0105,8.2068","8.0027,8.2103","7.9958,8.2104","7.9913,8.2106","7.9718,8.2112","7.9804,8.2115","7.9816,8.2151","7.9725,8.2109","7.9761,8.2329","7.9805,8.2393","7.9994,8.2246","7.9925,8.2383","8.0035,8.2399","8.0229,8.2326","8.0463,8.2419","8.0559,8.2478","8.1144,8.2546","8.1357,8.2582","8.1383,8.2604","8.1766,8.2383","8.2239,8.218","8.2718,8.2034","8.3488,8.1726","8.3999,8.1512","8.4027,8.1562","8.452,8.1359","8.5087,8.1107","8.5665,8.0845","8.6864,8.0086","8.7782,8.0022","8.7718,8.0173","8.8166,7.9995","8.8626,7.9972","8.9174,8.0087","9.0067,7.9984","9.0511,7.9794","9.0474,7.9854","9.1023,7.9889","9.1502,7.9797","9.2178,7.9716","9.3285,7.9358","9.3973,7.9185","9.3885,7.9215","9.4394,7.8968","9.501,7.8768","9.5482,7.8536","9.6667,7.8274","9.7339,7.8192","9.7463,7.8045","9.8062,7.8149","9.8671,7.8085","9.9315,7.8126","10.0207,7.8157","10.0794,7.7991","10.069,7.7975","10.1209,7.8046","10.1868,7.7892","10.2449,7.7838","10.3247,7.7546","10.3611,7.733","10.3616,7.7336","10.3966,7.7169","10.4212,7.692","10.4598,7.6526","10.5089,7.597","10.5397,7.5747","10.5496,7.5691","10.5884,7.5499","10.6142,7.5283","10.6534,7.5096","10.7164,7.4832","10.7387,7.4722","10.7412,7.4819","10.7661,7.47","10.8009,7.4603","10.8255,7.4549","10.8713,7.4384","10.8803,7.4322","10.8854,7.4312","10.8898,7.4286","10.9104,7.4138","10.9231,7.4171","10.9471,7.3891","10.945,7.3868","10.954,7.3893","10.972,7.3808","10.9793,7.3805","10.9947,7.3613","11.0219,7.331","11.0288,7.319","11.0179,7.3185","11.0289,7.3108","11.0471,7.2868","11.0656,7.2758","11.0806,7.2522","11.0774,7.2442","11.092,7.2397","11.0965,7.2418","11.0946,7.2304","11.1033,7.2305","11.1125,7.2209","11.1158,7.2201","11.1145,7.219","11.1172,7.2179","11.1259,7.2175","11.131,7.2181","11.1392,7.2073","11.1488,7.1977","11.146,7.1966","11.1483,7.1888","11.1511,7.1849","11.1517,7.1631","11.1672,7.1444","11.1783,7.1278","11.1775,7.1295","11.1849,7.1109","11.1943,7.0975","11.2026,7.0741","11.2165,7.0456","11.2287,7.0346","11.2164,7.0388","11.2285,7.0281","11.2359,7.0128","11.2474,7.0012","11.2498,7.0016","11.2748,6.98","11.2707,6.9935","11.2743,6.9877","11.2782,6.9913","11.3037,6.9962","11.3014,7.018","11.333,7.0264","11.3316,7.0247","11.3368,7.0317","11.3374,7.0499","11.3521,7.0568","11.3713,7.0828","11.3707,7.089","11.3762,7.0867","11.3724,7.0995","11.378,7.0878","11.4064,7.0863","11.4259,7.0817","11.4354,7.076","11.4348,7.0747","11.4468,7.0679","11.4515,7.0585","11.4633,7.0538","11.4845,7.0504","11.4956,7.0513","11.4863,7.0504","11.5083,7.0547","11.5167,7.0567","11.5228,7.0603","11.5364,7.0718","11.5354,7.0789","11.5317,7.0811","11.551,7.0783","11.5512,7.0839","11.56,7.0899","11.5651,7.1067","11.5833,7.1025","11.5841,7.1032","11.5887,7.1053","11.6002,7.1084","11.6063,7.1026","11.6178,7.0839","11.6358,7.0779","11.634,7.0763","11.6331,7.0726","11.6439,7.0556","11.6529,7.0404","11.6781,7.014","11.6831,6.9946","11.6854,6.9962","11.6937,6.9826","11.7051,6.9699","11.7197,6.9499","11.7403,6.9336","11.7474,6.9312","11.7465,6.931","11.7585,6.921","11.7609,6.9125","11.778,6.9108","11.8004,6.8974","11.8171,6.8887","11.7905,6.8917","11.8224,6.8783","11.8312,6.8801","11.8523,6.8629","11.8719,6.8534","11.8767,6.8456","11.8858,6.8466","11.882,6.8352","11.9223,6.8316","11.9318,6.8261","11.9656,6.8308","11.9847,6.8292","11.9746,6.8312","11.9965,6.8417","12.0284,6.8424","12.0538,6.8544","12.0793,6.8811","12.1124,6.8776","12.1101,6.8791","12.1279,6.8849","12.139,6.9035","12.175,6.8966","12.226,6.8967","12.2294,6.9171","12.2439,6.9018","12.2528,6.9169","12.2703,6.9206","12.3088,6.9253","12.3446,6.9478","12.3551,6.9609","12.3722,6.9571","12.3887,6.9655","12.3986,6.9674","12.438,6.97","12.4933,6.958","12.5224,6.95","12.516,6.944","12.5402,6.9453","12.5652,6.936","12.5801,6.9215","12.6372,6.9051","12.6663,6.8788","12.6663,6.8815","12.6876,6.862","12.6969,6.8591","12.7415,6.8335","12.8084,6.8068","12.8338,6.8084","12.8309,6.8091","12.8565,6.7924","12.8887,6.8066","12.927,6.7975","12.994,6.798","13.0436,6.7774","13.0482,6.7653","13.073,6.7728","13.1059,6.7444","13.1451,6.7432","13.2068,6.6943","13.2317,6.6679","13.2305,6.6659","13.2531,6.6386","13.274,6.6064",,,,,,,,,,,,,,,,,,,,,,,,,,,,,,,,,,,,,,,,,,,,,,,,,,,,,,,,,,,,,,,,,,,,,,,,,,,,,,,,,,,,,,,,,,,,,,,,,,,,,,,
"6.4443,8.0329","6.4569,8.0429","6.453,8.0892","6.4705,8.0909","6.4641,8.096","6.4736,8.1081","6.4724,8.1297","6.4833,8.1453","6.4989,8.1815","6.5138,8.1931","6.5134,8.1938","6.5219,8.2078","6.5417,8.2214","6.5631,8.2384","6.5848,8.2481","6.5966,8.2439","6.602,8.2464","6.6131,8.2489","6.635,8.2552","6.6547,8.2541","6.6896,8.2469","6.7125,8.2327","6.7128,8.2319","6.7374,8.231","6.7605,8.2185","6.791,8.2053","6.8269,8.1819","6.8582,8.176","6.8607,8.1742","6.8675,8.1539","6.8929,8.1471","6.9148,8.1402","6.9529,8.1154","6.9733,8.1075","6.9798,8.1037","7.0151,8.1103","7.0427,8.1038","7.0696,8.111","7.1309,8.1109","7.1495,8.0989","7.1518,8.1023","7.1795,8.101","7.2267,8.1042","7.2419,8.0929","7.2946,8.0813","7.3237,8.0621","7.3218,8.0615","7.3509,8.0534","7.3742,8.0332","7.4121,8.0126","7.4683,7.9522","7.5082,7.9232","7.5044,7.9203","7.5229,7.8837","7.5557,7.8606","7.5857,7.8151","7.6381,7.7258","7.6501,7.6861","7.6607,7.6862","7.6894,7.6606","7.7151,7.6201","7.7427,7.5844","7.8386,7.5248","7.9058,7.4796","7.9051,7.4816","7.9517,7.4385","7.9979,7.3977","8.0477,7.3615","8.1502,7.3138","8.1969,7.276","8.1969,7.2758","8.2491,7.2526","8.3007,7.2205","8.3368,7.1903","8.4239,7.1433","8.4592,7.1172","8.4618,7.1167","8.4915,7.074","8.5297,7.035","8.5542,6.9902","8.6311,6.9026","8.6665,6.8495","8.6675,6.8503","8.7081,6.819","8.7495,6.7801","8.7904,6.7595","8.8831,6.6849","8.9152,6.643","8.9092,6.6458","8.9592,6.5942","9.0124,6.557","9.0501,6.5098","9.1416,6.4559","9.1854,6.4305","9.1858,6.4299","9.2184,6.4033","9.2618,6.3866","9.3086,6.3711","9.4006,6.3142","9.454,6.2886","9.4534,6.2895","9.4884,6.2705","9.537,6.256","9.5802,6.2553","9.6507,6.2476","9.6808,6.238","9.671,6.2377","9.7176,6.2381","9.7508,6.229","9.7851,6.2222","9.8634,6.2173","9.9077,6.2258","9.9065,6.2218","9.9523,6.2279","9.9795,6.2397","10.0297,6.2314","10.0961,6.23","10.143,6.2263","10.1439,6.22","10.1792,6.2347","10.2172,6.2316","10.2574,6.2375","10.3223,6.2446","10.3558,6.2438","10.3557,6.2447","10.3889,6.2468","10.4095,6.2499","10.4458,6.2689","10.4853,6.2857","10.4945,6.3012","10.4955,6.3022","10.5186,6.3158","10.5288,6.3276","10.5378,6.343","10.5529,6.3679","10.5571,6.3806","10.5562,6.3808","10.5611,6.3994","10.5663,6.415","10.5759,6.4333","10.5863,6.461","10.591,6.4715","10.588,6.4739","10.5976,6.4916","10.6007,6.5036","10.603,6.512","10.6071,6.5201","10.6121,6.5226","10.615,6.5203","10.6079,6.5203","10.6153,6.5183","10.6159,6.5263","10.6252,6.5198","10.6318,6.5137","10.6321,6.5123","10.6353,6.5055","10.6378,6.5022","10.6411,6.4903","10.6534,6.4885","10.6628,6.4797","10.6612,6.4797","10.6703,6.4746","10.6711,6.4753","10.6748,6.4678","10.6864,6.4593","10.6902,6.4592","10.6884,6.4554","10.6944,6.4499","10.7009,6.4488","10.7082,6.4477","10.718,6.4409","10.7238,6.4398","10.7269,6.4381","10.7213,6.4412","10.722,6.4402","10.7302,6.4447","10.7382,6.4656","10.7377,6.4722","10.7402,6.474","10.7352,6.4729","10.7361,6.4891","10.7357,6.4962","10.7384,6.5222","10.7406,6.5395","10.7396,6.5386","10.7415,6.5537","10.7372,6.5685","10.7395,6.5862","10.7437,6.6191","10.7469,6.6389","10.747,6.6366","10.749,6.6486","10.744,6.6592","10.746,6.6778","10.7469,6.7042","10.7503,6.7146","10.754,6.7182","10.7503,6.7273","10.753,6.7359","10.7539,6.7413","10.7556,6.7548","10.7572,6.7594","10.7571,6.7627","10.7528,6.769","10.7464,6.7668","10.7439,6.7674","10.7394,6.7719","10.736,6.7709","10.7369,6.7732","10.7356,6.7776","10.7301,6.7767","10.7261,6.776","10.7161,6.7811","10.7081,6.7898","10.7064,6.7842","10.7046,6.78","10.6966,6.7821","10.6995,6.7717","10.7031,6.7691","10.7042,6.7595","10.7039,6.7629","10.7101,6.7568","10.7079,6.7505","10.7128,6.747","10.7249,6.7373","10.729,6.7272","10.7287,6.7285","10.7324,6.7141","10.738,6.7132","10.7445,6.701","10.7566,6.6828","10.7634,6.6685","10.7619,6.6666","10.7739,6.6631","10.7784,6.652","10.7801,6.6473","10.7946,6.6346","10.8047,6.6301","10.8093,6.6253","10.8035,6.6163","10.8084,6.6159","10.8123,6.61","10.8259,6.6152","10.8311,6.6061","10.834,6.609","10.8362,6.6154","10.8518,6.6175","10.856,6.6265","10.8739,6.6447","10.8908,6.6619","10.8895,6.6563","10.9033,6.673","10.9091,6.6913","10.9208,6.7089","10.9527,6.7462","10.9556,6.7587","10.9562,6.7603","10.9705,6.7758","10.9819,6.7946","10.9977,6.8179","11.0197,6.8459","11.031,6.8593","11.0263,6.8606","11.0416,6.8718","11.0501,6.8824","11.0595,6.8868","11.0862,6.9013","11.0935,6.9016","11.0941,6.9009","11.0932,6.903","11.118,6.9089","11.1302,6.9054","11.1603,6.9056","11.1677,6.8947","11.1647,6.8952","11.1794,6.8895","11.1859,6.8796","11.1945,6.8714","11.2232,6.8482","11.2329,6.8372","11.2338,6.8393","11.2462,6.8227","11.2573,6.811","11.2701,6.8014","11.3037,6.783","11.3129,6.7693","11.3132,6.7721","11.3343,6.768","11.3483,6.7631","11.357,6.7618","11.3903,6.7535","11.4028,6.7516","11.4023,6.755","11.4179,6.7588","11.4335,6.7566","11.442,6.7553","11.4628,6.7631","11.4794,6.7808","11.483,6.7777","11.4987,6.787","11.5091,6.7981","11.5253,6.8135","11.546,6.8254","11.5618,6.8404","11.5624,6.8389","11.573,6.8477","11.5786,6.856","11.59,6.8621","11.6205,6.8846","11.6358,6.8827","11.6439,6.8912","11.661,6.9008","11.6783,6.9072","11.695,6.9176","11.7374,6.9283","11.7529,6.9325","11.7547,6.9335","11.7751,6.9373","11.7996,6.9399","11.8229,6.9399","11.8689,6.9351","11.8941,6.9298","11.8918,6.9278","11.9111,6.9195","11.9277,6.9155","11.9432,6.8757","11.9622,6.8638","11.9848,6.8762","12.0013,6.8798","12.0104,6.8685","12.0235,6.862","12.0589,6.8661","12.1052,6.8941","12.1276,6.8986","12.1242,6.8817","12.1556,6.9002","12.1834,6.8996","12.2365,6.9368","12.2768,6.9687","12.2984,6.9891","12.2933,6.9862","12.3205,7.0146","12.3421,7.0374","12.4033,7.0501","12.4235,7.0722","12.4575,7.084","12.4502,7.096","12.4794,7.0952","12.5101,7.1037","12.5752,7.1428","12.6277,7.1702","12.6711,7.1962","12.6709,7.1963","12.7042,7.1957","12.7408,7.2166","12.819,7.2475","12.8594,7.2688","12.8931,7.2935","12.8823,7.2838","12.9117,7.308","12.948,7.3335","12.9745,7.3536",,,,,,,,,,,,,,,,,,,,,,,,,,,,,,,,,,,,
"7.928,8.2391","7.9831,8.2274","8.0486,8.2304","8.108,8.2291","8.1076,8.2273","8.1366,8.2257","8.1686,8.2199","8.2277,8.2282","8.3157,8.2385","8.3974,8.249","8.4076,8.2525","8.4549,8.2586","8.5292,8.2665","8.6094,8.2881","8.761,8.2799","8.8494,8.2437","8.8527,8.2502","8.9208,8.2415","8.9888,8.2188","9.074,8.184","9.2071,8.1231","9.279,8.0955","9.2733,8.0979","9.3575,8.0879","9.4326,8.0759","9.5114,8.0438","9.6714,8.0404","9.7555,8.0188","9.7601,8.014","9.8464,8.0117","9.9387,7.9959","10.0245,7.9904","10.2115,7.9466","10.2854,7.8981","10.2865,7.9033","10.3772,7.8812","10.4829,7.8424","10.567,7.839","10.7504,7.7916","10.8224,7.7378","10.8258,7.7384","10.9233,7.7132","11.0477,7.6722","11.1333,7.663","11.3275,7.6014","11.4339,7.5886","11.4399,7.5802","11.5381,7.5719","11.6268,7.5334","11.7207,7.5013","11.8564,7.4209","11.9435,7.3913","11.9486,7.3945","12.0113,7.3649","12.0597,7.3651","12.1314,7.3446","12.2585,7.3155","12.3201,7.3091","12.313,7.303","12.3757,7.3222","12.4187,7.3112","12.4927,7.3168","12.618,7.3449","12.6614,7.3521","12.6596,7.3352","12.7055,7.3353","12.7527,7.3366","12.8137,7.3316","12.9209,7.352","12.9677,7.3418","12.9711,7.3331","13.0121,7.3271","13.0615,7.3187","13.0927,7.3154","13.1724,7.2961","13.2257,7.3097",,,,,,,,,,,,,,,,,,,,,,,,,,,,,,,,,,,,,,,,,,,,,,,,,,,,,,,,,,,,,,,,,,,,,,,,,,,,,,,,,,,,,,,,,,,,,,,,,,,,,,,,,,,,,,,,,,,,,,,,,,,,,,,,,,,,,,,,,,,,,,,,,,,,,,,,,,,,,,,,,,,,,,,,,,,,,,,,,,,,,,,,,,,,,,,,,,,,,,,,,,,,,,,,,,,,,,,,,,,,,,,,,,,,,,,,,,,,,,,,,,,,,,,,,,,,,,,,,,,,,,,,,,,,,,,,,,,,,,,,,,,,,,,,,,,,,,,,,,,,,,,,,,,,,,,,,,,,,,,,,,
"7.3504,8.4782","7.3852,8.47","7.4346,8.4594","7.4791,8.4416","7.4754,8.4425","7.5041,8.4344","7.5373,8.4312","7.5791,8.4218","7.6573,8.4317","7.7443,8.455","7.7336,8.4502","7.8113,8.4421","7.8782,8.4481","7.9642,8.4279","8.0759,8.382","8.1509,8.3582","8.1416,8.3672","8.2146,8.3549","8.2715,8.3729","8.3446,8.3889","8.4357,8.4165","8.4917,8.411","8.499,8.4275","8.5637,8.4304","8.618,8.4334","8.6645,8.4274","8.7953,8.4074","8.8715,8.4029","8.8579,8.4047","8.9136,8.3773","8.9921,8.3587","9.0594,8.3496","9.1958,8.307","9.284,8.2878","9.2864,8.2896","9.3791,8.2727","9.4329,8.2365","9.5319,8.2029","9.6875,8.1099","9.775,8.0552","9.7741,8.0544","9.8529,8.0047","9.9316,7.9601","10.0051,7.9167","10.1663,7.8479","10.2556,7.8246","10.2509,7.8191","10.3435,7.8034","10.4235,7.776","10.5015,7.7578","10.6477,7.6908","10.72,7.6697","10.7192,7.6705","10.7753,7.6257","10.8445,7.607","10.9308,7.5648","11.105,7.5061","11.1719,7.4665","11.1834,7.4829","11.2559,7.4688","11.3227,7.4446","11.3792,7.4363","11.4981,7.4134","11.5623,7.3976","11.5525,7.3864","11.6082,7.3716","11.6553,7.344","11.694,7.322","11.7921,7.2819","11.8249,7.2702","11.8296,7.2662","11.874,7.2549","11.9403,7.2378","11.986,7.2212","12.0769,7.1781","12.1147,7.1381","12.1118,7.1301","12.1448,7.1159","12.1932,7.1413","12.2136,7.0603","12.2821,7.033","12.3324,7.0014","12.3376,7.0058","12.396,6.9794","12.4521,6.9582","12.5197,6.9543","12.6341,6.9562","12.6773,6.9616","12.684,6.967","12.7292,6.9591","12.802,6.9779","12.8423,6.983","12.9482,7.0066","12.9953,7.0164","13.0014,7.0148","13.041,7.0339",,,,,,,,,,,,,,,,,,,,,,,,,,,,,,,,,,,,,,,,,,,,,,,,,,,,,,,,,,,,,,,,,,,,,,,,,,,,,,,,,,,,,,,,,,,,,,,,,,,,,,,,,,,,,,,,,,,,,,,,,,,,,,,,,,,,,,,,,,,,,,,,,,,,,,,,,,,,,,,,,,,,,,,,,,,,,,,,,,,,,,,,,,,,,,,,,,,,,,,,,,,,,,,,,,,,,,,,,,,,,,,,,,,,,,,,,,,,,,,,,,,,,,,,,,,,,,,,,,,,,,,,,,,,,,,,,,,,,,,,,,,,,,,,,,,,,,,,,,,,,,
"8.0129,8.8192","8.058,8.8267","8.142,8.8202","8.1987,8.7884","8.2004,8.7938","8.2488,8.7817","8.3119,8.7645","8.3653,8.7392","8.5061,8.6918","8.5855,8.6722","8.5838,8.6745","8.6548,8.6472","8.7118,8.6473","8.781,8.6488","8.892,8.6266","8.9526,8.6348","8.9495,8.6401","8.9965,8.6342","9.0443,8.6524","9.0922,8.6541","9.1755,8.6621","9.2209,8.6651","9.2204,8.6644","9.2663,8.6677","9.3132,8.6658","9.358,8.6618","9.4393,8.6383","9.5004,8.6298","9.5027,8.6262","9.5395,8.6064","9.5854,8.5966","9.6275,8.5768","9.7113,8.5166","9.7562,8.4887","9.7579,8.4885","9.8117,8.469","9.8799,8.4397","9.9264,8.4282","10.0505,8.3926","10.0997,8.3594","10.0989,8.3589","10.1551,8.3331","10.2226,8.3227","10.272,8.2988","10.3848,8.2335","10.4439,8.1993","10.4502,8.2059","10.509,8.1876","10.5672,8.151","10.6267,8.1141","10.7474,8.0191","10.8077,7.9862","10.8106,7.9863","10.8611,7.9391","10.9277,7.9152","10.9893,7.877","11.117,7.8254","11.1679,7.8145","11.1672,7.8155","11.2216,7.7945","11.2709,7.782","11.314,7.7621","11.4115,7.7298","11.4563,7.7143","11.4645,7.7137","11.4997,7.7005","11.5377,7.681","11.5811,7.6651","11.642,7.6217","11.6649,7.5885","11.6655,7.5885","11.6907,7.5674","11.7213,7.5442","11.7492,7.5234","11.8318,7.506","11.8688,7.4983","11.8644,7.4922","11.8969,7.4739","11.9328,7.472","11.9639,7.4645","12.0266,7.4441","12.0577,7.4308","12.0519,7.4261","12.0836,7.4343","12.1091,7.4228","12.1384,7.4202","12.1849,7.3958","12.2038,7.3923","12.2001,7.3927","12.2187,7.3741","12.2432,7.3722","12.2585,7.358","12.3169,7.3658","12.3482,7.3687","12.3486,7.3678","12.3808,7.3723","12.4219,7.3771","12.4641,7.3845","12.5144,7.3873","12.5499,7.3954","12.5539,7.3946","12.5723,7.411","12.6137,7.4277","12.6428,7.445","12.717,7.4796","12.7466,7.5042","12.7474,7.5047","12.7798,7.5179","12.7991,7.535","12.8315,7.5539","12.8882,7.5958","12.9219,7.6135","12.9223,7.6173","12.9583,7.6293","12.982,7.6517",,,,,,,,,,,,,,,,,,,,,,,,,,,,,,,,,,,,,,,,,,,,,,,,,,,,,,,,,,,,,,,,,,,,,,,,,,,,,,,,,,,,,,,,,,,,,,,,,,,,,,,,,,,,,,,,,,,,,,,,,,,,,,,,,,,,,,,,,,,,,,,,,,,,,,,,,,,,,,,,,,,,,,,,,,,,,,,,,,,,,,,,,,,,,,,,,,,,,,,,,,,,,,,,,,,,,,,,,,,,,,,,,,,,,,,,,,,,,,,,,,,,,,,,,,,,,,,,,,,,,,,,,,,,,,,,,,,,,,,,,,,
"7.464,8.8108","7.4702,8.8097","7.4856,8.7998","7.5156,8.7844","7.5061,8.7895","7.5145,8.7934","7.5196,8.7843","7.5471,8.7785","7.5887,8.7718","7.6192,8.7693","7.6127,8.7774","7.6515,8.7674","7.6771,8.7601","7.711,8.7697","7.777,8.7612","7.814,8.757","7.8319,8.7579","7.8537,8.752","7.9045,8.7621","7.9512,8.7644","8.0317,8.7609","8.0766,8.7588","8.0675,8.7577","8.1199,8.7636","8.1554,8.7552","8.1838,8.7435","8.2304,8.7247","8.2629,8.7179","8.2743,8.722","8.295,8.6943","8.3443,8.7104","8.3973,8.6873","8.4925,8.6784","8.527,8.6691","8.5247,8.6658","8.5744,8.6673","8.6395,8.6521","8.6922,8.6462","8.8032,8.6477","8.849,8.6347","8.8507,8.6224","8.904,8.6188","8.975,8.6172","9.0255,8.612","9.1495,8.6079","9.2181,8.5887","9.2177,8.5896","9.2799,8.5844","9.3425,8.577","9.4083,8.5757","9.5401,8.5422","9.6203,8.538","9.6102,8.5434","9.6798,8.5232","9.7618,8.5283","9.8302,8.5271","9.9783,8.5095","10.0419,8.4894","10.0313,8.4865","10.088,8.4709","10.1571,8.4441","10.2262,8.4205","10.3495,8.3792","10.4097,8.3516","10.4026,8.3625","10.4736,8.3437","10.5305,8.3097","10.5841,8.2807","10.6834,8.2328","10.7516,8.2077","10.7472,8.2113","10.8138,8.1842","10.859,8.172","10.9137,8.1558","11.005,8.1129","11.0614,8.0876","11.0664,8.0902","11.1054,8.0595","11.1437,8.0438","11.1859,8.0211","11.2442,7.9702","11.2702,7.9417","11.2804,7.9461","11.311,7.9202","11.3545,7.9033","11.3758,7.8975","11.4485,7.8583","11.4705,7.844","11.4674,7.8412","11.4932,7.8236","11.5147,7.8098","11.5295,7.7854","11.5637,7.7696","11.5968,7.7526","11.6003,7.7558","11.6168,7.7472","11.6465,7.7439","11.644,7.7295","11.6826,7.7101","11.6925,7.7001","11.6767,7.6994","11.7006,7.6959","11.7215,7.6958","11.7409,7.6813","11.7668,7.6676","11.766,7.6523","11.7702,7.6628","11.8035,7.6567","11.8019,7.6457","11.8176,7.6429","11.8734,7.6428","11.8841,7.627","11.8841,7.6316","11.9242,7.6241","11.933,7.6098","11.9412,7.6032","11.9859,7.587","12.0016,7.5738","11.9948,7.5746","12.0216,7.565","12.0247,7.5537","12.0563,7.562","12.0905,7.5461","12.1169,7.5424","12.1175,7.5439","12.1449,7.549","12.1664,7.5378","12.1731,7.5428","12.2282,7.5279","12.2485,7.5352","12.2508,7.5353","12.2721,7.5321","12.293,7.5371","12.3128,7.5406","12.3312,7.533","12.3369,7.5281","12.3503,7.5332","12.3678,7.5367","12.3753,7.5311","12.3763,7.5313","12.396,7.5149","12.4081,7.5014","12.4129,7.4996","12.4276,7.4995","12.4502,7.494","12.4801,7.4859","12.5002,7.477","12.5293,7.4741","12.5237,7.4798","12.5341,7.4686","12.5494,7.4778","12.565,7.482","12.6134,7.5089","12.6074,7.5165","12.6064,7.5233","12.6289,7.5343","12.6251,7.551","12.6249,7.5495","12.6329,7.588","12.6192,7.5925","12.6268,7.5914","12.6337,7.6026","12.6182,7.6056","12.608,7.6195","12.6101,7.6307","12.5844,7.6318","12.5844,7.636","12.5894,7.6287","12.5797,7.6319","12.5799,7.6193","12.581,7.6133","12.6061,7.6198","12.6038,7.6182","12.622,7.6168","12.6414,7.62","12.6525,7.6303","12.7143,7.6415","12.7358,7.6606","12.7429,7.6581","12.7754,7.6514","12.7872,7.6569","12.8212,7.674","12.8761,7.6874","12.8964,7.6939","12.8959,7.7024","12.9257,7.717","12.9432,7.722","12.9601,7.7256",,,,,,,,,,,,,,,,,,,,,,,,,,,,,,,,,,,,,,,,,,,,,,,,,,,,,,,,,,,,,,,,,,,,,,,,,,,,,,,,,,,,,,,,,,,,,,,,,,,,,,,,,,,,,,,,,,,,,,,,,,,,,,,,,,,,,,,,,,,,,,,,,,,,,,,,,,,,,,,,,,,,,,,,,,,,,,,,,,,,,,,,,,,,,,,,,,,,,,,,,,,,,,,,,,
"6.7729,9.1315","6.783,9.1312","6.7774,9.1257","6.786,9.1091","6.7878,9.1074","6.7907,9.1035","6.7908,9.1017","6.7983,9.0833","6.8182,9.0641","6.8371,9.0619","6.8373,9.0621","6.8514,9.0462","6.8652,9.0407","6.8904,9.0355","6.9253,9.0031","6.9526,8.9942","6.9547,8.9904","6.9729,8.9759","7.0006,8.9682","7.0326,8.9664","7.0931,8.9478","7.1288,8.9481","7.126,8.9453","7.1641,8.95","7.2012,8.9442","7.2321,8.9362","7.2811,8.9302","7.3195,8.9323","7.3195,8.9319","7.3404,8.92","7.3803,8.9223","7.4114,8.9189","7.4651,8.9022","7.4928,8.8898","7.4916,8.8888","7.527,8.8801","7.5621,8.8741","7.584,8.8635","7.6386,8.8521","7.6594,8.8382","7.6557,8.8244","7.6875,8.835","7.7282,8.8361","7.7527,8.8315","7.8131,8.8304","7.8441,8.8195","7.8473,8.8184","7.8839,8.8251","7.9115,8.8185","7.9455,8.8171","8.0059,8.8014","8.0403,8.7942","8.0439,8.7959","8.0668,8.7798","8.0984,8.7772","8.1321,8.7769","8.1826,8.7365","8.2222,8.7267","8.2254,8.7289","8.2494,8.6967","8.2788,8.6777","8.305,8.6533","8.3739,8.6139","8.4115,8.5885","8.4099,8.5852","8.4407,8.5588","8.4762,8.5401","8.5041,8.5158","8.5744,8.4899","8.6145,8.4629","8.6162,8.4655","8.6574,8.4516","8.7033,8.4372","8.7462,8.4205","8.8274,8.3966","8.8761,8.3963","8.8791,8.4067","8.922,8.3954","8.9633,8.3959","9.0079,8.3902","9.1111,8.402","9.1555,8.4064","9.1523,8.4136","9.2053,8.4171","9.2549,8.4045","9.3156,8.417","9.4197,8.414","9.4618,8.4198","9.4704,8.4197","9.5195,8.4126","9.5659,8.4094","9.6146,8.4","9.7102,8.3902","9.7503,8.3903","9.7459,8.3831","9.7969,8.3846","9.8319,8.3849","9.8811,8.3739","9.9503,8.3783","9.9939,8.3781","9.9949,8.3803","10.0359,8.3912","10.0706,8.3875","10.1056,8.389","10.1813,8.4001","10.2196,8.4","10.2232,8.3933","10.258,8.4","10.2868,8.3971","10.3276,8.3932","10.3943,8.386","10.4364,8.3897","10.4348,8.3941","10.4766,8.3879","10.502,8.378","10.5408,8.378","10.5969,8.355","10.6219,8.3408","10.6251,8.3414","10.6527,8.3322","10.6774,8.3157","10.711,8.3126","10.76,8.2934","10.7802,8.2898","10.7829,8.289","10.8077,8.2834","10.824,8.2772","10.8482,8.2793","10.8942,8.2651","10.9095,8.2612","10.9115,8.2634","10.9392,8.2628","10.955,8.2643","10.9837,8.2639","11.0182,8.2664","11.034,8.2733","11.0331,8.2736","11.0578,8.2775","11.0837,8.2841","11.1096,8.2917","11.1441,8.288","11.1671,8.289","11.1685,8.2886","11.1854,8.2931","11.2039,8.2909","11.2247,8.2927","11.2483,8.2892","11.2628,8.2862","11.2638,8.2889","11.2746,8.2823","11.2846,8.2772","11.292,8.2674","11.3017,8.2503","11.3126,8.2423","11.3104,8.2387","11.3076,8.2262","11.3097,8.2188","11.3089,8.199","11.3142,8.182","11.3217,8.175","11.3198,8.1731","11.3187,8.1589","11.3233,8.1532","11.3245,8.1378","11.3358,8.1156","11.3382,8.1166","11.3357,8.1157","11.3426,8.1091","11.3419,8.1096","11.3484,8.1023","11.3567,8.0982","11.3525,8.0916","11.3606,8.0869","11.3639,8.0889","11.3646,8.0846","11.3761,8.0894","11.3891,8.094","11.3832,8.0932","11.3991,8.0985","11.4017,8.0939","11.4068,8.1094","11.4072,8.0987","11.4023,8.1026","11.4126,8.1071","11.4187,8.112","11.4257,8.1122","11.4241,8.1127","11.4342,8.11","11.4399,8.1178","11.4455,8.1157","11.4467,8.1139","11.4566,8.1121","11.453,8.1103","11.4554,8.1085","11.463,8.1136","11.4592,8.0988","11.4679,8.0975","11.4616,8.096","11.4599,8.0849","11.459,8.0892","11.4569,8.071","11.4597,8.0612","11.4509,8.0648","11.4571,8.0552","11.4482,8.0241","11.4467,8.0104","11.4378,7.9835","11.4276,7.9629","11.4274,7.9665","11.4166,7.9518","11.4142,7.931","11.3946,7.913","11.3756,7.8692","11.3644,7.8541","11.3685,7.855","11.3596,7.8456","11.3445,7.8283","11.3414,7.8","11.32,7.7914","11.309,7.7667","11.3171,7.7638","11.3117,7.7554","11.3062,7.7483","11.296,7.7435","11.2842,7.7317","11.2784,7.7351","11.2786,7.7371","11.2772,7.7272","11.2742,7.7312","11.276,7.73","11.2727,7.7324","11.2693,7.7357","11.2614,7.7395","11.2634,7.7379","11.2733,7.744","11.276,7.7486","11.2825,7.7579","11.2838,7.7617","11.2861,7.7657","11.2895,7.7615","11.2985,7.7713","11.2926,7.7763","11.3045,7.7748","11.3037,7.7759","11.3028,7.7804","11.3128,7.7732","11.3208,7.7716","11.3121,7.7659","11.3129,7.77","11.323,7.7628","11.3276,7.761","11.3225,7.7466","11.3255,7.7515","11.3238,7.7278","11.3216,7.7132","11.3164,7.6851","11.3235,7.682","11.3168,7.6711","11.3119,7.662","11.3017,7.6363","11.2869,7.6156","11.2853,7.5776","11.2938,7.5911","11.2756,7.581","11.2735,7.5643","11.2681,7.5482","11.2628,7.5118","11.2559,7.5131","11.2619,7.5158","11.2543,7.4952","11.2501,7.488","11.2551,7.4799","11.2578,7.4613","11.2638,7.4387","11.2515,7.4451","11.2603,7.4439","11.2604,7.4339","11.2576,7.4267","11.2678,7.4351","11.2619,7.4282","11.2702,7.4299","11.2575,7.4288","11.2665,7.4421","11.2771,7.4359","11.2755,7.416","11.2864,7.4135","11.2908,7.4142","11.3007,7.4084","11.298,7.4029","11.3005,7.3904","11.3254,7.384","11.3248,7.3839","11.3316,7.3807","11.345,7.38","11.3507,7.3828","11.3621,7.384","11.387,7.3932","11.4079,7.412","11.3949,7.4066","11.4083,7.4228","11.425,7.4227","11.446,7.4375","11.4672,7.454","11.4752,7.4621","11.4733,7.4547","11.4793,7.4739","11.4888,7.4765","11.5146,7.4803","11.5257,7.4877","11.5631,7.4964","11.5608,7.4982","11.5751,7.4951","11.5882,7.4992","11.5973,7.492","11.6359,7.4937","11.6416,7.4905","11.6384,7.4803","11.6668,7.4788","11.6764,7.4633","11.6859,7.4507","11.712,7.4243","11.7316,7.4068","11.7292,7.4028","11.7298,7.3773","11.7532,7.3591","11.7847,7.3292","11.7981,7.2908","11.8184,7.2824","11.8171,7.2813","11.836,7.2602","11.8438,7.2489","11.8763,7.237","11.8903,7.2356","11.9027,7.2204","11.8984,7.222","11.9052,7.2244","11.9417,7.2167","11.9666,7.2106","11.9871,7.2099","11.9975,7.2163","11.986,7.2172","12.0253,7.22","12.0402,7.2063","12.0784,7.2325","12.0884,7.2441","12.1298,7.2581","12.1119,7.2571","12.1349,7.2608","12.1696,7.2733","12.2095,7.2768","12.2469,7.2866","12.2557,7.3122","12.2736,7.3207","12.2914,7.3254","12.3263,7.3443","12.3562,7.3598","12.3882,7.3721","12.409,7.3732","12.3994,7.371","12.4135,7.3735","12.4485,7.376","12.4981,7.4006","12.5282,7.4051","12.5381,7.3949","12.5505,7.4121","12.5746,7.4215","12.589,7.4262","12.6535,7.4569","12.6752,7.4696","12.7,7.486","12.7045,7.4702","12.7088,7.4631","12.7442,7.478","12.7954,7.4893","12.8396,7.4942","12.8638,7.4944","12.8739,7.4955","12.8874,7.4998","12.9147,7.5083","12.9705,7.5275","12.9866,7.5213","12.9956,7.5232","12.999,7.5201","13.0221,7.5329","13.0315,7.5292","13.0838,7.5358","13.0878,7.5422","13.1076,7.5582","13.0975,7.5598",,,,,,,,,
"7.9629,9.4724","8.0005,9.4542","8.0829,9.4355","8.1398,9.4135","8.1451,9.4188","8.189,9.4073","8.2351,9.4144","8.282,9.3908","8.35,9.3665","8.3884,9.3741","8.387,9.3811","8.407,9.3714","8.4235,9.3684","8.4418,9.3697","8.4449,9.3606","8.4551,9.3542","8.4602,9.3527","8.4487,9.3353","8.4405,9.3351","8.4378,9.3397","8.4218,9.3247","8.417,9.3205","8.415,9.3225","8.4321,9.333","8.4269,9.336","8.4273,9.3278","8.4197,9.3437","8.4334,9.3475","8.4248,9.3443","8.4212,9.3473","8.4334,9.361","8.4458,9.3772","8.4568,9.3907","8.4731,9.3937","8.4742,9.3921","8.5039,9.4235","8.515,9.4199","8.5197,9.4247","8.5777,9.4412","8.5871,9.4157","8.593,9.4146","8.6222,9.4208","8.6549,9.4204","8.675,9.4056","8.7482,9.3914","8.7661,9.3682","8.7669,9.3583","8.8108,9.3612","8.8458,9.3312","8.8695,9.3188","8.9313,9.292","8.9721,9.2699","8.9697,9.266","8.9991,9.249","9.0331,9.2439","9.0688,9.2395","9.1397,9.2224","9.1769,9.2226","9.1727,9.2158","9.205,9.2036","9.2369,9.1946","9.2636,9.1874","9.3323,9.1811","9.3686,9.1747","9.373,9.1825","9.4154,9.1569","9.4521,9.1635","9.4887,9.1413","9.5645,9.1161","9.6067,9.0981","9.6153,9.0911","9.6543,9.0684","9.7022,9.0406","9.7452,9.0221","9.8231,8.9832","9.8643,8.9449","9.8648,8.9583","9.8988,8.9166","9.9466,8.876","9.9715,8.8482","10.0559,8.774","10.0976,8.74","10.0992,8.7417","10.1511,8.7167","10.1871,8.6851","10.2384,8.658","10.3407,8.6125","10.368,8.5851","10.3825,8.5956","10.4158,8.5652","10.4662,8.5396","10.4972,8.5048","10.5775,8.4553","10.6188,8.4335","10.6228,8.4244","10.6527,8.3993","10.6883,8.3985","10.7209,8.3786","10.7612,8.3389","10.8002,8.3221","10.7891,8.3156","10.8146,8.3019","10.8419,8.276","10.8602,8.2682","10.8968,8.2208","10.9187,8.1994","10.9111,8.1974","10.932,8.1786","10.9416,8.1544","10.9529,8.1321","10.988,8.0866","11.0061,8.0683","11.0073,8.0741","11.0228,8.0624","11.0381,8.0397","11.0478,8.0289","11.0921,8.0159","11.0993,7.9966","11.0817,7.9896","11.1163,8.0007","11.136,7.981","11.1492,7.9843","11.1747,7.9669","11.1917,7.9636","11.1906,7.9654","11.2114,7.9519","11.1972,7.9336","11.2215,7.9475","11.2322,7.9162","11.2378,7.9086","11.2414,7.9101","11.2478,7.8902","11.2547,7.8815","11.2501,7.8703","11.259,7.8308","11.2572,7.8223","11.2622,7.817","11.2777,7.804","11.2838,7.7956","11.2869,7.795","11.3061,7.7712","11.3084,7.7694","11.313,7.7705","11.322,7.7673","11.3244,7.7617","11.3304,7.762","11.3342,7.7521","11.3571,7.7588","11.3519,7.7544","11.3556,7.7545","11.3701,7.7611","11.3772,7.7565","11.3823,7.7581","11.3901,7.7623","11.3901,7.7633","11.3959,7.7613","11.3939,7.7568","11.3948,7.7342","11.3889,7.7311","11.3831,7.725","11.3837,7.7265","11.3772,7.7147","11.3781,7.7074","11.372,7.6929","11.3674,7.6694","11.3745,7.6756","11.3673,7.6716","11.3822,7.6602","11.3722,7.6568","11.3807,7.642","11.3851,7.6343","11.3983,7.6436","11.3925,7.6251","11.3883,7.6365","11.4006,7.6261","11.4081,7.6212","11.408,7.643","11.4275,7.6313","11.4214,7.6398","11.4214,7.6399","11.4385,7.6527","11.442,7.6383","11.4548,7.6473","11.462,7.6515","11.467,7.655","11.4784,7.6604","11.4736,7.6493","11.5055,7.6512","11.5172,7.6582","11.5235,7.6452","11.5203,7.646","11.5365,7.6382","11.5391,7.6372","11.5556,7.6352","11.5692,7.6195","11.5756,7.6017","11.5623,7.6105","11.5802,7.5929","11.5966,7.579","11.592,7.5819","11.6113,7.5519","11.6143,7.552","11.6263,7.5495","11.6293,7.5371","11.6406,7.5208","11.6504,7.5141","11.6773,7.5167","11.6797,7.509","11.6819,7.5073","11.6916,7.5014","11.7006,7.5091","11.7049,7.5071","11.7243,7.5165","11.7424,7.5231","11.74,7.524","11.7594,7.5259","11.7754,7.5343","11.7978,7.5403","11.8239,7.5544","11.8355,7.5551","11.8359,7.557","11.8535,7.5619","11.8662,7.5669","11.8803,7.5664","11.9082,7.5694","11.9165,7.5713","11.9152,7.5693","11.924,7.5646","11.9323,7.5687","11.9409,7.5638","11.946,7.5537","11.949,7.5547","11.9545,7.565","11.9588,7.5463","11.9567,7.5433","11.9584,7.546","11.9643,7.5319","11.9559,7.5177","11.9548,7.5191","11.9531,7.51","11.9468,7.5093","11.9522,7.4897","11.955,7.4814","11.9419,7.465","11.9351,7.4728","11.938,7.4626","11.9294,7.4598","11.9345,7.4369","11.9392,7.4315","11.9424,7.4201","11.947,7.418","11.959,7.4182","11.9554,7.4042","11.9584,7.4024","11.9718,7.3986","11.9789,7.3882","11.9886,7.3736","11.9979,7.3815","12.0071,7.3707","11.9933,7.3757","12.0271,7.3741","12.0479,7.3739","12.0531,7.3706","12.0471,7.3662","12.0539,7.3652","12.0868,7.3722","12.1219,7.3737","12.1502,7.3724","12.1362,7.3666","12.1706,7.367","12.2035,7.3694","12.2345,7.3732","12.2904,7.3745","12.3319,7.3783","12.3285,7.375","12.3611,7.3813","12.4035,7.3763","12.44,7.3771","12.5284,7.3825","12.5649,7.3865","12.5615,7.3911","12.595,7.3843","12.6272,7.3999","12.6642,7.3967","12.7218,7.4086","12.7542,7.4007","12.7608,7.3978","12.7927,7.4032","12.8241,7.4122",,,,,,,,,,,,,,,,,,,,,,,,,,,,,,,,,,,,,,,,,,,,,,,,,,,,,,,,,,,,,,,,,,,,,,,,,,,,,,,,,,,,,,,,,,,,,,,,,,,,,,,,,,,,,
"7.2842,9.3118","7.2894,9.3","7.2924,9.2942","7.3061,9.2764","7.3084,9.2792","7.3117,9.2766","7.3196,9.2746","7.3255,9.2683","7.353,9.284","7.3803,9.2796","7.3746,9.2916","7.3886,9.2782","7.4106,9.2872","7.4492,9.2826","7.5079,9.2863","7.5399,9.2976","7.546,9.2903","7.5779,9.2915","7.6178,9.2882","7.6648,9.2836","7.7439,9.2658","7.7933,9.2542","7.7909,9.2547","7.8442,9.2386","7.895,9.2293","7.9236,9.2118","7.9807,9.2172","8.0175,9.2281","8.0186,9.2283","8.0373,9.2353","8.0719,9.2437","8.0948,9.2544","8.1348,9.2448","8.1463,9.2414","8.1546,9.2367","8.1822,9.2439","8.1984,9.2268","8.2121,9.2234","8.2419,9.2056","8.247,9.1796","8.2493,9.1809","8.2679,9.1612","8.2859,9.1511","8.2912,9.1284","8.3324,9.0802","8.3525,9.0397","8.3529,9.0461","8.3734,9.0213","8.3953,8.9863","8.4193,8.9519","8.478,8.8734","8.513,8.8469","8.5203,8.836","8.5526,8.8","8.5944,8.7791","8.6417,8.7467","8.7399,8.711","8.792,8.6886","8.7928,8.6898","8.8439,8.6645","8.9038,8.6397","8.9571,8.6142","9.0709,8.5806","9.1352,8.5516","9.1318,8.5573","9.1904,8.5236","9.2398,8.4875","9.298,8.4609","9.402,8.3961","9.4528,8.3509","9.4537,8.3488","9.5169,8.3072","9.5725,8.2568","9.6285,8.21","9.7578,8.1359","9.8289,8.1053","9.8288,8.1036","9.8966,8.0741","9.9722,8.051","10.0466,8.0181","10.1745,7.9655","10.2584,7.909","10.2583,7.9101","10.3282,7.877","10.3934,7.836","10.4637,7.8009","10.5977,7.7253","10.6534,7.6958","10.6555,7.6971","10.7103,7.6564","10.7761,7.6265","10.8363,7.6048","10.9602,7.5826","11.0189,7.5702","11.0156,7.57","11.0725,7.5688","11.1166,7.5656","11.1598,7.5545","11.23,7.5229","11.2771,7.5136","11.2881,7.5055","11.3144,7.5034","11.3377,7.4995","11.3672,7.4866","11.3877,7.4642","11.4027,7.4491","11.396,7.4516","11.4118,7.4385","11.4182,7.4261","11.4145,7.4152","11.4296,7.4113","11.4344,7.4287","11.4283,7.4193","11.4449,7.4198","11.4412,7.4239","11.4403,7.4341","11.4426,7.4434","11.4356,7.4469","11.4399,7.441","11.4477,7.4505","11.4401,7.4636","11.4409,7.4681","11.4591,7.4494","11.4567,7.4515","11.4671,7.4523","11.479,7.4522","11.4814,7.433","11.5,7.4465","11.53,7.4338","11.531,7.432","11.5263,7.4416","11.5485,7.439","11.5364,7.4433","11.5621,7.4375","11.5423,7.4653","11.5347,7.4871","11.5399,7.4819","11.542,7.5","11.5744,7.5037","11.5945,7.5137","11.6119,7.5132","11.5876,7.543","11.5949,7.5263","11.5893,7.5349","11.614,7.5084","11.6166,7.4922","11.6325,7.4695","11.6227,7.4828","11.63,7.4844","11.6409,7.4567","11.6091,7.4644","11.6218,7.464","11.6269,7.4649","11.6418,7.4461","11.6423,7.4481","11.6693,7.4262","11.6814,7.4202","11.6868,7.396","11.7093,7.3896","11.7127,7.3937","11.7273,7.3878","11.7397,7.3816","11.7446,7.3834","11.7378,7.3874","11.7498,7.3795","11.766,7.3817","11.7604,7.3786","11.7644,7.367","11.7859,7.3546","11.7935,7.3448","11.7701,7.3354","11.8033,7.3027","11.814,7.3011","11.8311,7.2745","11.8281,7.261","11.8416,7.2477","11.8785,7.2155","11.8878,7.2017","11.9208,7.1951","11.9427,7.1602","11.9434,7.1455","11.9433,7.1459","12.0315,7.0805","12.0484,7.0677","12.034,7.082","12.0596,7.0577","12.0795,7.0634","12.1045,7.0537","12.1219,7.0685","12.1331,7.0591","12.1349,7.0497","12.1607,7.0474","12.1615,7.0516","12.1784,7.0382","12.1995,7.0402","12.2247,7.0518","12.2318,7.0326","12.2486,7.0361","12.2766,7.0365","12.2683,7.0525","12.3044,7.0441","12.3564,7.0298","12.3424,7.0328","12.3508,7.0299","12.3761,7.0249","12.3786,7.0378","12.3968,7.0565","12.406,7.0432","12.4064,7.0473","12.4284,7.0427","12.4357,7.047","12.444,7.0403","12.432,7.0443","12.4192,7.0478","12.4352,7.0337","12.44,7.0364","12.4491,7.047","12.47,7.0553","12.5212,7.0789","12.534,7.1074","12.5359,7.1042","12.5398,7.1239","12.5721,7.1351","12.6136,7.1402","12.6575,7.1684","12.7112,7.1793","12.7136,7.1803","12.7297,7.1918","12.7837,7.2064","12.8277,7.2155","12.9011,7.245","12.9419,7.2464","12.9544,7.2444","12.9928,7.2519","13.01,7.2576","13.073,7.2585","13.1382,7.2956","13.1552,7.3189",,,,,,,,,,,,,,,,,,,,,,,,,,,,,,,,,,,,,,,,,,,,,,,,,,,,,,,,,,,,,,,,,,,,,,,,,,,,,,,,,,,,,,,,,,,,,,,,,,,,,,,,,,,,,,,,,,,,,,,,,,,,,,,,,,,,,,,,,,,,,,,,,,,,,,,,,,,,,,,,
"7.2673,9.8103","7.2727,9.8228","7.2728,9.7973","7.2871,9.7746","7.2844,9.7713","7.2909,9.7576","7.3079,9.7506","7.328,9.7412","7.3875,9.7499","7.4259,9.7609","7.4278,9.7603","7.4556,9.7643","7.4725,9.7615","7.4991,9.7682","7.5266,9.7613","7.5563,9.7509","7.5499,9.7482","7.5635,9.7326","7.5765,9.7181","7.5801,9.6969","7.5884,9.663","7.5992,9.6522","7.5945,9.6573","7.6083,9.6594","7.6192,9.6698","7.6242,9.6675","7.6291,9.6792","7.6469,9.6907","7.6497,9.6839","7.6464,9.6919","7.6662,9.7034","7.6709,9.7108","7.6753,9.7222","7.6764,9.7299","7.6799,9.7338","7.6813,9.7422","7.6873,9.7466","7.6889,9.7481","7.6886,9.7653","7.6757,9.7488","7.6737,9.7546","7.6692,9.7543","7.6739,9.7633","7.6686,9.7586","7.6668,9.7704","7.6633,9.7588","7.6631,9.7623","7.6599,9.7656","7.6584,9.7626","7.6617,9.7614","7.6585,9.7575","7.6621,9.7514","7.6627,9.7502","7.6582,9.7483","7.6617,9.7618","7.6677,9.7638","7.676,9.7698","7.6798,9.7744","7.6842,9.7744","7.6904,9.7693","7.6964,9.7758","7.7018,9.7821","7.7316,9.8043","7.7617,9.8234","7.7545,9.8297","7.7835,9.819","7.806,9.8138","7.8429,9.7972","7.9217,9.7629","7.9771,9.7461","7.9772,9.7472","8.0284,9.7246","8.0832,9.692","8.1414,9.6645","8.2761,9.6135","8.3475,9.5833","8.3448,9.5839","8.4225,9.55","8.5032,9.5226","8.5815,9.5072","8.7577,9.5017","8.8483,9.4964","8.8504,9.5037","8.9398,9.5021","9.0302,9.4972","9.1249,9.497","9.2991,9.4609","9.3717,9.4427","9.3912,9.4554","9.4666,9.4099","9.5535,9.3872","9.6136,9.3505","9.7691,9.2786","9.8685,9.2264","9.8658,9.2362","9.9491,9.201","10.0288,9.1627","10.1001,9.1009","10.248,9.0208","10.3409,8.9797","10.3298,8.9746","10.4158,8.9525","10.4946,8.9136","10.5866,8.8791","10.7384,8.813","10.8183,8.7708","10.8306,8.7567","10.9035,8.7055","10.9732,8.6615","11.034,8.6207","11.1621,8.553","11.2278,8.5256","11.2258,8.5204","11.2887,8.4905","11.3296,8.4491","11.3812,8.4094","11.4586,8.3251","11.5004,8.2907","11.4913,8.276","11.5285,8.2468","11.5676,8.2274","11.6142,8.1914","11.6724,8.1534","11.6933,8.1345","11.6937,8.1354","11.7128,8.1148","11.7195,8.0934","11.735,8.0763","11.7487,8.0228","11.7301,7.9919","11.7357,7.9866","11.7472,7.9684","11.7404,7.9426","11.7519,7.9362","11.7555,7.8937","11.7538,7.8782","11.751,7.8787","11.7604,7.8661","11.7601,7.8513","11.7636,7.8434","11.7632,7.8149","11.7774,7.8031","11.778,7.8039","11.7915,7.7958","11.8058,7.7876","11.8211,7.7836","11.8524,7.7792","11.8661,7.7757","11.8662,7.7759","11.8758,7.7618","11.891,7.7663","11.8951,7.7649","11.9073,7.7614","11.9181,7.757","11.9164,7.7624","11.9179,7.7536","11.9202,7.754","11.9184,7.7435","11.9207,7.7484","11.9267,7.7485","11.9238,7.7468","11.9233,7.7524","11.9295,7.7516","11.9279,7.7521","11.9471,7.7412","11.9449,7.7375","11.9419,7.7342","11.9576,7.7226","11.9617,7.7073","11.9657,7.6917","11.9698,7.6846","11.9728,7.6676","11.9759,7.6672","11.9735,7.6599","11.9829,7.649","11.995,7.6455","11.9788,7.6454","11.9863,7.6479","11.98,7.6373","11.9703,7.6328","11.9532,7.6333","11.9421,7.6188","11.9403,7.6005","11.9373,7.5903","11.9444,7.5971","11.9481,7.5773","11.9485,7.5622","11.9618,7.5465","11.9802,7.5141","11.9914,7.4969","11.988,7.4939","12.0075,7.4797","12.0037,7.4704","12.0202,7.4686","12.037,7.4589","12.0495,7.4476","12.0518,7.4455","12.0559,7.4361","12.0789,7.4442","12.0743,7.4425","12.0849,7.4211","12.0833,7.4118","12.0823,7.4199","12.0916,7.4059","12.0949,7.3931","12.0942,7.3847","12.1198,7.3807","12.1223,7.3731","12.1211,7.3714","12.1269,7.3743","12.1382,7.376","12.1374,7.373","12.1503,7.3717","12.1559,7.3682","12.1586,7.3738","12.164,7.3703","12.173,7.3665","12.1885,7.3607","12.2193,7.3568","12.2206,7.3451","12.2236,7.3468","12.2369,7.3476","12.254,7.3427","12.273,7.334","12.3145,7.326","12.3316,7.325","12.3361,7.3248","12.3522,7.3158","12.3798,7.31","12.3972,7.3","12.4312,7.2853","12.4502,7.2906","12.4415,7.2884","12.4775,7.2667","12.4922,7.2449","12.5242,7.2312","12.5649,7.1971","12.5842,7.1853","12.5922,7.1776","12.6047,7.1569","12.6515,7.1297","12.6715,7.0999","12.7292,7.0329","12.7577,6.9987","12.7508,7.0059","12.7792,6.9724","12.7964,6.9733","12.8116,6.9423","12.851,6.8905","12.8769,6.8692","12.8759,6.8655","12.8953,6.8468","12.9099,6.8234","12.9232,6.8076","12.9692,6.7679","12.9881,6.7493","12.9884,6.7469","13.0158,6.7307","13.0361,6.7079","13.0688,6.6966",,,,,,,,,,,,,,,,,,,,,,,,,,,,,,,,,,,,,,,,,,,,,,,,,,,,,,,,,,,,,,,,,,,,,,,,,,,,,,,,,,,,,,,,,,,,,,,,,,,,,,,,,,,,,,,,,,,,,,,,,,,,,,,,,,,,,,,,,,
"7.879,10.1574","7.9008,10.1467","7.9616,10.1263","7.9764,10.0923","7.9915,10.0963","8.0186,10.0912","8.0449,10.0932","8.0827,10.0582","8.171,10.0255","8.2364,10.0066","8.2378,10.0108","8.2922,9.9785","8.3536,9.9736","8.4045,9.9432","8.5568,9.8824","8.6159,9.8324","8.6092,9.8364","8.6609,9.794","8.7242,9.7382","8.7866,9.718","8.857,9.6354","8.8855,9.6135","8.8749,9.6243","8.9105,9.5956","8.9309,9.5707","8.9452,9.5608","8.9994,9.5291","9.042,9.53","9.0395,9.5463","9.0546,9.5368","9.0802,9.5514","9.0833,9.5527","9.0943,9.5758","9.1032,9.5647","9.1008,9.5627","9.1187,9.57","9.1474,9.5547","9.1779,9.5568","9.2177,9.52","9.2531,9.4873","9.2602,9.494","9.291,9.4658","9.3332,9.4671","9.3659,9.4263","9.4651,9.3758","9.5151,9.352","9.5019,9.3645","9.5581,9.3541","9.6102,9.3434","9.6647,9.3289","9.7755,9.311","9.8182,9.3074","9.8223,9.3042","9.8734,9.2913","9.9095,9.285","9.9757,9.2593","10.0579,9.232","10.1054,9.2166","10.1047,9.2125","10.1388,9.1864","10.1882,9.166","10.2287,9.1393","10.3247,9.0912","10.3592,9.0215","10.375,9.0437","10.424,8.9972","10.4476,8.9456","10.5013,8.9182","10.589,8.8743","10.6346,8.8446","10.6366,8.8461","10.6772,8.8271","10.7267,8.8174","10.7596,8.776","10.8475,8.7083","10.8957,8.6818","10.8827,8.6853","10.9131,8.6358","10.9385,8.6002","10.9872,8.5685","11.0714,8.5208","11.121,8.4868","11.1212,8.4848","11.1669,8.4619","11.2009,8.427","11.2303,8.4147","11.3193,8.3639","11.3262,8.339","11.3312,8.3374","11.3634,8.2979","11.3887,8.2609","11.403,8.2377","11.4291,8.1825","11.4345,8.1421","11.437,8.1447","11.4517,8.1207","11.4587,8.1072","11.4793,8.092","11.5138,8.0578","11.5331,8.0415","11.5382,8.0435","11.5532,8.0345","11.576,8.0242","11.5842,8.0065","11.6016,7.9712","11.6093,7.9559","11.6045,7.9537","11.6132,7.9423","11.6197,7.9018","11.6165,7.898","11.611,7.8572","11.646,7.8424","11.6142,7.8273","11.6377,7.8294","11.6407,7.8182","11.6523,7.8061","11.6814,7.78","11.6979,7.7727","11.6859,7.7771","11.7107,7.7673","11.7208,7.7565","11.7402,7.7455","11.7457,7.7147","11.7682,7.7046","11.7572,7.7077","11.7618,7.6702","11.7662,7.6615","11.7873,7.6364","11.8192,7.6072","11.8191,7.5918","11.8201,7.5834","11.849,7.5751","11.866,7.5794","11.8808,7.5655","11.9164,7.5481","11.9375,7.5341","11.9394,7.5327","11.962,7.5187","11.9956,7.4978","12.0128,7.4888","12.0547,7.4313","12.0617,7.4191","12.0602,7.4168","12.0682,7.413","12.0903,7.4069","12.1088,7.4076","12.1267,7.4325","12.1368,7.4386","12.1489,7.4452","12.153,7.442","12.188,7.4457","12.1937,7.4521","12.2071,7.464","12.2272,7.4706","12.2164,7.472","12.2252,7.473","12.2306,7.4842","12.2421,7.4716","12.2512,7.4661","12.2551,7.4562","12.2563,7.4538","12.2679,7.4441","12.2615,7.4484","12.2717,7.4339","12.2738,7.4227","12.2664,7.4316","12.2713,7.4246","12.2828,7.4299","12.2846,7.4329","12.295,7.4355","12.3025,7.45","12.313,7.4556","12.3171,7.4573","12.3262,7.4654","12.3248,7.4722","12.3213,7.4937","12.3376,7.5056","12.354,7.5166","12.3369,7.524","12.3444,7.5163","12.35,7.5214","12.3517,7.5018","12.3499,7.5078","12.3533,7.4861","12.3429,7.4912","12.3444,7.4846","12.3532,7.4819","12.3523,7.4704","12.3662,7.4439","12.3763,7.4344","12.3734,7.4369","12.3694,7.43","12.3762,7.4145","12.3869,7.3938","12.4221,7.3745","12.4412,7.3494","12.4313,7.3297","12.4513,7.327","12.4529,7.3052","12.4534,7.3207","12.5048,7.3164","12.5315,7.3191","12.5275,7.3265","12.5543,7.3257","12.5674,7.3176","12.5982,7.3212","12.6393,7.3358","12.6705,7.3371","12.6666,7.3422","12.6938,7.3472","12.7334,7.3578","12.7645,7.3846","12.8214,7.4129","12.8735,7.4499","12.8672,7.4473","12.9111,7.4824","12.9497,7.5099","12.9846,7.528","13.0707,7.5707","13.1028,7.5787","13.1131,7.6023",,,,,,,,,,,,,,,,,,,,,,,,,,,,,,,,,,,,,,,,,,,,,,,,,,,,,,,,,,,,,,,,,,,,,,,,,,,,,,,,,,,,,,,,,,,,,,,,,,,,,,,,,,,,,,,,,,,,,,,,,,,,,,,,,,,,,,,,,,,,,,,,,,,,,,,,,,,,,,,,,,,,,,,,,,,,,,,,,
"5.624,5.5616","5.6273,5.5527","5.6339,5.5582","5.6536,5.5625","5.659,5.5554","5.6718,5.5651","5.6581,5.563","5.683,5.5597","5.707,5.5532","5.7408,5.5459","5.7362,5.5403","5.744,5.5494","5.7652,5.5418","5.7967,5.5326","5.8499,5.5108","5.8689,5.505","5.8693,5.4947","5.8902,5.5019","5.9146,5.5022","5.9392,5.4819","5.9729,5.4746","5.9907,5.452","5.9897,5.4545","6.0108,5.4447","6.0401,5.4352","6.0663,5.4251","6.1225,5.4095","6.1702,5.3997","6.1603,5.3973","6.1919,5.3793","6.2322,5.357","6.2772,5.3423","6.3518,5.3072","6.3938,5.292","6.3931,5.2916","6.4289,5.2718","6.4732,5.2678","6.4893,5.2534","6.578,5.2554","6.6028,5.2525","6.608,5.246","6.6451,5.2569","6.6697,5.2473","6.701,5.2443","6.7862,5.2388","6.8187,5.2394","6.8117,5.2456","6.8612,5.2508","6.8869,5.2265","6.9451,5.2281","7.0228,5.2193","7.0546,5.2148","7.0666,5.2176","7.1005,5.2086","7.1353,5.2032","7.1911,5.1927","7.2783,5.1961","7.3117,5.1869","7.3117,5.1893","7.3572,5.1797","7.3995,5.1732","7.4382,5.1791","7.5271,5.2064","7.577,5.2139","7.5846,5.2106","7.613,5.217","7.6618,5.2182","7.7094,5.2283","7.8004,5.2351","7.8444,5.2364","7.8395,5.2271","7.8846,5.2356","7.9267,5.2387","7.9773,5.2387","8.0686,5.2324","8.118,5.2388","8.1133,5.2467","8.1591,5.2368","8.2009,5.2346","8.2432,5.2441","8.3243,5.2627","8.3562,5.2542","8.3544,5.2597","8.3995,5.2797","8.4337,5.2859","8.4749,5.3067","8.5431,5.323","8.5776,5.3279","8.5785,5.3267","8.6172,5.3272","8.6573,5.3392","8.6905,5.3339","8.7719,5.3418","8.8112,5.3335","8.81,5.3355","8.8473,5.3394","8.8876,5.3418","8.9311,5.3431","8.9969,5.3282","9.0445,5.3354","9.045,5.3362","9.0802,5.343","9.1241,5.3471","9.1653,5.3631","9.2396,5.3718","9.271,5.3809","9.2686,5.3824","9.3036,5.3909","9.3399,5.4012","9.3721,5.4096","9.444,5.4236","9.4838,5.4442","9.4847,5.4346","9.5181,5.4421","9.5582,5.4651","9.5939,5.4676","9.6624,5.4896","9.6864,5.4752","9.6875,5.4788","9.7089,5.4778","9.7541,5.4907","9.786,5.4796","9.8465,5.4961","9.8755,5.5136","9.8844,5.5138","9.9126,5.529","9.9376,5.5405","9.9492,5.5375","10.0096,5.5658","10.0117,5.5836","10.0138,5.5847","10.0305,5.5875","10.0388,5.5937","10.0692,5.6065","10.0923,5.6226","10.1091,5.6369","10.0955,5.6319","10.1162,5.6484","10.1319,5.6664","10.1511,5.6639","10.1704,5.6822","10.1896,5.6894","10.1925,5.6897","10.2052,5.7018","10.2191,5.7003","10.2222,5.6926","10.2445,5.6994","10.2682,5.7051","10.2678,5.698","10.2732,5.707","10.2844,5.713","10.2907,5.7213","10.2911,5.7381","10.2866,5.7473","10.2957,5.7568","10.3018,5.7525","10.293,5.7678","10.2815,5.7656","10.2676,5.7857","10.2716,5.8048","10.2694,5.7983","10.2586,5.8018","10.2579,5.8208","10.2433,5.8171","10.2347,5.8391","10.225,5.8428","10.2304,5.858","10.2296,5.8528","10.217,5.8571","10.2143,5.872","10.2061,5.8885","10.2033,5.8881","10.2004,5.891","10.1934,5.8951","10.1944,5.9018","10.1846,5.8906","10.1801,5.9024","10.1816,5.9122","10.1829,5.9097","10.1712,5.9153","10.1827,5.9124","10.1678,5.9059","10.1799,5.914","10.1786,5.901","10.1801,5.9101","10.1979,5.9162","10.1959,5.9052","10.2143,5.9157","10.2297,5.91","10.2347,5.9109","10.234,5.9072","10.2442,5.9064","10.2511,5.9059","10.2732,5.919","10.2942,5.9174","10.2911,5.9126","10.3,5.9187","10.3071,5.9168","10.3149,5.92","10.3197,5.9303","10.3257,5.9414","10.3277,5.9508","10.3278,5.9503","10.326,5.9544","10.3234,5.9584","10.3203,5.9627","10.3229,5.988","10.3043,5.9957","10.3138,5.9975","10.3023,6.0114","10.2943,6.0214","10.2804,6.0345","10.268,6.0515","10.2595,6.0647","10.2628,6.0695","10.2546,6.0771","10.2498,6.0923","10.2468,6.0985","10.2387,6.1254","10.2359,6.1457","10.2301,6.1311","10.2335,6.1568","10.2243,6.1547","10.2304,6.1688","10.2339,6.1856","10.225,6.1808","10.2237,6.1874","10.2267,6.1865","10.2429,6.1925","10.2488,6.1992","10.2606,6.2126","10.2646,6.2014","10.2698,6.1972","10.2699,6.195","10.272,6.1945","10.2812,6.1927","10.3036,6.1692","10.318,6.1656","10.3065,6.161","10.323,6.1487","10.3349,6.1408","10.3419,6.1194","10.3745,6.0976","10.391,6.0888","10.3758,6.0883","10.3896,6.079","10.4112,6.0593","10.4231,6.0529","10.446,6.0288","10.4498,6.0184","10.4498,6.0119","10.4635,6.0134","10.4746,6.0077","10.4901,6.005","10.5138,5.9961","10.5208,5.9881","10.5232,5.9815","10.534,5.9849","10.5396,5.9818","10.557,5.9899","10.5804,5.9935","10.5887,5.9919","10.5819,5.9852","10.6,5.9949","10.6175,6.0134","10.6332,6.0158","10.664,6.0454","10.6717,6.0548","10.6731,6.0525","10.6792,6.0672","10.6956,6.0792","10.7129,6.0926","10.7394,6.1343","10.751,6.1406","10.7501,6.1374","10.7682,6.1524","10.7698,6.164","10.786,6.1763","10.821,6.1971","10.8447,6.2206","10.8475,6.2115","10.8564,6.219","10.8686,6.2188","10.8886,6.2309","10.9375,6.2495","10.9553,6.2397","10.9453,6.229","10.981,6.26","11.0021,6.2644","11.0196,6.2583","11.0614,6.277","11.0774,6.2692","11.074,6.2812","11.0906,6.2883","11.1095,6.3052","11.1171,6.3223","11.1548,6.3491","11.1596,6.3643","11.1611,6.354","11.1712,6.3733","11.1664,6.3878","11.1929,6.4129","11.1865,6.4346","11.2052,6.4465","11.2056,6.443","11.2151,6.4621","11.2354,6.4696","11.2458,6.4819","11.2689,6.4924","11.29,6.5156","11.2949,6.5079","11.3154,6.5282","11.3432,6.5395","11.356,6.5345","11.3892,6.5482","11.418,6.5538","11.4165,6.5661","11.4477,6.5557","11.4701,6.565","11.4979,6.5982","11.5233,6.5879","11.5465,6.6001","11.5444,6.6004","11.5818,6.6126","11.5961,6.6205","11.6175,6.6474","11.6386,6.6584","11.6539,6.6568","11.6485,6.6572","11.6628,6.6675","11.6847,6.6758","11.7216,6.6846","11.7348,6.6737","11.7615,6.686","11.7638,6.688","11.7834,6.6861","11.7989,6.6933","11.817,6.6788","11.8393,6.6787","11.8676,6.6879","11.8534,6.6787","11.8741,6.7061","11.8831,6.6999","11.9136,6.7182","11.9194,6.731","11.9362,6.7238","11.9376,6.7213","11.9572,6.7472","11.9571,6.7471","11.9615,6.7667","11.958,6.7734","11.9675,6.7842","11.9693,6.7848","11.9734,6.8021","11.9942,6.8147","12.0111,6.8263","12.0259,6.8241","12.0611,6.8395","12.0574,6.8344","12.0743,6.8401","12.1022,6.8424","12.1368,6.8426","12.1576,6.8409","12.1779,6.8465","12.1849,6.834","12.1978,6.8355","12.2369,6.8329","12.2997,6.8213","12.3132,6.8155","12.3483,6.8099","12.3496,6.8162","12.3628,6.8093","12.3941,6.8084","12.4316,6.8061","12.4396,6.7989","12.4617,6.7921","12.4691,6.7995","12.4867,6.7999","12.5139,6.7972","12.5469,6.8008","12.5777,6.8001","12.6089,6.8056","12.6132,6.8073","12.628,6.8079","12.6479,6.8073","12.7122,6.818","12.7373,6.7975","12.7642,6.7924","12.7661,6.7905","12.7875,6.7795","12.8156,6.7654","12.8747,6.7431","12.9122,6.7239","12.9288,6.7097","12.9358,6.7024","12.9553,6.6928","12.986,6.6696","13.0295,6.6295"
