"7.72057,3.63835","7.72057,3.66253","7.73073,3.67461","7.74089,3.6867","7.73073,3.6867","7.74089,3.69879","7.74089,3.71088","7.75105,3.73505","7.77136,3.75923","7.78152,3.77131","7.78152,3.77131","7.79168,3.7834","7.82216,3.79549","7.85263,3.80758","7.88311,3.80758","7.90343,3.80758","7.90343,3.80758","7.92374,3.80758","7.95422,3.80758","8.01517,3.80758","8.04565,3.80758","8.06597,3.80758","8.06597,3.80758","8.08628,3.81966","8.11676,3.81966","8.16755,3.83175","8.18787,3.84384","8.21834,3.85593","8.2285,3.85593","8.23866,3.86801","8.2793,3.8801","8.33009,3.91636","8.35041,3.94054","8.38088,3.96471","8.39104,3.96471","8.41136,3.98889","8.44184,4.01306","8.50279,4.0735","8.53326,4.09768","8.55358,4.13394","8.55358,4.13394","8.58406,4.1702","8.62469,4.19438","8.68564,4.24273","8.71612,4.2669","8.72628,4.27899","8.73644,4.27899","8.75675,4.30316","8.78723,4.32734","8.85834,4.3636","8.88882,4.38778","8.91929,4.41195","8.90913,4.41195","8.94977,4.43613","8.95993,4.44822","9.00056,4.49657","9.02088,4.52074","9.03104,4.54492","9.0412,4.54492","9.06151,4.58118","9.07167,4.59327","9.11231,4.64162","9.14278,4.67788","9.15294,4.71414","9.1631,4.71414","9.17326,4.73832","9.19357,4.77458","9.23421,4.83502","9.25453,4.85919","9.27484,4.89545","9.27484,4.89545","9.29516,4.91963","9.31548,4.9438","9.36627,4.98007","9.38659,5.00424","9.41707,5.02842","9.42722,5.02842","9.44754,5.05259","9.48818,5.07677","9.55929,5.12512","9.61008,5.14929","9.64056,5.17347","9.65071,5.17347","9.69135,5.19764","9.73198,5.22182","9.81325,5.28226","9.84373,5.30643","9.89452,5.33061","9.89452,5.33061","9.925,5.35478","9.96563,5.37896","10.0164,5.42731","10.0367,5.45148","10.0672,5.47566","10.0774,5.47566","10.0977,5.48774","10.1383,5.49983","10.2094,5.53609","10.2501,5.54818","10.2805,5.54818","10.2704,5.54818","10.3009,5.54818","10.3212,5.54818","10.372,5.54818","10.4126,5.56027","10.4431,5.57236","10.4431,5.57236","10.4634,5.58444","10.4939,5.60862","10.5447,5.63279","10.5548,5.64488","10.5955,5.65697","10.5955,5.66906","10.6158,5.68114","10.6361,5.69323","10.6767,5.71741","10.6971,5.72949","10.7072,5.74158","10.7072,5.74158","10.7174,5.75367","10.7377,5.76576","10.7682,5.77785","10.7682,5.78993","10.7783,5.78993","10.7885,5.78993","10.7885,5.78993","10.7986,5.78993","10.8291,5.78993","10.8393,5.80202","10.8596,5.81411","10.8596,5.81411","10.8698,5.8262","10.8698,5.83828","10.8901,5.86246","10.9104,5.87455","10.9205,5.88663","10.9307,5.88663","10.9409,5.91081","10.9612,5.9229","10.9917,5.97125","10.9917,5.98333","11.0018,6.00751","11.012,6.00751","11.0221,6.03168","11.0424,6.05586","11.0729,6.10421","11.0831,6.12838","11.1034,6.15256","11.1034,6.15256","11.1136,6.17673","11.1237,6.18882","11.1542,6.22508","11.1644,6.23717","11.1847,6.24926","11.1948,6.24926","11.1948,6.26135","11.2151,6.27343","11.2355,6.28552","11.2558,6.29761","11.2659,6.3097","11.2761,6.3097","11.2863,6.33387","11.3066,6.34596","11.3269,6.38222","11.337,6.39431","11.3472,6.41848","11.3574,6.41848","11.3574,6.43057","11.3675,6.44266","11.3878,6.47892","11.398,6.49101","11.4082,6.5031","11.4183,6.5031","11.4183,6.51519","11.4285,6.52727","11.459,6.53936","11.4691,6.55145","11.4894,6.56354","11.4894,6.56354","11.4996,6.57562","11.5097,6.57562","11.5402,6.58771","11.5605,6.5998","11.5707,6.61189","11.5809,6.61189","11.591,6.62397","11.6113,6.63606","11.6215,6.64815","11.6215,6.66024","11.6316,6.66024","11.6418,6.66024","11.6316,6.67232","11.6418,6.67232","11.6418,6.68441","11.6316,6.68441","11.652,6.68441","11.652,6.68441","11.652,6.6965","11.6621,6.6965","11.6824,6.72067","11.7028,6.72067","11.7231,6.73276","11.7231,6.73276","11.7332,6.73276","11.7637,6.74485","11.7739,6.74485","11.8145,6.75694","11.8348,6.75694","11.8348,6.75694","11.8551,6.75694","11.8856,6.75694","11.9059,6.76902","11.9161,6.76902","11.9364,6.76902","11.9364,6.76902","11.9567,6.76902","11.9872,6.78111","12.0075,6.7932","12.0278,6.80529","12.0482,6.80529","12.0482,6.80529","12.0583,6.80529","12.0888,6.81737","12.1294,6.84155","12.1396,6.84155","12.1599,6.85364","12.1599,6.85364","12.1904,6.86572","12.2005,6.86572","12.2615,6.87781","12.2818,6.87781","12.3224,6.87781","12.3224,6.87781","12.3428,6.86572","12.3834,6.85364","12.424,6.82946","12.4647,6.82946","12.4951,6.81737","12.485,6.81737","12.5155,6.7932","12.5358,6.76902","12.617,6.74485","12.6374,6.73276","12.6678,6.70859","12.678,6.70859","12.6881,6.6965","12.7186,6.6965",,,,,,,,,,,,,,,,,,,,,,,,,,,,,,
"8.38088,4.35152","8.39104,4.35152","8.39104,4.35152","8.4012,4.35152","8.41136,4.35152","8.41136,4.35152","8.42152,4.35152","8.45199,4.35152","8.46215,4.35152","8.48247,4.35152","8.48247,4.35152","8.50279,4.3636","8.5231,4.38778","8.56374,4.41195","8.58406,4.42404","8.61453,4.42404","8.60437,4.42404","8.63485,4.43613","8.64501,4.47239","8.70596,4.49657","8.72628,4.52074","8.74659,4.53283","8.74659,4.54492","8.76691,4.54492","8.79739,4.56909","8.82786,4.58118","8.8685,4.60535","8.88882,4.61744","8.88882,4.60535","8.90913,4.62953","8.93961,4.62953","8.97008,4.64162","9.01072,4.64162","9.03104,4.64162","9.03104,4.64162","9.05135,4.64162","9.08183,4.64162","9.12246,4.64162","9.14278,4.64162","9.17326,4.64162","9.18342,4.64162","9.19357,4.64162","9.23421,4.6537","9.285,4.66579","9.29516,4.66579","9.32564,4.66579","9.31548,4.66579","9.34595,4.66579","9.36627,4.67788","9.41707,4.70205","9.4577,4.71414","9.47802,4.71414","9.47802,4.71414","9.50849,4.72623","9.51865,4.7504","9.56944,4.77458","9.58976,4.78667","9.61008,4.78667","9.61008,4.78667","9.64056,4.79875","9.66087,4.81084","9.71167,4.82293","9.73198,4.83502","9.7523,4.83502","9.7523,4.83502","9.77262,4.83502","9.80309,4.8471","9.86405,4.87128","9.89452,4.87128","9.91484,4.88337","9.91484,4.87128","9.94531,4.88337","9.98595,4.88337","10.0571,4.89545","10.0774,4.91963","10.1079,4.91963","10.118,4.91963","10.1383,4.93172","10.179,4.93172","10.2399,4.96798","10.2704,4.98007","10.311,4.99215","10.311,5.00424","10.3415,5.00424","10.3618,5.01633","10.4228,5.06468","10.4431,5.08886","10.4837,5.11303","10.4837,5.11303","10.504,5.13721","10.5345,5.16138","10.5955,5.20973","10.6158,5.24599","10.6463,5.25808","10.6361,5.27017","10.6666,5.28226","10.6869,5.31852","10.7377,5.35478","10.7783,5.39104","10.8088,5.40313","10.7986,5.41522","10.8291,5.42731","10.8393,5.45148","10.9002,5.48774","10.9307,5.49983","10.951,5.52401","10.951,5.52401","10.9713,5.53609","10.9917,5.54818","11.0221,5.58444","11.0424,5.59653","11.0628,5.63279","11.0628,5.62071","11.0831,5.64488","11.0932,5.66906","11.1034,5.70532","11.1136,5.71741","11.1237,5.74158","11.1339,5.74158","11.1237,5.76576","11.144,5.78993","11.1542,5.8262","11.1542,5.85037","11.1542,5.87455","11.1542,5.87455","11.1644,5.88663","11.1745,5.9229","11.1847,5.95916","11.205,5.98333","11.2253,6.00751","11.2253,6.00751","11.2355,6.03168","11.2456,6.04377","11.2863,6.06795","11.3066,6.09212","11.3269,6.10421","11.3269,6.1163","11.3472,6.1163","11.3675,6.12838","11.4183,6.17673","11.4386,6.18882","11.459,6.18882","11.459,6.18882","11.4793,6.213","11.4996,6.22508","11.5402,6.28552","11.5707,6.28552","11.591,6.3097","11.591,6.3097","11.6012,6.32178","11.6113,6.34596","11.6418,6.38222","11.652,6.39431","11.6621,6.43057","11.6621,6.41848","11.6723,6.44266","11.6926,6.46684","11.7028,6.5031","11.7028,6.51519","11.7129,6.53936","11.7231,6.53936","11.7231,6.56354","11.7332,6.57562","11.7637,6.5998","11.7637,6.61189","11.7739,6.63606","11.784,6.63606","11.784,6.64815","11.8043,6.66024","11.8247,6.68441","11.8348,6.6965","11.8653,6.6965","11.8551,6.6965","11.8755,6.70859","11.8856,6.72067","11.9161,6.73276","11.9466,6.74485","11.9567,6.73276","11.9669,6.74485","11.977,6.74485","12.0075,6.73276","12.038,6.74485","12.0786,6.74485","12.1091,6.73276","12.0989,6.74485","12.1396,6.73276","12.1599,6.74485","12.2107,6.73276","12.231,6.73276","12.2513,6.74485","12.2615,6.73276","12.292,6.74485","12.3123,6.73276","12.3631,6.74485","12.4037,6.73276","12.4342,6.73276","12.424,6.73276","12.4545,6.73276","12.4748,6.73276","12.5358,6.73276","12.5764,6.72067","12.617,6.72067","12.617,6.72067","12.6475,6.70859","12.6881,6.73276","12.7389,6.72067","12.7796,6.72067",,,,,,,,,,,,,,,,,,,,,,,,,,,,,,,,,,,,,,,,,,,,,,,,,,,,,,,,,,,,,,,,,,,,,,
"7.75105,4.39987","7.78152,4.37569","7.79168,4.3636","7.80184,4.3636","7.80184,4.3636","7.82216,4.35152","7.84247,4.33943","7.87295,4.33943","7.89327,4.35152","7.92374,4.33943","7.92374,4.35152","7.94406,4.35152","7.96438,4.35152","8.00501,4.37569","8.03549,4.38778","8.06597,4.42404","8.06597,4.41195","8.08628,4.43613","8.11676,4.4603","8.17771,4.52074","8.20819,4.557","8.23866,4.60535","8.23866,4.60535","8.26914,4.6537","8.29961,4.68997","8.36057,4.73832","8.4012,4.77458","8.44184,4.81084","8.44184,4.81084","8.47231,4.83502","8.5231,4.85919","8.60437,4.89545","8.65517,4.93172","8.6958,4.9438","8.6958,4.95589","8.73644,4.95589","8.77707,4.96798","8.84818,5.01633","8.87866,5.04051","8.91929,5.07677","8.91929,5.06468","8.94977,5.10094","8.98024,5.11303","9.0412,5.17347","9.07167,5.18556","9.10215,5.22182","9.10215,5.20973","9.13262,5.24599","9.1631,5.27017","9.22405,5.34269","9.26469,5.37896","9.29516,5.42731","9.29516,5.42731","9.32564,5.46357","9.34595,5.47566","9.40691,5.56027","9.43738,5.58444","9.4577,5.62071","9.4577,5.63279","9.49833,5.66906","9.52881,5.71741","9.61008,5.78993","9.65071,5.8262","9.70151,5.85037","9.70151,5.85037","9.74214,5.88663","9.79293,5.9229","9.88436,5.97125","9.94531,6.00751","9.99611,6.05586","9.99611,6.05586","10.0469,6.09212","10.0875,6.1163","10.1891,6.20091","10.2399,6.26135","10.2907,6.28552","10.2907,6.28552","10.3415,6.32178","10.3923,6.38222","10.504,6.44266","10.565,6.47892","10.6259,6.5031","10.6259,6.5031","10.6767,6.51519","10.7377,6.55145","10.8494,6.57562","10.9104,6.58771","10.9713,6.61189","10.9815,6.61189","11.0221,6.62397","11.0729,6.62397","11.1542,6.66024","11.205,6.68441","11.2558,6.70859","11.2659,6.70859","11.2964,6.72067","11.337,6.72067","11.3878,6.73276","11.4285,6.75694","11.4488,6.75694","11.4488,6.75694","11.4691,6.76902","11.4996,6.76902","11.5402,6.78111","11.5707,6.80529","11.591,6.81737","11.591,6.80529","11.6113,6.81737","11.6316,6.80529","11.6723,6.80529","11.6926,6.80529","11.7231,6.81737","11.7231,6.80529","11.7536,6.81737","11.7739,6.81737","11.8348,6.82946","11.8653,6.84155","11.9059,6.84155","11.9059,6.84155","11.9364,6.85364","11.9669,6.86572","12.038,6.87781","12.0786,6.8899","12.1193,6.8899","12.1193,6.8899","12.1497,6.8899","12.1701,6.8899","12.231,6.87781","12.2716,6.8899","12.3021,6.87781","12.3123,6.8899","12.3428,6.8899","12.3834,6.8899","12.4647,6.90199","12.5053,6.91407","12.5459,6.90199","12.5459,6.90199","12.5866,6.91407","12.6272,6.8899","12.6983,6.87781","12.7389,6.87781","12.7796,6.86572","12.7897,6.85364","12.8304,6.84155","12.8608,6.81737","12.9218,6.78111","12.9624,6.75694","12.9726,6.73276",,,,,,,,,,,,,,,,,,,,,,,,,,,,,,,,,,,,,,,,,,,,,,,,,,,,,,,,,,,,,,,,,,,,,,,,,,,,,,,,,,,,,,,,,,,,,,,,,,,,,,,,,,,,,,,,,,,,,,,,,,,,,,,,,
"7.08058,4.35152","7.07042,4.41195","7.07042,4.43613","7.07042,4.44822","7.07042,4.44822","7.08058,4.47239","7.09074,4.48448","7.11105,4.50865","7.13137,4.52074","7.15169,4.52074","7.15169,4.52074","7.172,4.53283","7.19232,4.53283","7.25327,4.54492","7.28375,4.54492","7.32438,4.54492","7.32438,4.54492","7.35486,4.54492","7.39549,4.53283","7.4666,4.53283","7.50724,4.53283","7.54787,4.54492","7.54787,4.54492","7.57835,4.54492","7.60883,4.557","7.66978,4.56909","7.70025,4.58118","7.74089,4.59327","7.74089,4.59327","7.77136,4.61744","7.80184,4.64162","7.87295,4.70205","7.91359,4.73832","7.94406,4.77458","7.94406,4.77458","7.97454,4.82293","8.01517,4.85919","8.09644,4.93172","8.13708,4.95589","8.17771,4.99215","8.17771,4.99215","8.2285,5.00424","8.2793,5.02842","8.37072,5.04051","8.42152,5.04051","8.46215,5.04051","8.46215,5.04051","8.51295,5.04051","8.56374,5.05259","8.63485,5.07677","8.68564,5.08886","8.71612,5.11303","8.71612,5.11303","8.74659,5.13721","8.77707,5.14929","8.83802,5.18556","8.87866,5.20973","8.89897,5.22182","8.89897,5.22182","8.93961,5.25808","8.97008,5.27017","9.0412,5.29434","9.08183,5.30643","9.12246,5.31852","9.12246,5.31852","9.15294,5.33061","9.19357,5.34269","9.26469,5.36687","9.31548,5.36687","9.35611,5.37896","9.35611,5.37896","9.40691,5.39104","9.43738,5.40313","9.50849,5.42731","9.53897,5.45148","9.56944,5.46357","9.56944,5.46357","9.58976,5.48774","9.62024,5.51192","9.66087,5.54818","9.68119,5.57236","9.70151,5.58444","9.70151,5.58444","9.72182,5.60862","9.74214,5.62071","9.79293,5.65697","9.81325,5.65697","9.85389,5.66906","9.85389,5.66906","9.8742,5.68114","9.90468,5.69323","9.96563,5.70532","9.99611,5.70532","10.0367,5.70532","10.0367,5.70532","10.0672,5.71741","10.0977,5.72949","10.1282,5.75367","10.1485,5.76576","10.1586,5.77785","10.1586,5.77785","10.1688,5.78993","10.1688,5.80202","10.179,5.8262","10.179,5.83828","10.179,5.86246","10.179,5.86246","10.1891,5.87455","10.1891,5.89872","10.2094,5.9229","10.2298,5.94707","10.2501,5.97125","10.2501,5.97125","10.2704,5.98333","10.2907,5.99542","10.3415,6.0196","10.372,6.03168","10.4025,6.04377","10.4126,6.04377","10.4329,6.05586","10.4532,6.06795","10.4837,6.08003","10.4939,6.10421","10.504,6.1163","10.504,6.1163","10.5142,6.1163","10.5142,6.12838","10.5244,6.15256","10.5244,6.16465","10.5244,6.17673","10.5244,6.17673","10.5244,6.20091","10.5244,6.213","10.5244,6.23717","10.5244,6.26135","10.5244,6.27343","10.5244,6.27343","10.5345,6.29761","10.5345,6.3097","10.5548,6.33387","10.565,6.33387","10.5853,6.34596","10.5853,6.34596","10.5955,6.35805","10.6158,6.35805","10.6463,6.39431","10.6666,6.4064","10.6869,6.43057","10.6869,6.43057","10.6971,6.45475","10.7072,6.47892","10.7377,6.52727","10.758,6.55145","10.7682,6.58771","10.7682,6.58771","10.7885,6.61189","10.7986,6.64815","10.8291,6.72067","10.8393,6.75694","10.8596,6.78111","10.8596,6.78111","10.8799,6.80529","10.8901,6.82946","10.9104,6.85364","10.9307,6.86572","10.951,6.87781","10.951,6.87781","10.9713,6.87781","10.9815,6.8899","11.0221,6.90199","11.0424,6.90199","11.0628,6.91407","11.0628,6.91407","11.0831,6.93825","11.0932,6.95034","11.1339,6.99869","11.1542,7.02286","11.1745,7.04704","11.1745,7.04704","11.1948,7.07121","11.2151,7.09539","11.2558,7.15582","11.2863,7.18","11.3066,7.20418","11.3066,7.20418","11.3269,7.21626","11.3472,7.24044","11.3777,7.25253","11.398,7.25253","11.4183,7.26461","11.4183,7.26461","11.4285,7.26461","11.4386,7.25253","11.4691,7.24044","11.4793,7.22835","11.4996,7.21626","11.4996,7.21626","11.5097,7.21626","11.5199,7.21626","11.5605,7.22835","11.5809,7.21626","11.6012,7.22835","11.6113,7.22835","11.6215,7.22835","11.652,7.24044","11.6824,7.25253","11.7231,7.26461","11.7536,7.2767","11.7536,7.2767","11.784,7.28879","11.8247,7.30088","11.8755,7.32505","11.9059,7.32505","11.9263,7.33714","11.9263,7.33714","11.9567,7.33714","11.9872,7.36131","12.0482,7.36131","12.0786,7.3734","12.0989,7.36131","12.0989,7.36131","12.1193,7.34923","12.1294,7.34923","12.1802,7.34923","12.2005,7.33714","12.2209,7.33714","12.2209,7.33714","12.2513,7.34923","12.292,7.33714","12.3529,7.34923","12.3834,7.36131","12.4139,7.36131","12.4139,7.36131","12.4443,7.36131","12.485,7.34923","12.5358,7.34923","12.5764,7.34923","12.6069,7.33714","12.6069,7.33714","12.6374,7.32505","12.678,7.31296","12.7593,7.28879","12.7796,7.2767","12.8101,7.25253",,,,,,,,,,,,,,,,,,,,,,,,,,,,,,,,,
"6.47106,4.09768","6.4609,4.15811","6.45074,4.18229","6.45074,4.20646","6.45074,4.21855","6.45074,4.25481","6.45074,4.2669","6.4609,4.32734","6.47106,4.35152","6.49137,4.37569","6.49137,4.37569","6.51169,4.39987","6.53201,4.42404","6.5828,4.4603","6.61328,4.49657","6.64375,4.50865","6.64375,4.52074","6.67423,4.53283","6.71487,4.557","6.78598,4.61744","6.82661,4.64162","6.86724,4.67788","6.86724,4.68997","6.89772,4.72623","6.93836,4.77458","7.01962,4.8471","7.07042,4.88337","7.12121,4.90754","7.12121,4.90754","7.18216,4.9438","7.25327,4.98007","7.39549,5.00424","7.47676,5.02842","7.53772,5.04051","7.54787,5.05259","7.59867,5.06468","7.65962,5.08886","7.77136,5.13721","7.812,5.17347","7.86279,5.19764","7.87295,5.19764","7.91359,5.23391","7.97454,5.28226","8.07612,5.35478","8.12692,5.39104","8.17771,5.40313","8.17771,5.41522","8.23866,5.43939","8.29961,5.47566","8.42152,5.53609","8.48247,5.56027","8.54342,5.58444","8.55358,5.58444","8.61453,5.60862","8.66533,5.63279","8.78723,5.68114","8.84818,5.70532","8.89897,5.72949","8.89897,5.72949","8.95993,5.76576","9.00056,5.80202","9.08183,5.86246","9.12246,5.91081","9.1631,5.93498","9.1631,5.94707","9.19357,5.95916","9.23421,5.98333","9.30532,6.03168","9.34595,6.04377","9.37643,6.05586","9.37643,6.06795","9.40691,6.06795","9.43738,6.08003","9.48818,6.10421","9.51865,6.1163","9.53897,6.1163","9.54913,6.1163","9.56944,6.1163","9.58976,6.12838","9.64056,6.14047","9.66087,6.12838","9.69135,6.12838","9.69135,6.12838","9.71167,6.12838","9.74214,6.12838","9.78278,6.12838","9.80309,6.12838","9.84373,6.12838","9.84373,6.12838","9.86405,6.14047","9.89452,6.14047","9.94531,6.15256","9.97579,6.16465","10.0063,6.17673","10.0063,6.18882","10.0266,6.18882","10.0672,6.20091","10.118,6.24926","10.1485,6.27343","10.179,6.29761","10.179,6.29761","10.1993,6.3097","10.2298,6.3097","10.2805,6.33387","10.3009,6.35805","10.3313,6.37013","10.3313,6.38222","10.3517,6.38222","10.372,6.39431","10.4025,6.4064","10.4228,6.41848","10.4532,6.43057","10.4532,6.41848","10.4736,6.43057","10.4837,6.43057","10.5244,6.43057","10.5447,6.43057","10.565,6.43057","10.565,6.43057","10.5853,6.43057","10.6056,6.43057","10.6564,6.44266","10.6767,6.46684","10.6971,6.47892","10.6971,6.46684","10.7174,6.47892","10.7377,6.47892","10.7682,6.49101","10.7885,6.51519","10.8088,6.52727","10.8088,6.51519","10.8291,6.53936","10.8393,6.55145","10.8596,6.57562","10.8799,6.5998","10.8901,6.61189","10.8901,6.62397","10.9104,6.63606","10.9205,6.66024","10.9612,6.68441","10.9713,6.6965","10.9917,6.6965","10.9917,6.6965","11.012,6.70859","11.0323,6.72067","11.0729,6.73276","11.1034,6.74485","11.1136,6.74485","11.1237,6.74485","11.1339,6.74485","11.1542,6.74485","11.1948,6.74485","11.2253,6.74485","11.2456,6.74485","11.2456,6.74485","11.2659,6.74485","11.2863,6.74485","11.3269,6.75694","11.3574,6.76902","11.3777,6.76902","11.3777,6.76902","11.398,6.76902","11.4183,6.78111","11.4488,6.7932","11.459,6.80529","11.4793,6.81737","11.4793,6.80529","11.4996,6.82946","11.5097,6.84155","11.5402,6.85364","11.5504,6.86572","11.5707,6.86572","11.5707,6.86572","11.5809,6.87781","11.6012,6.8899","11.6316,6.87781","11.6418,6.8899","11.652,6.87781","11.652,6.8899","11.6621,6.87781","11.6621,6.87781","11.6824,6.87781","11.6926,6.87781","11.7028,6.8899","11.7028,6.87781","11.7129,6.8899","11.7231,6.8899","11.7434,6.8899","11.7637,6.90199","11.784,6.92616","11.784,6.92616","11.8043,6.92616","11.8145,6.93825","11.8551,6.93825","11.8653,6.95034","11.8856,6.96242","11.8856,6.95034","11.8958,6.96242","11.9161,6.96242","11.9567,6.97451","11.977,6.97451","12.0075,6.97451","12.0075,6.97451","12.0278,6.96242","12.0583,6.95034","12.0989,6.93825","12.1396,6.92616","12.1599,6.92616","12.1701,6.92616","12.1904,6.91407","12.231,6.8899","12.2818,6.87781","12.3021,6.87781","12.3224,6.86572","12.3224,6.85364","12.3529,6.85364","12.3935,6.86572","12.4545,6.84155","12.4951,6.84155","12.5256,6.84155","12.5256,6.84155","12.5561,6.82946","12.5764,6.84155","12.6475,6.85364","12.6678,6.86572","12.6983,6.85364","12.6983,6.86572","12.7288,6.86572","12.7593,6.85364","12.8202,6.86572",,,,,,,,,,,,,,,,,,,,,,,,,,,,,,,,,,,,,,,,,,,,,,,
"8.15739,4.81084","8.18787,4.82293","8.20819,4.83502","8.24882,4.83502","8.24882,4.83502","8.28946,4.83502","8.33009,4.8471","8.42152,4.87128","8.48247,4.88337","8.55358,4.89545","8.56374,4.89545","8.64501,4.90754","8.73644,4.90754","8.91929,4.91963","9.01072,4.93172","9.11231,4.93172","9.12246,4.93172","9.20373,4.9438","9.29516,4.95589","9.4577,5.01633","9.53897,5.06468","9.6304,5.10094","9.64056,5.10094","9.71167,5.12512","9.80309,5.16138","9.97579,5.19764","10.0672,5.22182","10.0571,5.28226","10.0571,5.28226","10.1383,5.30643","10.2399,5.33061","10.4329,5.39104","10.5447,5.41522","10.6259,5.45148","10.7174,5.56027","10.7986,5.59653","10.8901,5.65697","11.0526,5.75367","11.1237,5.81411","11.205,5.88663","11.205,5.88663","11.1948,5.87455","11.2558,5.9229","11.3878,6.0196","11.4488,6.05586","11.5097,6.09212","11.5097,6.08003","11.5707,6.1163","11.6316,6.14047","11.7231,6.18882","11.7739,6.213","11.8145,6.23717","11.8755,6.24926","11.9059,6.27343","11.9466,6.28552","12.0075,6.3097","12.0482,6.33387","12.0786,6.34596","12.0786,6.35805","12.1193,6.38222","12.1396,6.41848","12.2005,6.46684","12.2412,6.47892","12.2818,6.47892","12.2818,6.47892","12.3326,6.49101","12.3834,6.5031","12.4748,6.51519","12.5358,6.52727","12.5866,6.52727","12.5967,6.52727","12.6374,6.52727","12.6881,6.52727","12.8101,6.51519","12.8913,6.51519","12.9726,6.47892","12.9827,6.46684","13.0539,6.43057","13.1351,6.39431","13.2774,6.33387","13.3485,6.28552",,,,,,,,,,,,,,,,,,,,,,,,,,,,,,,,,,,,,,,,,,,,,,,,,,,,,,,,,,,,,,,,,,,,,,,,,,,,,,,,,,,,,,,,,,,,,,,,,,,,,,,,,,,,,,,,,,,,,,,,,,,,,,,,,,,,,,,,,,,,,,,,,,,,,,,,,,,,,,,,,,,,,,,,,,,,,,,,,,,,,,,,,,,,,,,,,,,,
"7.36502,5.19764","7.38534,5.19764","7.39549,5.19764","7.40565,5.19764","7.41581,5.19764","7.41581,5.19764","7.43613,5.19764","7.48692,5.18556","7.5174,5.19764","7.54787,5.17347","7.55803,5.17347","7.57835,5.17347","7.61898,5.16138","7.70025,5.14929","7.74089,5.11303","7.79168,5.10094","7.80184,5.10094","7.83232,5.07677","7.89327,5.06468","7.99485,5.06468","8.05581,5.07677","8.11676,5.08886","8.12692,5.08886","8.16755,5.11303","8.2285,5.13721","8.31993,5.17347","8.38088,5.18556","8.43168,5.20973","8.43168,5.20973","8.47231,5.22182","8.5231,5.22182","8.63485,5.25808","8.68564,5.28226","8.74659,5.29434","8.75675,5.28226","8.79739,5.30643","8.84818,5.31852","8.95993,5.33061","9.00056,5.35478","9.0412,5.36687","9.05135,5.36687","9.09199,5.37896","9.14278,5.40313","9.24437,5.45148","9.30532,5.47566","9.35611,5.48774","9.36627,5.47566","9.41707,5.49983","9.48818,5.52401","9.61008,5.53609","9.68119,5.54818","9.7523,5.57236","9.7523,5.57236","9.81325,5.58444","9.86405,5.58444","9.99611,5.60862","10.0571,5.63279","10.0977,5.65697","10.1079,5.65697","10.1688,5.68114","10.2196,5.70532","10.311,5.75367","10.372,5.76576","10.4228,5.78993","10.4228,5.78993","10.4736,5.80202","10.5345,5.80202","10.6361,5.8262","10.6971,5.8262","10.758,5.83828","10.7682,5.85037","10.8088,5.83828","10.8494,5.86246","10.9307,5.89872","10.9713,5.91081","11.012,5.94707","11.012,5.93498","11.0424,5.97125","11.0831,5.98333","11.144,6.03168","11.1745,6.04377","11.205,6.05586","11.2151,6.06795","11.2355,6.08003","11.2761,6.1163","11.3574,6.14047","11.3878,6.15256","11.4488,6.18882","11.4488,6.17673","11.4793,6.20091","11.5097,6.213","11.5809,6.24926","11.6113,6.27343","11.6621,6.29761","11.652,6.29761","11.6824,6.32178","11.7231,6.33387","11.7739,6.35805","11.8145,6.37013","11.845,6.38222","11.8348,6.37013","11.8653,6.39431","11.8856,6.4064","11.9263,6.4064","11.9466,6.41848","11.9669,6.44266","11.9669,6.44266","11.9872,6.45475","11.9974,6.45475","12.038,6.45475","12.0583,6.46684","12.0786,6.47892","12.0786,6.46684","12.0989,6.47892","12.1193,6.46684","12.1599,6.47892","12.1904,6.45475","12.2209,6.45475","12.231,6.45475","12.2513,6.44266","12.2818,6.44266","12.3224,6.39431","12.3529,6.38222","12.3732,6.37013","12.3732,6.38222","12.4037,6.35805","12.4342,6.34596","12.4748,6.34596","12.5053,6.34596","12.5358,6.34596","12.5358,6.34596","12.5561,6.34596","12.5866,6.33387","12.6678,6.32178","12.7186,6.32178","12.7593,6.32178","12.7593,6.32178","12.8101,6.32178","12.8608,6.32178",,,,,,,,,,,,,,,,,,,,,,,,,,,,,,,,,,,,,,,,,,,,,,,,,,,,,,,,,,,,,,,,,,,,,,,,,,,,,,,,,,,,,,,,,,,,,,,,,,,,,,,,,,,,,,,,,,,,,,,,,,,,,,,,,,,,,,,,,,
"7.92374,5.19764","7.9847,5.20973","8.03549,5.22182","8.08628,5.23391","8.09644,5.23391","8.14723,5.23391","8.20819,5.24599","8.29961,5.27017","8.37072,5.28226","8.44184,5.28226","8.46215,5.28226","8.47231,5.28226","8.54342,5.29434","8.54342,5.28226","8.54342,5.23391","8.91929,5.36687","8.91929,5.36687","8.9904,5.39104","9.07167,5.41522","9.21389,5.43939","9.29516,5.46357","9.34595,5.48774","9.34595,5.48774","9.42722,5.49983","9.50849,5.52401","9.44754,5.53609","9.43738,5.48774","9.84373,5.57236","9.84373,5.57236","9.91484,5.59653","9.98595,5.63279","9.98595,5.63279","10.0367,5.64488","10.3313,5.8262","10.3313,5.8262","10.3923,5.86246","10.4634,5.91081","10.5244,5.94707","10.5853,5.97125","10.6564,6.00751","10.6767,6.00751","10.7377,6.03168","10.8596,6.14047","10.9713,6.213","11.012,6.26135","11.0526,6.29761","11.0526,6.3097","11.1034,6.33387","11.2253,6.37013","11.3167,6.41848","11.3777,6.45475","11.4285,6.49101","11.4285,6.49101","11.4691,6.52727","11.5097,6.55145","11.6012,6.5998","11.6621,6.63606","11.6926,6.66024","11.6926,6.67232","11.7434,6.6965","11.7739,6.72067","11.845,6.72067","11.8755,6.73276","11.9161,6.74485","11.9161,6.74485","11.9466,6.75694","11.9872,6.76902","12.0583,6.80529","12.0989,6.81737","12.1294,6.82946","12.1396,6.82946","12.1802,6.84155","12.2107,6.84155","12.292,6.81737","12.3428,6.81737","12.3935,6.81737","12.4037,6.81737","12.4545,6.80529","12.5053,6.80529","12.6069,6.81737","12.6577,6.80529","12.7085,6.7932","12.7085,6.7932","12.7593,6.76902","12.7999,6.75694","12.871,6.74485","12.9116,6.72067","12.9726,6.6965",,,,,,,,,,,,,,,,,,,,,,,,,,,,,,,,,,,,,,,,,,,,,,,,,,,,,,,,,,,,,,,,,,,,,,,,,,,,,,,,,,,,,,,,,,,,,,,,,,,,,,,,,,,,,,,,,,,,,,,,,,,,,,,,,,,,,,,,,,,,,,,,,,,,,,,,,,,,,,,,,,,,,,,,,,,,,,,,,,,,,,,,,,,,,
"7.86279,5.62071","7.9339,5.59653","8.00501,5.59653","8.05581,5.59653","8.06597,5.59653","8.11676,5.60862","8.17771,5.62071","8.29961,5.69323","8.37072,5.72949","8.44184,5.75367","8.45199,5.75367","8.5231,5.77785","8.62469,5.78993","8.80755,5.81411","8.90913,5.8262","9.00056,5.8262","9.00056,5.8262","9.08183,5.83828","9.17326,5.85037","9.3358,5.85037","9.42722,5.86246","9.52881,5.88663","9.5796,5.94707","9.68119,5.99542","9.78278,6.04377","9.95547,6.12838","10.0367,6.17673","10.1282,6.213","10.1485,6.213","10.2298,6.23717","10.3313,6.26135","10.5345,6.3097","10.6158,6.34596","10.7072,6.38222","10.7072,6.38222","10.7783,6.39431","10.8596,6.43057","11.0018,6.46684","11.0831,6.5031","11.1644,6.52727","11.1745,6.52727","11.2355,6.55145","11.3167,6.57562","11.4488,6.62397","11.5301,6.63606","11.591,6.66024","11.6012,6.66024","11.652,6.66024","11.7332,6.67232","11.8755,6.67232","11.9466,6.67232","12.0075,6.67232","12.0177,6.67232","12.0786,6.67232","12.1497,6.66024","12.2716,6.66024","12.3529,6.66024","12.4037,6.64815","12.4139,6.63606","12.4748,6.64815","12.5358,6.62397","12.6577,6.56354","12.7186,6.52727","12.7694,6.47892",,,,,,,,,,,,,,,,,,,,,,,,,,,,,,,,,,,,,,,,,,,,,,,,,,,,,,,,,,,,,,,,,,,,,,,,,,,,,,,,,,,,,,,,,,,,,,,,,,,,,,,,,,,,,,,,,,,,,,,,,,,,,,,,,,,,,,,,,,,,,,,,,,,,,,,,,,,,,,,,,,,,,,,,,,,,,,,,,,,,,,,,,,,,,,,,,,,,,,,,,,,,,,,,,,,,,
"7.36502,5.81411","7.38534,5.80202","7.39549,5.78993","7.40565,5.78993","7.40565,5.78993","7.42597,5.77785","7.43613,5.76576","7.47676,5.74158","7.50724,5.71741","7.53772,5.69323","7.53772,5.69323","7.56819,5.66906","7.60883,5.64488","7.71041,5.62071","7.78152,5.62071","7.85263,5.63279","7.86279,5.62071","7.91359,5.64488","7.9847,5.65697","8.09644,5.65697","8.16755,5.66906","8.2285,5.68114","8.24882,5.66906","8.28946,5.68114","8.35041,5.66906","8.46215,5.66906","8.53326,5.66906","8.60437,5.65697","8.62469,5.64488","8.67548,5.64488","8.73644,5.63279","8.85834,5.60862","8.92945,5.62071","8.9904,5.65697","9.01072,5.64488","9.06151,5.68114","9.12246,5.69323","9.24437,5.74158","9.31548,5.76576","9.37643,5.77785","9.38659,5.76576","9.43738,5.80202","9.50849,5.81411","9.54913,5.83828","9.70151,5.86246","9.76246,5.86246","9.77262,5.86246","9.83357,5.85037","9.90468,5.85037","10.0266,5.87455","10.0977,5.88663","10.1586,5.9229","10.1688,5.91081","10.2196,5.94707","10.2805,5.95916","10.372,5.98333","10.4329,6.00751","10.4837,6.00751","10.4939,6.00751","10.5548,6.0196","10.6158,6.0196","10.7174,6.04377","10.7783,6.05586","10.8291,6.06795","10.8393,6.05586","10.8799,6.08003","10.9205,6.1163","10.9917,6.18882","11.0323,6.22508","11.0628,6.27343","11.0628,6.27343","11.1034,6.3097","11.1339,6.32178","11.2151,6.37013","11.2659,6.39431","11.3167,6.4064","11.3269,6.39431","11.3675,6.41848","11.4082,6.43057","11.4996,6.44266","11.5504,6.46684","11.6012,6.49101","11.6012,6.49101","11.6418,6.51519","11.6824,6.53936","11.7637,6.58771","11.8043,6.5998","11.8653,6.5998","11.8653,6.5998","11.9059,6.5998","11.9567,6.5998","12.0278,6.56354","12.0685,6.56354","12.1091,6.55145","12.1091,6.53936","12.1396,6.53936","12.1904,6.52727","12.2615,6.5031","12.3021,6.49101","12.3326,6.47892","12.3428,6.46684","12.3732,6.45475","12.4037,6.43057","12.4647,6.39431","12.5053,6.38222","12.5459,6.37013","12.5561,6.37013","12.5866,6.37013","12.6272,6.35805","12.6678,6.29761","12.7085,6.26135","12.7491,6.22508",,,,,,,,,,,,,,,,,,,,,,,,,,,,,,,,,,,,,,,,,,,,,,,,,,,,,,,,,,,,,,,,,,,,,,,,,,,,,,,,,,,,,,,,,,,,,,,,,,,,,,,,,,,,,,,,,,,,,,,,,,,,,,,,,,,,,,,,,,,,,,,,,,,,,,,,,,,,,,,,,,,,,
"7.79168,6.16465","7.84247,6.16465","7.86279,6.15256","7.89327,6.15256","7.90343,6.15256","7.9339,6.14047","7.97454,6.14047","8.05581,6.12838","8.09644,6.1163","8.14723,6.10421","8.13708,6.10421","8.18787,6.09212","8.2285,6.08003","8.34025,6.04377","8.41136,6.0196","8.46215,6.00751","8.48247,6.00751","8.53326,5.98333","8.58406,5.97125","8.71612,5.94707","8.78723,5.93498","8.8685,5.9229","8.8685,5.9229","8.92945,5.91081","9.00056,5.89872","9.12246,5.86246","9.20373,5.85037","9.26469,5.83828","9.27484,5.83828","9.3358,5.83828","9.40691,5.85037","9.53897,5.87455","9.62024,5.88663","9.69135,5.89872","9.69135,5.89872","9.7523,5.91081","9.83357,5.9229","9.97579,5.94707","10.0469,5.95916","10.1282,5.97125","10.1282,5.97125","10.1993,5.99542","10.2602,6.0196","10.3923,6.08003","10.4634,6.10421","10.5142,6.12838","10.5244,6.12838","10.5853,6.14047","10.6564,6.16465","10.7986,6.20091","10.8698,6.22508","10.9205,6.24926","10.9307,6.24926","10.9815,6.27343","11.0424,6.29761","11.144,6.35805","11.205,6.38222","11.2456,6.39431","11.2456,6.39431","11.3066,6.41848","11.3472,6.43057","11.4488,6.45475","11.4996,6.46684","11.5301,6.49101","11.5402,6.49101","11.5809,6.5031","11.6215,6.52727","11.7129,6.55145","11.7637,6.56354","11.784,6.58771","11.784,6.58771","11.8247,6.5998","11.8653,6.61189","11.9567,6.63606","12.0075,6.64815","12.0583,6.64815","12.0685,6.64815","12.1091,6.64815","12.1599,6.66024","12.2716,6.66024","12.3021,6.64815","12.3529,6.64815","12.3529,6.64815","12.3834,6.63606","12.4342,6.62397","12.5053,6.5998","12.5561,6.57562","12.6069,6.56354","12.617,6.56354","12.6475,6.55145","12.6983,6.53936","12.7694,6.5031",,,,,,,,,,,,,,,,,,,,,,,,,,,,,,,,,,,,,,,,,,,,,,,,,,,,,,,,,,,,,,,,,,,,,,,,,,,,,,,,,,,,,,,,,,,,,,,,,,,,,,,,,,,,,,,,,,,,,,,,,,,,,,,,,,,,,,,,,,,,,,,,,,,,,,,,,,,,,,,,,,,,,,,,,,,,,,,,,,,,,,,,,
"7.86279,6.58771","7.92374,6.57562","7.96438,6.55145","8.00501,6.53936","8.00501,6.53936","8.04565,6.52727","8.09644,6.5031","8.21834,6.47892","8.28946,6.45475","8.34025,6.41848","8.36057,6.41848","8.42152,6.39431","8.49263,6.37013","8.61453,6.34596","8.68564,6.34596","8.76691,6.34596","8.77707,6.34596","8.82786,6.34596","8.89897,6.34596","9.02088,6.34596","9.09199,6.34596","9.1631,6.34596","9.1631,6.34596","9.22405,6.34596","9.285,6.34596","9.41707,6.34596","9.49833,6.34596","9.56944,6.35805","9.56944,6.35805","9.6304,6.37013","9.71167,6.38222","9.86405,6.41848","9.94531,6.44266","10.0164,6.45475","10.0164,6.45475","10.0875,6.46684","10.1688,6.46684","10.311,6.49101","10.3923,6.5031","10.4634,6.51519","10.4634,6.51519","10.5244,6.52727","10.5955,6.53936","10.7377,6.58771","10.7986,6.61189","10.8596,6.64815","10.8698,6.64815","10.9104,6.67232","10.9713,6.70859","11.0628,6.74485","11.1339,6.78111","11.1745,6.80529","11.1745,6.80529","11.2151,6.82946","11.2558,6.84155","11.337,6.8899","11.3878,6.92616","11.4183,6.93825","11.4183,6.93825","11.459,6.96242","11.4894,6.97451","11.5707,6.9866","11.6012,6.9866","11.6215,6.99869","11.6215,6.99869","11.652,6.99869","11.6926,6.99869","11.7536,6.99869","11.8043,6.99869","11.8247,7.01077","11.8348,7.01077","11.8755,7.01077","11.9161,7.01077","11.9872,7.01077","12.0177,7.01077","12.0583,6.99869","12.0685,6.99869","12.0888,6.99869","12.1294,6.99869","12.2107,6.99869","12.2513,6.9866","12.3021,6.9866","12.3123,6.9866","12.3529,6.97451","12.4139,6.96242","12.485,6.93825","12.5256,6.91407","12.5866,6.91407","12.5866,6.91407","12.6272,6.90199","12.678,6.8899","12.7694,6.87781","12.8304,6.86572","12.8812,6.86572","12.8812,6.86572","12.9218,6.85364",,,,,,,,,,,,,,,,,,,,,,,,,,,,,,,,,,,,,,,,,,,,,,,,,,,,,,,,,,,,,,,,,,,,,,,,,,,,,,,,,,,,,,,,,,,,,,,,,,,,,,,,,,,,,,,,,,,,,,,,,,,,,,,,,,,,,,,,,,,,,,,,,,,,,,,,,,,,,,,,,,,,,,,,,,,,,,,,,,,,,
"7.50724,6.99869","7.52756,6.99869","7.53772,7.01077","7.53772,7.01077","7.53772,7.01077","7.54787,7.01077","7.57835,7.02286","7.60883,7.03495","7.6393,7.03495","7.65962,7.03495","7.65962,7.03495","7.6901,7.03495","7.73073,7.03495","7.79168,7.01077","7.83232,6.99869","7.87295,6.97451","7.88311,6.97451","7.91359,6.95034","7.96438,6.91407","8.05581,6.84155","8.11676,6.80529","8.17771,6.75694","8.17771,6.75694","8.2285,6.72067","8.26914,6.68441","8.38088,6.62397","8.45199,6.61189","8.51295,6.58771","8.51295,6.58771","8.5739,6.57562","8.63485,6.55145","8.76691,6.51519","8.84818,6.49101","8.91929,6.46684","8.91929,6.46684","8.98024,6.44266","9.05135,6.41848","9.19357,6.35805","9.25453,6.32178","9.32564,6.29761","9.32564,6.29761","9.37643,6.28552","9.4577,6.27343","9.58976,6.28552","9.64056,6.28552","9.70151,6.29761","9.71167,6.29761","9.7523,6.29761","9.81325,6.32178","9.91484,6.34596","9.97579,6.35805","10.0266,6.38222","10.0367,6.38222","10.0774,6.4064","10.1282,6.43057","10.2501,6.47892","10.3212,6.49101","10.3618,6.5031","10.3618,6.5031","10.4228,6.52727","10.4736,6.55145","10.5752,6.61189","10.6259,6.63606","10.6564,6.67232","10.6666,6.67232","10.6971,6.6965","10.7478,6.72067","10.8393,6.76902","10.9205,6.78111","10.9713,6.80529","10.9612,6.80529","11.0221,6.82946","11.0628,6.84155","11.144,6.8899","11.1948,6.92616","11.2253,6.95034","11.2355,6.95034","11.2558,6.97451","11.2863,6.99869","11.3574,7.02286","11.3777,7.02286","11.4183,7.03495","11.4183,7.03495","11.4488,7.03495","11.4894,7.02286","11.5402,6.99869","11.5504,6.97451","11.591,6.97451","11.591,6.97451","11.6113,6.96242","11.6316,6.95034","11.6723,6.92616","11.6926,6.91407","11.7129,6.90199","11.7129,6.90199","11.7231,6.8899","11.7434,6.87781","11.7739,6.86572","11.8043,6.86572","11.8145,6.85364","11.8247,6.85364","11.8348,6.85364","11.8653,6.85364","11.9059,6.85364","11.9364,6.86572","11.977,6.86572","11.977,6.86572","12.0075,6.86572","12.0278,6.86572","12.0786,6.85364","12.1193,6.85364","12.1599,6.85364","12.1599,6.85364","12.2005,6.85364","12.231,6.85364","12.3021,6.85364","12.3529,6.84155","12.3935,6.84155","12.4037,6.84155","12.4443,6.84155","12.4951,6.84155","12.5866,6.85364","12.6577,6.86572","12.6983,6.87781","12.6983,6.87781","12.7491,6.8899","12.7999,6.90199",,,,,,,,,,,,,,,,,,,,,,,,,,,,,,,,,,,,,,,,,,,,,,,,,,,,,,,,,,,,,,,,,,,,,,,,,,,,,,,,,,,,,,,,,,,,,,,,,,,,,,,,,,,,,,,,,,,,,,,,,,,,,,,,,,,,,,,,,,,,,,,,,,,,,,
"6.79613,7.01077","6.83677,7.01077","6.85709,7.01077","6.8774,7.02286","6.8774,7.02286","6.89772,7.03495","6.91804,7.04704","6.95867,7.10747","6.98915,7.14374","7.00947,7.18","7.00947,7.18","7.03994,7.22835","7.08058,7.2767","7.15169,7.38549","7.19232,7.44593","7.24311,7.49428","7.26343,7.50636","7.31423,7.54263","7.36502,7.57889","7.49708,7.63933","7.55803,7.6635","7.60883,7.69976","7.62914,7.69976","7.66978,7.73603","7.73073,7.77229","7.83232,7.8569","7.90343,7.91734","7.94406,7.96569","7.95422,7.97778","8.01517,8.02613","8.07612,8.06239","8.21834,8.15909","8.29961,8.19535","8.38088,8.21953","8.39104,8.21953","8.45199,8.2437","8.5231,8.26788","8.67548,8.31623","8.75675,8.3404","8.84818,8.37667","8.87866,8.36458","8.93961,8.40084","9.0412,8.42502","9.23421,8.46128","9.34595,8.47337","9.42722,8.46128","9.43738,8.46128","9.51865,8.44919","9.61008,8.44919","9.7523,8.42502","9.83357,8.41293","9.89452,8.38875","9.90468,8.38875","9.96563,8.37667","10.0266,8.35249","10.1688,8.31623","10.2602,8.30414","10.311,8.29205","10.3212,8.29205","10.3821,8.27997","10.4431,8.2437","10.565,8.15909","10.6361,8.11074","10.7072,8.06239","10.6971,8.0503","10.7682,8.00195","10.819,7.9536","10.951,7.86899","11.0221,7.83273","11.0831,7.80855","11.0932,7.80855","11.144,7.78438","11.205,7.7602","11.3066,7.71185","11.3574,7.68768","11.3878,7.65141","11.398,7.65141","11.4285,7.62724","11.4793,7.61515","11.5504,7.59098","11.6012,7.57889","11.6316,7.5668","11.6418,7.5668","11.6621,7.55471","11.7028,7.54263","11.7637,7.51845","11.784,7.49428","11.8145,7.48219","11.8247,7.48219","11.8348,7.4701","11.8755,7.45801","11.9364,7.44593","11.9669,7.44593","11.9974,7.44593","12.0075,7.44593","12.0177,7.44593","12.0685,7.44593","12.1193,7.44593","12.1599,7.44593","12.1904,7.43384","12.1904,7.43384","12.2107,7.42175","12.231,7.40966","12.3021,7.38549","12.3529,7.38549","12.3834,7.38549","12.3935,7.38549","12.424,7.38549","12.4748,7.38549","12.5459,7.40966","12.5967,7.43384","12.6475,7.4701","12.6577,7.4701","12.6983,7.50636","12.7491,7.55471","12.871,7.65141",,,,,,,,,,,,,,,,,,,,,,,,,,,,,,,,,,,,,,,,,,,,,,,,,,,,,,,,,,,,,,,,,,,,,,,,,,,,,,,,,,,,,,,,,,,,,,,,,,,,,,,,,,,,,,,,,,,,,,,,,,,,,,,,,,,,,,,,,,,,,,,,,,,,,,,,,,,,,,,,,
"7.79168,7.48219","7.812,7.48219","7.82216,7.48219","7.83232,7.4701","7.83232,7.4701","7.86279,7.4701","7.88311,7.4701","7.95422,7.4701","8.00501,7.48219","8.03549,7.49428","8.04565,7.49428","8.08628,7.53054","8.13708,7.55471","8.25898,7.60306","8.30977,7.62724","8.36057,7.65141","8.38088,7.65141","8.43168,7.6635","8.49263,7.67559","8.63485,7.69976","8.70596,7.71185","8.79739,7.72394","8.79739,7.72394","8.85834,7.73603","8.92945,7.74811","9.08183,7.7602","9.15294,7.77229","9.23421,7.78438","9.23421,7.78438","9.30532,7.79646","9.36627,7.79646","9.49833,7.79646","9.5796,7.78438","9.64056,7.77229","9.64056,7.77229","9.71167,7.7602","9.77262,7.73603","9.90468,7.69976","9.98595,7.67559","10.0672,7.6635","10.0774,7.6635","10.1383,7.65141","10.2196,7.63933","10.3923,7.61515","10.4837,7.60306","10.5548,7.57889","10.5752,7.57889","10.6463,7.55471","10.7174,7.53054","10.8596,7.48219","10.9307,7.45801","10.9917,7.44593","10.9917,7.44593","11.0424,7.42175","11.1136,7.39758","11.2253,7.3734","11.2964,7.3734","11.3269,7.36131","11.337,7.36131","11.3878,7.36131","11.4386,7.36131","11.5097,7.34923","11.5605,7.34923","11.591,7.34923","11.6012,7.34923","11.6215,7.33714","11.6418,7.33714","11.7129,7.33714","11.7536,7.32505","11.784,7.32505","11.7739,7.32505","11.8145,7.32505","11.8348,7.32505","11.8958,7.31296","11.9263,7.31296","11.9567,7.30088","11.9669,7.30088","11.9872,7.28879","12.0278,7.28879","12.0888,7.2767","12.1091,7.26461","12.1396,7.26461","12.1497,7.26461","12.1599,7.25253","12.2005,7.24044","12.2412,7.21626","12.2615,7.19209","12.3123,7.18","12.3123,7.18","12.3326,7.16791","12.3732,7.15582","12.4443,7.14374","12.4951,7.13165","12.5358,7.13165","12.5358,7.13165",,,,,,,,,,,,,,,,,,,,,,,,,,,,,,,,,,,,,,,,,,,,,,,,,,,,,,,,,,,,,,,,,,,,,,,,,,,,,,,,,,,,,,,,,,,,,,,,,,,,,,,,,,,,,,,,,,,,,,,,,,,,,,,,,,,,,,,,,,,,,,,,,,,,,,,,,,,,,,,,,,,,,,,,,,,,,,,,,,,,,,
"7.91359,7.92943","7.99485,7.9536","8.04565,7.9536","8.1066,7.96569","8.1066,7.97778","8.16755,7.97778","8.2285,7.98987","8.38088,7.98987","8.46215,7.98987","8.54342,7.97778","8.55358,7.96569","8.63485,7.96569","8.72628,7.96569","8.88882,7.9536","8.98024,7.94152","9.07167,7.9536","9.08183,7.94152","9.17326,7.94152","9.27484,7.9536","9.48818,7.94152","9.61008,7.94152","9.72182,7.92943","9.73198,7.91734","9.82341,7.91734","9.93516,7.89316","10.1586,7.80855","10.2704,7.77229","10.372,7.74811","10.3821,7.74811","10.4837,7.71185","10.5853,7.6635","10.7986,7.59098","10.9104,7.57889","11.0221,7.57889","11.0323,7.57889","11.144,7.5668","11.2558,7.54263","11.4691,7.49428","11.5809,7.4701","11.6824,7.44593","11.6926,7.44593","11.7739,7.42175","11.8755,7.40966","12.0583,7.38549","12.1599,7.36131","12.2513,7.33714","12.2615,7.33714","12.3326,7.33714","12.4342,7.34923","12.5866,7.3734","12.678,7.39758","12.7491,7.42175","12.7491,7.42175","12.8202,7.43384","12.8812,7.45801","13.0132,7.49428","13.0945,7.51845","13.1453,7.54263","13.1554,7.54263","13.2266,7.57889",,,,,,,,,,,,,,,,,,,,,,,,,,,,,,,,,,,,,,,,,,,,,,,,,,,,,,,,,,,,,,,,,,,,,,,,,,,,,,,,,,,,,,,,,,,,,,,,,,,,,,,,,,,,,,,,,,,,,,,,,,,,,,,,,,,,,,,,,,,,,,,,,,,,,,,,,,,,,,,,,,,,,,,,,,,,,,,,,,,,,,,,,,,,,,,,,,,,,,,,,,,,,,,,,,,,,,,,,
"7.24311,7.82064","7.27359,7.83273","7.28375,7.82064","7.30407,7.83273","7.30407,7.82064","7.32438,7.82064","7.35486,7.80855","7.41581,7.78438","7.4666,7.77229","7.50724,7.78438","7.5174,7.77229","7.55803,7.79646","7.59867,7.80855","7.67994,7.83273","7.72057,7.84481","7.76121,7.86899","7.76121,7.86899","7.79168,7.86899","7.83232,7.86899","7.90343,7.88108","7.95422,7.88108","8.00501,7.89316","8.00501,7.90525","8.05581,7.91734","8.11676,7.9536","8.2285,7.96569","8.29961,7.98987","8.36057,8.00195","8.37072,7.98987","8.42152,8.00195","8.48247,7.98987","8.59421,8.00195","8.66533,8.00195","8.72628,8.00195","8.73644,8.00195","8.78723,8.00195","8.84818,8.00195","8.95993,7.98987","9.03104,8.00195","9.09199,7.98987","9.10215,8.00195","9.15294,7.97778","9.21389,7.96569","9.32564,7.92943","9.37643,7.89316","9.42722,7.8569","9.42722,7.84481","9.47802,7.83273","9.53897,7.82064","9.64056,7.80855","9.70151,7.78438","9.76246,7.77229","9.77262,7.78438","9.82341,7.77229","9.8742,7.7602","9.98595,7.71185","10.0469,7.68768","10.0977,7.65141","10.0977,7.6635","10.1586,7.63933","10.2094,7.60306","10.3212,7.54263","10.3821,7.50636","10.4228,7.49428","10.4329,7.49428","10.4736,7.4701","10.5244,7.4701","10.6056,7.45801","10.6564,7.44593","10.6971,7.43384","10.7072,7.44593","10.7478,7.42175","10.7783,7.39758","10.8393,7.3734","10.8698,7.36131","10.9002,7.36131","10.9002,7.36131","10.9307,7.36131","10.9612,7.36131","11.0018,7.34923","11.0221,7.32505","11.0424,7.32505","11.0424,7.32505","11.0628,7.31296","11.0729,7.31296","11.1034,7.30088","11.1136,7.2767","11.144,7.2767","11.144,7.2767","11.1542,7.26461","11.1745,7.25253","11.205,7.21626","11.2151,7.20418","11.2355,7.19209","11.2355,7.20418","11.2456,7.18","11.2761,7.19209","11.3167,7.20418","11.337,7.20418","11.3574,7.19209","11.3574,7.20418","11.3777,7.19209","11.3878,7.20418","11.4285,7.19209","11.459,7.21626","11.4793,7.21626","11.4793,7.21626","11.4894,7.21626","11.4996,7.21626","11.5097,7.21626","11.5199,7.21626","11.5301,7.21626","11.5301,7.21626","11.5402,7.21626","11.5504,7.21626","11.5707,7.21626","11.5809,7.21626","11.6012,7.21626","11.6012,7.21626","11.6113,7.20418","11.6215,7.19209","11.652,7.18","11.6723,7.16791","11.6926,7.18","11.6926,7.16791","11.7129,7.18","11.7434,7.16791","11.8043,7.19209","11.8348,7.20418","11.8653,7.20418","11.8653,7.20418","11.8958,7.21626","11.9161,7.22835","11.9669,7.22835","11.9974,7.22835","12.0177,7.22835","12.0177,7.22835","12.038,7.22835","12.0685,7.22835","12.1396,7.24044","12.1904,7.26461","12.2412,7.28879","12.2412,7.28879","12.292,7.31296","12.3428,7.33714","12.424,7.38549","12.4748,7.39758","12.5256,7.40966","12.5256,7.42175","12.5662,7.43384","12.617,7.45801","12.6983,7.48219","12.7389,7.49428","12.7796,7.49428",,,,,,,,,,,,,,,,,,,,,,,,,,,,,,,,,,,,,,,,,,,,,,,,,,,,,,,,,,,,,,,,,,,,,,,,,,,,,,,,,,,,,,,,,,,,,,,,,,,,,,,,,,,,,,,,,,,,,,,,,,,
"6.26788,8.20744","6.27804,8.20744","6.27804,8.20744","6.2882,8.20744","6.29836,8.20744","6.30852,8.19535","6.32884,8.19535","6.36947,8.19535","6.39995,8.19535","6.41011,8.18327","6.42026,8.18327","6.44058,8.18327","6.47106,8.17118","6.55233,8.18327","6.59296,8.19535","6.65391,8.20744","6.65391,8.20744","6.70471,8.23162","6.7555,8.2437","6.86724,8.27997","6.91804,8.29205","6.97899,8.30414","6.97899,8.30414","7.01962,8.31623","7.07042,8.31623","7.15169,8.32832","7.20248,8.32832","7.25327,8.32832","7.25327,8.32832","7.28375,8.32832","7.3447,8.32832","7.43613,8.32832","7.47676,8.32832","7.52756,8.3404","7.53772,8.3404","7.57835,8.35249","7.62914,8.36458","7.73073,8.37667","7.79168,8.38875","7.84247,8.40084","7.83232,8.40084","7.88311,8.40084","7.92374,8.40084","8.02533,8.38875","8.07612,8.38875","8.13708,8.37667","8.13708,8.37667","8.17771,8.36458","8.23866,8.36458","8.33009,8.32832","8.38088,8.31623","8.43168,8.30414","8.43168,8.30414","8.47231,8.27997","8.5231,8.25579","8.62469,8.21953","8.68564,8.21953","8.71612,8.20744","8.71612,8.20744","8.77707,8.20744","8.8177,8.19535","8.91929,8.18327","8.98024,8.17118","9.03104,8.15909","9.0412,8.15909","9.09199,8.147","9.15294,8.13492","9.25453,8.11074","9.30532,8.09865","9.34595,8.08657","9.34595,8.08657","9.39675,8.07448","9.4577,8.06239","9.54913,8.03822","9.59992,8.01404","9.65071,8.00195","9.65071,8.00195","9.69135,7.97778","9.74214,7.96569","9.83357,7.9536","9.8742,7.94152","9.91484,7.94152","9.91484,7.94152","9.95547,7.92943","9.99611,7.91734","10.0774,7.89316","10.118,7.88108","10.1688,7.86899","10.179,7.86899","10.1993,7.8569","10.2399,7.84481","10.3009,7.82064","10.3415,7.80855","10.372,7.79646","10.3821,7.79646","10.4025,7.77229","10.4329,7.7602","10.4939,7.72394","10.5244,7.69976","10.5447,7.67559","10.5447,7.67559","10.565,7.65141","10.5955,7.61515","10.6564,7.5668","10.6869,7.54263","10.7072,7.51845","10.7072,7.51845","10.7275,7.50636","10.758,7.48219","10.8088,7.44593","10.8291,7.43384","10.8596,7.42175","10.8698,7.42175","10.8901,7.40966","10.9104,7.40966","10.951,7.39758","10.9815,7.39758","11.012,7.38549","11.012,7.38549","11.0221,7.38549","11.0526,7.38549","11.0831,7.3734","11.1136,7.36131","11.1237,7.36131","11.1339,7.36131","11.144,7.34923","11.1644,7.32505","11.1948,7.30088","11.205,7.28879","11.2355,7.2767","11.2253,7.2767","11.2558,7.26461","11.2558,7.24044","11.2964,7.20418","11.3167,7.19209","11.3269,7.16791","11.337,7.16791","11.3574,7.15582","11.3675,7.14374","11.4183,7.11956","11.4285,7.10747","11.459,7.10747","11.459,7.10747","11.4793,7.09539","11.4996,7.09539","11.5504,7.09539","11.591,7.09539","11.6113,7.09539","11.6113,7.09539","11.6316,7.09539","11.6621,7.09539","11.7028,7.09539","11.7231,7.09539","11.7434,7.09539","11.7434,7.09539","11.7637,7.09539","11.784,7.09539","11.8247,7.0833","11.845,7.0833","11.8653,7.0833","11.8653,7.0833","11.8958,7.07121","11.9161,7.07121","11.9567,7.05912","11.977,7.05912","11.9974,7.04704","12.0075,7.04704","12.0177,7.04704","12.0482,7.04704","12.0786,7.05912","12.0989,7.05912","12.1193,7.07121","12.1193,7.07121","12.1396,7.07121","12.1497,7.07121","12.1802,7.09539","12.2107,7.10747","12.2209,7.11956","12.2209,7.11956","12.2412,7.13165","12.2615,7.13165","12.292,7.16791","12.3123,7.18","12.3326,7.20418","12.3326,7.20418","12.3529,7.21626","12.3732,7.22835","12.4139,7.25253","12.4443,7.25253","12.4748,7.2767",,,,,,,,,,,,,,,,,,,,,,,,,,,,,,,,,,,,,,,,,,,,,,,,,,,,,,,,,,,,,,,,,,,,,,,,,,,,,,,,,,,,,,,
"7.42597,8.25579","7.45645,8.2437","7.4666,8.21953","7.48692,8.20744","7.48692,8.21953","7.50724,8.19535","7.53772,8.18327","7.61898,8.15909","7.66978,8.147","7.72057,8.12283","7.72057,8.11074","7.76121,8.13492","7.812,8.147","7.91359,8.15909","7.97454,8.18327","8.05581,8.20744","8.05581,8.20744","8.11676,8.21953","8.19803,8.20744","8.33009,8.21953","8.4012,8.20744","8.48247,8.20744","8.48247,8.20744","8.55358,8.19535","8.62469,8.18327","8.77707,8.18327","8.85834,8.19535","8.93961,8.18327","8.94977,8.19535","9.02088,8.18327","9.10215,8.19535","9.26469,8.18327","9.3358,8.18327","9.40691,8.15909","9.40691,8.15909","9.46786,8.147","9.52881,8.11074","9.67103,8.07448","9.74214,8.0503","9.82341,8.03822","9.82341,8.0503","9.89452,8.02613","9.97579,8.01404","10.1282,8.00195","10.1891,7.96569","10.2501,7.9536","10.2501,7.94152","10.311,7.92943","10.372,7.90525","10.4939,7.84481","10.565,7.83273","10.6259,7.80855","10.6259,7.80855","10.6767,7.79646","10.7377,7.78438","10.8494,7.73603","10.9104,7.71185","10.9409,7.68768","10.9409,7.68768","10.9917,7.67559","11.0221,7.6635","11.1034,7.60306","11.144,7.57889","11.1847,7.55471","11.1847,7.55471","11.2253,7.53054","11.2558,7.50636","11.3167,7.4701","11.3574,7.43384","11.3777,7.40966","11.3777,7.40966","11.4082,7.38549","11.4285,7.34923","11.4691,7.28879","11.4894,7.28879","11.5097,7.2767","11.5097,7.26461","11.5402,7.26461","11.5707,7.26461","11.6316,7.24044","11.6621,7.22835","11.7028,7.20418","11.7028,7.20418","11.7434,7.19209","11.7739,7.19209","11.845,7.16791","11.8755,7.14374","11.9263,7.13165","11.9263,7.11956","11.9669,7.11956","12.0075,7.11956","12.0685,7.10747","12.0989,7.0833","12.1396,7.0833","12.1396,7.0833","12.1701,7.07121","12.2107,7.07121","12.2716,7.05912","12.3123,7.04704","12.3326,7.04704","12.3326,7.04704","12.3529,7.03495","12.3834,6.99869","12.4443,6.97451","12.485,6.96242","12.5256,6.95034","12.5358,6.96242","12.5764,6.93825","12.6272,6.95034","12.7186,6.9866",,,,,,,,,,,,,,,,,,,,,,,,,,,,,,,,,,,,,,,,,,,,,,,,,,,,,,,,,,,,,,,,,,,,,,,,,,,,,,,,,,,,,,,,,,,,,,,,,,,,,,,,,,,,,,,,,,,,,,,,,,,,,,,,,,,,,,,,,,,,,,,,,,,,,,,,,,,,,,,,,,,,,,,
"7.71041,8.76347","7.78152,8.71512","7.84247,8.70303","7.89327,8.69094","7.90343,8.69094","7.96438,8.70303","8.02533,8.70303","8.17771,8.75138","8.25898,8.76347","8.34025,8.78764","8.35041,8.78764","8.43168,8.79973","8.51295,8.77556","8.66533,8.73929","8.74659,8.72721","8.8177,8.69094","8.82786,8.70303","8.89897,8.66677","8.9904,8.65468","9.15294,8.59424","9.24437,8.57007","9.3358,8.54589","9.34595,8.54589","9.42722,8.5338","9.51865,8.50963","9.71167,8.47337","9.81325,8.46128","9.90468,8.42502","9.91484,8.4371","9.99611,8.40084","10.0875,8.37667","10.2602,8.32832","10.3415,8.29205","10.4329,8.25579","10.4329,8.26788","10.5142,8.23162","10.5955,8.19535","10.758,8.12283","10.8494,8.07448","10.9307,8.03822","10.9307,8.0503","11.0018,8.00195","11.0729,7.96569","11.2151,7.90525","11.2761,7.8569","11.337,7.80855","11.3472,7.80855","11.4082,7.77229","11.4793,7.74811","11.6113,7.67559","11.6824,7.63933","11.7434,7.60306","11.7536,7.61515","11.7942,7.5668","11.845,7.54263","11.9364,7.50636","11.9974,7.50636","12.038,7.49428","12.038,7.48219","12.0989,7.50636","12.1497,7.50636","12.2615,7.50636","12.3224,7.49428","12.3834,7.48219","12.3834,7.49428","12.4342,7.4701","12.485,7.4701","12.5866,7.45801",,,,,,,,,,,,,,,,,,,,,,,,,,,,,,,,,,,,,,,,,,,,,,,,,,,,,,,,,,,,,,,,,,,,,,,,,,,,,,,,,,,,,,,,,,,,,,,,,,,,,,,,,,,,,,,,,,,,,,,,,,,,,,,,,,,,,,,,,,,,,,,,,,,,,,,,,,,,,,,,,,,,,,,,,,,,,,,,,,,,,,,,,,,,,,,,,,,,,,,,,,,,,,,,,
"7.13137,9.10192","7.15169,9.10192","7.172,9.08983","7.18216,9.08983","7.19232,9.08983","7.21264,9.07774","7.23296,9.07774","7.28375,9.04148","7.32438,9.02939","7.35486,9.00522","7.35486,9.00522","7.38534,8.98104","7.42597,8.95687","7.48692,8.92061","7.5174,8.89643","7.54787,8.87226","7.55803,8.87226","7.58851,8.84808","7.6393,8.82391","7.73073,8.79973","7.79168,8.79973","7.85263,8.78764","7.86279,8.78764","7.89327,8.78764","7.95422,8.78764","8.06597,8.77556","8.11676,8.77556","8.16755,8.77556","8.16755,8.77556","8.20819,8.76347","8.25898,8.76347","8.37072,8.75138","8.42152,8.73929","8.48247,8.72721","8.49263,8.72721","8.53326,8.71512","8.59421,8.71512","8.6958,8.72721","8.74659,8.73929","8.8177,8.75138","8.8177,8.75138","8.85834,8.76347","8.90913,8.78764","9.02088,8.81182","9.06151,8.82391","9.11231,8.83599","9.12246,8.83599","9.15294,8.83599","9.22405,8.86017","9.30532,8.88434","9.35611,8.90852","9.41707,8.92061","9.41707,8.92061","9.4577,8.93269","9.50849,8.93269","9.58976,8.94478","9.65071,8.94478","9.69135,8.93269","9.69135,8.93269","9.74214,8.93269","9.79293,8.92061","9.86405,8.89643","9.91484,8.88434","9.94531,8.86017","9.95547,8.86017","9.97579,8.84808","10.0164,8.83599","10.0875,8.81182","10.1282,8.79973","10.1586,8.78764","10.1586,8.78764","10.1993,8.77556","10.2196,8.76347","10.3009,8.72721","10.3313,8.70303","10.372,8.67886","10.3821,8.66677","10.4025,8.64259","10.4329,8.63051","10.504,8.58215","10.5244,8.54589","10.5548,8.52172","10.565,8.52172","10.5853,8.49754","10.6158,8.46128","10.6869,8.40084","10.7072,8.36458","10.7478,8.3404","10.7478,8.3404","10.7682,8.31623","10.7986,8.29205","10.8596,8.25579","10.8901,8.23162","10.9104,8.21953","10.9104,8.21953","10.9307,8.20744","10.9713,8.19535","11.0018,8.15909","11.0424,8.15909","11.0526,8.147","11.0526,8.147","11.0628,8.13492","11.0831,8.12283","11.1136,8.09865","11.1237,8.09865","11.1542,8.08657","11.144,8.08657","11.1644,8.07448","11.1745,8.06239","11.1847,8.03822","11.205,8.02613","11.2253,8.01404","11.2253,8.01404","11.2355,8.00195","11.2355,7.98987","11.2456,7.96569","11.2558,7.94152","11.2558,7.92943","11.2558,7.92943","11.2558,7.91734","11.2659,7.90525","11.2863,7.88108","11.2964,7.88108","11.2863,7.86899","11.2964,7.86899","11.2964,7.8569","11.2964,7.84481","11.3066,7.82064","11.3269,7.82064","11.3269,7.80855","11.3269,7.80855","11.337,7.80855","11.337,7.79646","11.3574,7.78438","11.3675,7.77229","11.3878,7.7602","11.3878,7.7602","11.4082,7.7602","11.4082,7.7602","11.4386,7.74811","11.4386,7.74811","11.4488,7.74811","11.459,7.74811","11.459,7.74811","11.4691,7.73603","11.4996,7.73603","11.5097,7.72394","11.5199,7.72394","11.5199,7.72394","11.5199,7.71185","11.5301,7.69976","11.5605,7.68768","11.5605,7.67559","11.5707,7.67559","11.5809,7.67559","11.591,7.6635","11.6113,7.65141","11.6316,7.62724","11.652,7.61515","11.6621,7.60306","11.652,7.60306","11.6824,7.59098","11.6824,7.57889","11.7129,7.55471","11.7332,7.54263","11.7536,7.53054","11.7536,7.53054","11.7739,7.51845","11.784,7.51845","11.8043,7.50636","11.8247,7.49428","11.845,7.49428","11.845,7.49428","11.8551,7.48219","11.8755,7.48219","11.9059,7.48219","11.9161,7.48219","11.9466,7.48219","11.9364,7.48219","11.9669,7.48219","11.9669,7.48219","11.9974,7.4701","12.0278,7.48219","12.038,7.48219","12.0482,7.48219","12.0583,7.4701","12.0685,7.4701","12.0888,7.45801","12.0989,7.45801","12.1193,7.45801","12.1193,7.45801","12.1396,7.45801","12.1497,7.45801","12.1701,7.45801","12.1802,7.45801","12.2107,7.45801","12.2107,7.45801","12.2107,7.4701","12.231,7.4701","12.2716,7.48219","12.292,7.48219","12.3123,7.48219","12.3224,7.48219","12.3428,7.48219","12.3631,7.48219","12.3935,7.48219","12.4139,7.49428","12.4342,7.49428","12.4342,7.49428","12.4545,7.49428","12.485,7.48219","12.5256,7.49428","12.5459,7.48219","12.5459,7.48219","12.5459,7.48219","12.5662,7.48219","12.5866,7.49428","12.6272,7.50636","12.6577,7.51845","12.6678,7.53054","12.678,7.53054","12.678,7.53054","12.6881,7.53054",,,,,,,,,,,,,,,,,,,,,,,,,,,,,,,,,,,,,,,,,,,,,,,,,,,,,,
"7.89327,9.23488","7.9339,9.23488","7.96438,9.23488","7.97454,9.23488","7.9847,9.23488","8.00501,9.23488","8.03549,9.22279","8.11676,9.19862","8.15739,9.17444","8.21834,9.16236","8.21834,9.15027","8.2793,9.13818","8.35041,9.11401","8.48247,9.06566","8.5739,9.04148","8.65517,9.01731","8.66533,9.01731","8.74659,8.99313","8.83802,8.96896","9.00056,8.94478","9.11231,8.93269","9.21389,8.93269","9.23421,8.92061","9.31548,8.92061","9.41707,8.90852","9.58976,8.86017","9.68119,8.83599","9.77262,8.79973","9.77262,8.79973","9.84373,8.76347","9.93516,8.72721","10.0977,8.65468","10.1993,8.60633","10.3009,8.55798","10.311,8.55798","10.4126,8.52172","10.4939,8.48545","10.6564,8.40084","10.7377,8.36458","10.819,8.32832","10.8291,8.32832","10.8799,8.29205","10.951,8.25579","11.0424,8.19535","11.1034,8.17118","11.1644,8.12283","11.1745,8.12283","11.2253,8.08657","11.2964,8.0503","11.398,7.96569","11.459,7.94152","11.5097,7.91734","11.5199,7.90525","11.5402,7.89316","11.5707,7.8569","11.6418,7.79646","11.6824,7.74811","11.7028,7.69976","11.7028,7.69976","11.7434,7.67559","11.7739,7.63933","11.845,7.59098","11.8856,7.5668","11.9161,7.5668","11.9263,7.5668","11.9567,7.55471","11.9974,7.55471","12.0786,7.55471","12.1396,7.54263","12.1802,7.53054","12.1802,7.53054","12.231,7.50636","12.2615,7.48219","12.3631,7.44593","12.4139,7.43384","12.4545,7.44593","12.4647,7.44593","12.5256,7.45801","12.5764,7.4701","12.6678,7.48219","12.7288,7.48219","12.7897,7.48219","12.7999,7.48219",,,,,,,,,,,,,,,,,,,,,,,,,,,,,,,,,,,,,,,,,,,,,,,,,,,,,,,,,,,,,,,,,,,,,,,,,,,,,,,,,,,,,,,,,,,,,,,,,,,,,,,,,,,,,,,,,,,,,,,,,,,,,,,,,,,,,,,,,,,,,,,,,,,,,,,,,,,,,,,,,,,,,,,,,,,,,,,,,,,,,,,,,,,,,,,,,,
"7.50724,9.56125","7.52756,9.56125","7.53772,9.56125","7.55803,9.54916","7.55803,9.53707","7.57835,9.54916","7.59867,9.53707","7.64946,9.52498","7.67994,9.50081","7.72057,9.48872","7.72057,9.50081","7.76121,9.48872","7.812,9.50081","7.90343,9.47663","7.95422,9.45246","8.01517,9.4162","8.02533,9.4162","8.07612,9.36785","8.13708,9.31949","8.23866,9.21071","8.28946,9.15027","8.35041,9.11401","8.36057,9.10192","8.42152,9.06566","8.49263,9.02939","8.64501,9.00522","8.72628,8.99313","8.80755,8.96896","8.80755,8.96896","8.87866,8.94478","8.94977,8.92061","9.12246,8.87226","9.21389,8.84808","9.31548,8.82391","9.31548,8.82391","9.39675,8.79973","9.49833,8.77556","9.68119,8.72721","9.78278,8.71512","9.8742,8.70303","9.88436,8.69094","9.95547,8.69094","10.0469,8.66677","10.2196,8.59424","10.311,8.54589","10.4025,8.50963","10.4126,8.49754","10.4837,8.47337","10.5548,8.46128","10.6971,8.38875","10.7783,8.37667","10.8494,8.36458","10.8494,8.35249","10.9002,8.3404","10.9713,8.29205","11.1034,8.23162","11.1745,8.21953","11.2151,8.17118","11.2151,8.17118","11.2659,8.15909","11.3167,8.13492","11.4082,8.08657","11.4488,8.06239","11.4894,8.02613","11.4894,8.01404","11.5199,7.98987","11.5504,7.9536","11.6012,7.89316","11.6418,7.86899","11.6723,7.84481","11.6723,7.84481","11.7231,7.82064","11.7637,7.79646","11.8551,7.7602","11.8958,7.72394","11.9364,7.71185","11.9364,7.69976","11.977,7.68768","12.0075,7.6635","12.0583,7.63933","12.0786,7.63933","12.1091,7.63933","12.1091,7.63933","12.1396,7.63933","12.1599,7.62724","12.2005,7.61515","12.2209,7.59098","12.2615,7.59098","12.2615,7.59098","12.292,7.59098","12.3428,7.57889","12.4443,7.60306","12.5053,7.60306","12.5662,7.62724","12.5764,7.62724","12.6272,7.63933","12.6881,7.63933","12.7796,7.6635","12.8304,7.67559","12.8608,7.69976","12.8608,7.69976",,,,,,,,,,,,,,,,,,,,,,,,,,,,,,,,,,,,,,,,,,,,,,,,,,,,,,,,,,,,,,,,,,,,,,,,,,,,,,,,,,,,,,,,,,,,,,,,,,,,,,,,,,,,,,,,,,,,,,,,,,,,,,,,,,,,,,,,,,,,,,,,,,,,,,,,,,,,,,,,,,,,,,,,,,,,,,,,
"8.05581,9.83926","8.07612,9.83926","8.08628,9.83926","8.08628,9.83926","8.08628,9.83926","8.1066,9.83926","8.12692,9.83926","8.17771,9.82717","8.21834,9.81508","8.24882,9.803","8.24882,9.803","8.2793,9.77882","8.33009,9.75465","8.41136,9.7063","8.46215,9.68212","8.5231,9.65795","8.5231,9.65795","8.56374,9.62168","8.62469,9.59751","8.72628,9.54916","8.78723,9.53707","8.84818,9.52498","8.85834,9.52498","8.90913,9.5129","8.98024,9.50081","9.09199,9.47663","9.1631,9.46455","9.22405,9.44037","9.22405,9.44037","9.285,9.42828","9.35611,9.40411","9.48818,9.37993","9.54913,9.35576","9.61008,9.34367","9.61008,9.34367","9.68119,9.31949","9.7523,9.28323","9.88436,9.23488","9.96563,9.22279","10.0266,9.21071","10.0367,9.21071","10.0774,9.19862","10.1485,9.18653","10.2805,9.16236","10.3313,9.13818","10.4025,9.11401","10.3923,9.11401","10.4532,9.08983","10.5142,9.08983","10.6259,9.04148","10.6767,9.02939","10.7478,9.00522","10.7377,9.00522","10.7986,8.98104","10.8494,8.95687","10.9409,8.93269","11.012,8.93269","11.0424,8.90852","11.0526,8.90852","11.1034,8.90852","11.144,8.88434","11.2253,8.86017","11.2659,8.83599","11.2964,8.82391","11.2964,8.82391","11.3269,8.79973","11.3675,8.78764","11.4386,8.75138","11.459,8.72721","11.4793,8.70303","11.4793,8.70303","11.5097,8.69094","11.5402,8.66677","11.5809,8.63051","11.6012,8.61842","11.6215,8.60633","11.6215,8.60633","11.652,8.59424","11.6824,8.58215","11.7129,8.55798","11.7332,8.5338","11.7536,8.52172","11.7536,8.52172","11.7739,8.50963","11.7942,8.48545","11.845,8.46128","11.845,8.4371","11.8856,8.42502","11.8856,8.42502","11.8958,8.41293","11.9263,8.40084","11.9567,8.36458","11.977,8.3404","11.9974,8.32832","11.9974,8.32832","12.0075,8.31623","12.0177,8.30414","12.038,8.26788","12.0482,8.26788","12.038,8.2437","12.0482,8.2437","12.038,8.23162","12.0482,8.21953","12.038,8.19535","12.0482,8.18327","12.038,8.17118","12.038,8.17118","12.038,8.15909","12.0278,8.147","11.9974,8.11074","11.9974,8.09865","11.9872,8.09865","11.977,8.09865","11.9872,8.08657","11.9669,8.07448","11.9567,8.06239","11.9567,8.0503","11.9567,8.03822","11.9567,8.03822","11.9567,8.02613","11.9567,8.01404","11.9567,7.98987","11.9567,7.98987","11.9669,7.97778","11.9567,7.97778","11.977,7.96569","11.977,7.94152","11.9872,7.91734","11.9872,7.90525","11.9974,7.89316","12.0075,7.89316","12.0075,7.89316","12.0075,7.86899","12.0177,7.84481","12.0278,7.83273","12.0177,7.82064","12.0278,7.82064","12.0278,7.80855","12.0278,7.79646","12.038,7.77229","12.0482,7.74811","12.038,7.73603","12.0482,7.73603","12.0482,7.72394","12.0482,7.71185","12.0482,7.67559","12.0583,7.65141","12.0685,7.62724","12.0685,7.62724","12.0685,7.61515","12.0786,7.59098","12.1091,7.5668","12.1193,7.54263","12.1396,7.53054","12.1396,7.53054","12.1497,7.51845","12.1599,7.50636","12.2005,7.49428","12.231,7.48219","12.2412,7.48219","12.2513,7.48219","12.2716,7.4701","12.292,7.4701","12.3428,7.45801","12.3732,7.44593","12.3935,7.43384","12.3935,7.43384","12.4139,7.43384","12.4443,7.43384","12.5053,7.42175","12.5358,7.42175","12.5561,7.42175","12.5561,7.42175","12.5764,7.42175","12.6069,7.40966","12.6577,7.42175","12.6881,7.42175","12.7288,7.42175","12.7288,7.42175","12.7593,7.42175","12.7694,7.42175",,,,,,,,,,,,,,,,,,,,,,,,,,,,,,,,,,,,,,,,,,,,,,,,,,,,,,,,,,,,,,,,,,,,,,,,,,,,,,,,,,,,,,,,,,,,,,,,
"7.01962,9.88761","7.02978,9.88761","7.03994,9.87552","7.0501,9.87552","7.0501,9.87552","7.06026,9.87552","7.08058,9.87552","7.12121,9.86343","7.14153,9.85135","7.16185,9.86343","7.16185,9.85135","7.19232,9.86343","7.23296,9.85135","7.30407,9.87552","7.35486,9.88761","7.39549,9.88761","7.40565,9.88761","7.44629,9.88761","7.49708,9.8997","7.59867,9.92387","7.65962,9.93596","7.72057,9.92387","7.73073,9.92387","7.78152,9.92387","7.84247,9.92387","7.96438,9.8997","8.03549,9.88761","8.09644,9.86343","8.1066,9.85135","8.15739,9.85135","8.2285,9.83926","8.36057,9.803","8.43168,9.803","8.50279,9.803","8.51295,9.803","8.58406,9.79091","8.65517,9.76673","8.79739,9.73047","8.87866,9.71838","8.94977,9.68212","8.94977,9.69421","9.01072,9.65795","9.09199,9.64586","9.23421,9.57333","9.29516,9.53707","9.36627,9.50081","9.36627,9.48872","9.43738,9.47663","9.50849,9.44037","9.65071,9.40411","9.73198,9.36785","9.80309,9.35576","9.80309,9.34367","9.86405,9.31949","9.925,9.28323","10.0469,9.21071","10.118,9.17444","10.1586,9.15027","10.1688,9.13818","10.2298,9.11401","10.2907,9.08983","10.4025,9.04148","10.4634,9.00522","10.5142,8.99313","10.5142,8.98104","10.565,8.95687","10.6158,8.93269","10.7174,8.86017","10.7682,8.81182","10.8088,8.77556","10.8088,8.76347","10.8494,8.73929","10.8799,8.69094","10.951,8.60633","10.9917,8.55798","11.0221,8.52172","11.0323,8.52172","11.0628,8.48545","11.0932,8.42502","11.144,8.3404","11.1644,8.27997","11.1847,8.2437","11.1847,8.23162","11.205,8.19535","11.2253,8.147","11.2761,8.08657","11.2964,8.06239","11.3269,8.03822","11.3269,8.03822","11.337,8.00195","11.3472,7.96569","11.3777,7.90525","11.398,7.86899","11.4285,7.8569","11.4285,7.84481","11.459,7.83273","11.4996,7.80855","11.5707,7.78438","11.6113,7.77229","11.6316,7.77229","11.6316,7.77229","11.6621,7.74811","11.6824,7.72394","11.7332,7.68768","11.7637,7.67559","11.8043,7.67559","11.8043,7.67559","11.8247,7.6635","11.8551,7.65141","11.9059,7.65141","11.9466,7.65141","11.977,7.65141","11.9872,7.65141","12.0075,7.65141","12.038,7.65141","12.0888,7.65141","12.1193,7.65141","12.1497,7.65141","12.1497,7.65141","12.1599,7.63933","12.1802,7.62724","12.2209,7.62724","12.2513,7.62724","12.2716,7.62724","12.2716,7.62724","12.3021,7.62724","12.3326,7.63933","12.3935,7.65141","12.4342,7.67559","12.4748,7.69976","12.4748,7.69976","12.5155,7.72394","12.5561,7.73603","12.6374,7.7602","12.6678,7.78438","12.7085,7.79646","12.7186,7.80855","12.7593,7.82064","12.7897,7.84481",,,,,,,,,,,,,,,,,,,,,,,,,,,,,,,,,,,,,,,,,,,,,,,,,,,,,,,,,,,,,,,,,,,,,,,,,,,,,,,,,,,,,,,,,,,,,,,,,,,,,,,,,,,,,,,,,,,,,,,,,,,,,,,,,,,,,,,,,,
"8.53326,3.81966","8.55358,3.81966","8.56374,3.83175","8.58406,3.83175","8.58406,3.83175","8.59421,3.83175","8.59421,3.83175","8.62469,3.84384","8.65517,3.85593","8.66533,3.85593","8.67548,3.85593","8.68564,3.86801","8.70596,3.8801","8.74659,3.90428","8.76691,3.91636","8.78723,3.92845","8.78723,3.92845","8.80755,3.94054","8.83802,3.95263","8.87866,3.96471","8.90913,3.9768","8.94977,3.98889","8.94977,3.98889","8.98024,3.98889","9.01072,4.00098","9.08183,4.00098","9.12246,4.01306","9.1631,4.01306","9.1631,4.01306","9.20373,4.02515","9.25453,4.02515","9.34595,4.04933","9.38659,4.0735","9.42722,4.08559","9.42722,4.08559","9.46786,4.10976","9.51865,4.13394","9.59992,4.1702","9.64056,4.19438","9.68119,4.21855","9.69135,4.21855","9.71167,4.24273","9.7523,4.2669","9.82341,4.30316","9.8742,4.31525","9.90468,4.31525","9.91484,4.31525","9.93516,4.32734","9.97579,4.35152","10.0571,4.3636","10.1079,4.37569","10.1485,4.38778","10.1485,4.38778","10.1891,4.39987","10.2196,4.39987","10.2907,4.41195","10.3415,4.42404","10.3618,4.42404","10.3618,4.42404","10.4126,4.43613","10.4431,4.44822","10.504,4.47239","10.5447,4.49657","10.5752,4.52074","10.5853,4.52074","10.6056,4.53283","10.6361,4.557","10.6971,4.59327","10.7275,4.61744","10.7478,4.64162","10.7478,4.6537","10.7783,4.67788","10.8088,4.70205","10.8494,4.7504","10.8698,4.77458","10.9002,4.79875","10.9104,4.79875","10.9205,4.82293","10.9612,4.8471","11.0018,4.89545","11.0221,4.90754","11.0424,4.93172","11.0424,4.93172","11.0628,4.9438","11.0831,4.96798","11.1237,5.00424","11.144,5.01633","11.1745,5.04051","11.1644,5.04051","11.1948,5.05259","11.2151,5.06468","11.2558,5.10094","11.2863,5.11303","11.3167,5.13721","11.3066,5.13721","11.3269,5.14929","11.3574,5.17347","11.3777,5.20973","11.398,5.23391","11.4183,5.24599","11.4183,5.24599","11.4285,5.27017","11.4488,5.28226","11.4691,5.31852","11.4793,5.34269","11.4793,5.35478","11.4793,5.36687","11.4894,5.37896","11.4996,5.40313","11.4996,5.42731","11.5097,5.43939","11.5301,5.46357","11.5301,5.46357","11.5402,5.47566","11.5402,5.48774","11.5605,5.51192","11.5707,5.52401","11.6012,5.52401","11.591,5.52401","11.6113,5.53609","11.6215,5.54818","11.6418,5.56027","11.6621,5.57236","11.6824,5.58444","11.6824,5.58444","11.6926,5.58444","11.7129,5.58444","11.7434,5.59653","11.7536,5.60862","11.7739,5.62071","11.7739,5.62071","11.784,5.63279","11.784,5.63279","11.8043,5.65697","11.8043,5.66906","11.8145,5.66906","11.8247,5.66906","11.8247,5.68114","11.8247,5.69323","11.8348,5.71741","11.845,5.72949","11.8348,5.74158","11.845,5.74158","11.8348,5.75367","11.845,5.76576","11.8247,5.80202","11.8247,5.81411","11.8145,5.8262","11.8247,5.8262","11.8043,5.83828","11.8043,5.85037","11.784,5.87455","11.784,5.88663","11.7739,5.89872","11.784,5.89872","11.7637,5.91081","11.7637,5.9229","11.7536,5.94707","11.7637,5.95916","11.7536,5.97125","11.7637,5.97125","11.7536,5.98333","11.7637,5.99542","11.7637,6.00751","11.7637,6.0196","11.7739,6.03168","11.784,6.03168","11.7739,6.04377","11.7942,6.04377","11.8145,6.06795","11.8145,6.06795","11.8247,6.08003","11.8247,6.08003","11.8247,6.09212","11.8247,6.09212","11.8348,6.1163","11.845,6.12838","11.8348,6.14047","11.845,6.14047","11.8348,6.14047","11.8348,6.15256","11.8247,6.16465","11.8145,6.17673","11.8145,6.17673","11.8145,6.17673","11.8145,6.18882","11.7942,6.20091","11.7739,6.20091","11.7637,6.213","11.7434,6.22508","11.7434,6.22508","11.7332,6.23717","11.7332,6.23717","11.7129,6.26135","11.7028,6.27343","11.6926,6.27343","11.6926,6.27343","11.6824,6.28552","11.6723,6.29761","11.6723,6.32178","11.6723,6.33387","11.6824,6.34596","11.6723,6.34596","11.6824,6.34596","11.6824,6.35805","11.6723,6.37013","11.7028,6.38222","11.7028,6.39431","11.7028,6.39431","11.7129,6.4064","11.7332,6.4064","11.7536,6.41848","11.7637,6.41848","11.7536,6.43057","11.7637,6.43057","11.7739,6.44266","11.7942,6.45475","11.8247,6.46684","11.8247,6.49101","11.8348,6.5031","11.845,6.5031","11.845,6.5031","11.845,6.51519","11.8653,6.55145","11.8653,6.55145","11.8653,6.56354","11.8653,6.56354","11.8755,6.58771","11.8856,6.58771","11.8755,6.61189","11.8856,6.63606","11.8856,6.66024","11.8856,6.66024","11.8856,6.66024","11.8958,6.68441","11.8856,6.70859","11.8958,6.73276","11.8958,6.75694","11.8958,6.75694","11.9161,6.78111","11.9161,6.78111","11.9364,6.80529","11.9466,6.81737","11.9466,6.82946","11.9466,6.82946","11.9567,6.82946","11.9669,6.85364","12.0075,6.85364","12.0278,6.86572","12.0482,6.85364","12.0482,6.85364","12.0583,6.86572","12.0786,6.85364","12.1497,6.86572","12.1701,6.85364","12.1802,6.85364","12.1904,6.85364","12.2107,6.85364","12.2412,6.84155","12.292,6.84155","12.3224,6.84155","12.3428,6.85364","12.3529,6.85364","12.3529,6.85364","12.4037,6.84155","12.4443,6.85364","12.4647,6.82946","12.485,6.84155","12.485,6.84155","12.5358,6.85364","12.5561,6.85364","12.6069,6.85364","12.6374,6.86572","12.6678,6.86572","12.678,6.86572","12.6983,6.86572","12.7186,6.86572"
