"8.3881,4.3367","8.3894,4.3438","8.4029,4.3324","8.3978,4.3423","8.4198,4.3428","8.4243,4.3437","8.4464,4.3426","8.4618,4.3512","8.4799,4.3491","8.4776,4.3411","8.5022,4.3633","8.5134,4.3596","8.5589,4.3838","8.578,4.4052","8.6069,4.421","8.6085,4.4192","8.6319,4.4347","8.6597,4.4526","8.6986,4.4816","8.7208,4.5081","8.743,4.5273","8.7441,4.5212","8.7669,4.5338","8.8013,4.5575","8.8304,4.5759","8.8612,4.588","8.887,4.5942","8.8887,4.5929","8.9155,4.6064","8.9337,4.6068","8.9816,4.6305","9.0183,4.6363","9.0261,4.6389","9.0415,4.6386","9.0533,4.6385","9.0906,4.6412","9.1359,4.6255","9.1559,4.6244","9.1871,4.6247","9.1862,4.6316","9.1963,4.6251","9.2448,4.6375","9.2894,4.6523","9.3138,4.658","9.3285,4.6361","9.3323,4.6489","9.3492,4.6539","9.3801,4.6719","9.4384,4.6856","9.4682,4.6965","9.4785,4.7065","9.4843,4.7039","9.5072,4.7084","9.5259,4.7263","9.5692,4.7571","9.6072,4.7709","9.6243,4.7764","9.6254,4.7755","9.6575,4.803","9.6725,4.8033","9.7074,4.816","9.7434,4.8216","9.7575,4.8369","9.7737,4.8309","9.7992,4.8349","9.8133,4.8368","9.8709,4.8542","9.9093,4.8584","9.9387,4.8714","9.9348,4.8732","9.9702,4.8727","9.9947,4.8794","10.0642,4.8915","10.0998,4.9164","10.1287,4.9161","10.1304,4.9055","10.1705,4.9264","10.2021,4.9367","10.2667,4.9595","10.2867,4.9832","10.3125,5.0012","10.325,4.9948","10.3481,5.0107","10.379,5.0346","10.4363,5.064","10.4672,5.0797","10.5018,5.1137","10.5076,5.1067","10.5343,5.1299","10.5584,5.1581","10.6009,5.2002","10.632,5.2384","10.6497,5.2632","10.6592,5.2717","10.6764,5.2888","10.7142,5.3231","10.7724,5.3641","10.7884,5.3858","10.8187,5.4016","10.8206,5.4058","10.8492,5.4323","10.8729,5.4484","10.9112,5.472","10.9448,5.5012","10.9731,5.5215","10.9677,5.5161","10.9877,5.5366","11.0207,5.5538","11.0388,5.581","11.056,5.6037","11.085,5.6345","11.0829,5.626","11.0954,5.6433","11.1089,5.6693","11.1172,5.7034","11.1335,5.7132","11.1415,5.7414","11.1422,5.749","11.1547,5.7658","11.1536,5.7797","11.1763,5.8276","11.1766,5.852","11.1891,5.8803","11.1895,5.8829","11.1999,5.8919","11.2009,5.914","11.2162,5.9598","11.2327,5.9821","11.2492,6.0027","11.2491,6.0043","11.26,6.0289","11.2745,6.0458","11.3087,6.0778","11.33,6.0997","11.3482,6.1146","11.3477,6.1106","11.3787,6.1361","11.3985,6.1348","11.4467,6.1789","11.4666,6.1802","11.4974,6.2064","11.4923,6.2057","11.5322,6.2288","11.5334,6.2301","11.5886,6.2915","11.6009,6.2901","11.6155,6.3222","11.6133,6.3203","11.6279,6.3335","11.6473,6.3521","11.6683,6.3837","11.6867,6.412","11.6891,6.4268","11.6967,6.4304","11.701,6.4457","11.7162,6.4696","11.7387,6.5022","11.7498,6.5262","11.7536,6.5363","11.7468,6.54","11.7673,6.5615","11.7809,6.5812","11.7885,6.6187","11.7907,6.6198","11.8235,6.6391","11.8137,6.6442","11.8303,6.6602","11.8485,6.6654","11.8872,6.6875","11.8887,6.6934","11.8971,6.711","11.8982,6.7008","11.9141,6.7089","11.9304,6.7133","11.9567,6.7255","11.9889,6.7353","12.0103,6.7382","12.0019,6.7467","12.0242,6.7436","12.0354,6.7408","12.0841,6.7342","12.1093,6.7516","12.1353,6.7382","12.1469,6.7238","12.1709,6.7318","12.1946,6.7314","12.2494,6.7203","12.2786,6.7199","12.292,6.7292","12.2987,6.7333","12.3273,6.7291","12.353,6.7245","12.4062,6.7303","12.4319,6.7272","12.4697,6.7196","12.473,6.729","12.4897,6.7133","12.5173,6.7078","12.5839,6.7097","12.6268,6.7041","12.661,6.7052","12.6619,6.7136","12.6881,6.7067","12.7294,6.7091","12.7716,6.71","12.8295,6.7129","12.855,6.7001","12.8532,6.6973","12.898,6.6994","12.9221,6.6879","12.9816,6.6687","13.0022,6.6525","13.0134,6.6441",,,,,,,,,,,,,,,,,,,,,,,,,,,,,,,,,,,,,,,,,,,,,,,,,,,,,,,,,,,,,,,,,,,,,,,,,
"7.7354,3.6282","7.733,3.6356","7.7483,3.6611","7.7329,3.658","7.7444,3.6708","7.7472,3.6882","7.7644,3.717","7.765,3.7323","7.7873,3.7419","7.7904,3.7369","7.7942,3.7597","7.8269,3.7717","7.8604,3.7728","7.8773,3.7874","7.9101,3.789","7.91,3.7916","7.939,3.7819","7.962,3.7793","8.0254,3.7814","8.0412,3.7842","8.0761,3.7936","8.0694,3.7913","8.0918,3.7988","8.1186,3.7995","8.1676,3.8137","8.2004,3.8279","8.2308,3.8271","8.2217,3.8308","8.2398,3.853","8.2699,3.8529","8.3436,3.9028","8.3568,3.933","8.3788,3.9449","8.3921,3.9436","8.416,3.9652","8.4538,4.0077","8.5026,4.0647","8.5283,4.0975","8.5691,4.1276","8.5742,4.1153","8.5957,4.1401","8.6229,4.1641","8.695,4.2219","8.7154,4.2452","8.7543,4.2713","8.7411,4.2609","8.7735,4.2991","8.8121,4.3117","8.8637,4.3569","8.8994,4.3768","8.924,4.3994","8.9247,4.4057","8.9586,4.4235","8.9735,4.4407","9.0119,4.4816","9.0425,4.5107","9.0481,4.5502","9.0482,4.5249","9.0725,4.5671","9.0911,4.5822","9.1377,4.6241","9.1504,4.6693","9.1669,4.6938","9.1668,4.7007","9.1855,4.7344","9.2125,4.7662","9.2424,4.821","9.272,4.8647","9.2869,4.8808","9.2949,4.8818","9.3168,4.9138","9.3328,4.9399","9.3871,4.9745","9.413,5.0015","9.4375,5.019","9.4459,5.0281","9.4749,5.0465","9.5088,5.0652","9.5969,5.1275","9.6371,5.1368","9.6828,5.1698","9.6726,5.1678","9.718,5.1955","9.7621,5.2139","9.8521,5.2825","9.8799,5.3066","9.9234,5.3293","9.9251,5.3359","9.9524,5.3566","10.004,5.3857","10.0428,5.4301","10.0857,5.4596","10.1066,5.4778","10.1232,5.4781","10.1358,5.4806","10.1929,5.5061","10.2408,5.5347","10.275,5.5416","10.3069,5.5528","10.2992,5.5559","10.3357,5.5644","10.3588,5.5517","10.4119,5.5639","10.4405,5.5763","10.4872,5.5956","10.4716,5.592","10.5149,5.614","10.5257,5.6179","10.5696,5.6407","10.6019,5.6675","10.622,5.687","10.6138,5.6875","10.6391,5.7003","10.6606,5.7171","10.6941,5.7419","10.7096,5.7556","10.7346,5.7603","10.7361,5.7613","10.7529,5.7755","10.7634,5.7838","10.7939,5.794","10.81,5.8044","10.8164,5.8022","10.8152,5.8161","10.8267,5.8076","10.8268,5.8086","10.8668,5.8023","10.8719,5.8184","10.87,5.8223","10.875,5.8284","10.8921,5.8287","10.8921,5.8282","10.9289,5.865","10.9415,5.8762","10.9574,5.8925","10.9592,5.8876","10.9744,5.9121","10.9905,5.9407","11.0288,5.9783","11.035,5.9931","11.0351,6.0131","11.053,6.0179","11.0603,6.0366","11.0751,6.066","11.1071,6.1247","11.1222,6.1471","11.1297,6.1695","11.14,6.1689","11.1467,6.1914","11.1636,6.2087","11.1898,6.242","11.2117,6.2614","11.2199,6.2728","11.2151,6.2851","11.2378,6.2901","11.2501,6.3023","11.2824,6.326","11.2979,6.336","11.311,6.3328","11.3113,6.3352","11.3327,6.3508","11.3479,6.3693","11.3644,6.4039","11.3879,6.4234","11.3987,6.4428","11.4025,6.4405","11.3993,6.459","11.4153,6.4744","11.4348,6.5153","11.4364,6.5116","11.4498,6.5357","11.4575,6.5285","11.468,6.5436","11.4684,6.5523","11.491,6.5696","11.5151,6.5785","11.5278,6.5792","11.5076,6.5874","11.5356,6.6044","11.552,6.5991","11.587,6.6165","11.604,6.6318","11.6171,6.6323","11.6198,6.637","11.6332,6.6504","11.6447,6.6619","11.6538,6.6798","11.6626,6.6831","11.6691,6.6937","11.6626,6.6996","11.6654,6.6971","11.6819,6.6994","11.685,6.7057","11.6947,6.7081","11.6941,6.7113","11.693,6.6948","11.6828,6.7145","11.7007,6.7161","11.7352,6.7411","11.7492,6.7378","11.7648,6.7619","11.7593,6.7568","11.7754,6.761","11.7913,6.7587","11.8026,6.7614","11.8466,6.7711","11.8686,6.7747","11.86,6.7719","11.8799,6.7784","11.9032,6.7781","11.9469,6.796","11.9585,6.795","11.97,6.7869","11.9703,6.7922","11.9842,6.7917","12.032,6.7984","12.0465,6.8192","12.0709,6.8212","12.0919,6.8322","12.0818,6.8274","12.0969,6.8248","12.0985,6.829","12.1552,6.8561","12.1817,6.8653","12.1918,6.8682","12.188,6.8744","12.2139,6.893","12.2276,6.877","12.2848,6.8911","12.3128,6.8967","12.3578,6.9018","12.3512,6.902","12.3904,6.8938","12.4086,6.8699","12.4468,6.8513","12.4951,6.8528","12.5228,6.8359","12.5246,6.8299","12.5647,6.8222","12.5849,6.7941","12.6637,6.7539","12.6856,6.7465","12.7074,6.7315","12.7135,6.729","12.7351,6.7097","12.7513,6.7197","12.8399,6.6873","12.8668,6.681","12.8823,6.6491","12.8979,6.6503","12.9111,6.6559","12.9418,6.6295","13.0082,6.613","13.0413,6.5866","13.0558,6.5845","13.0532,6.5858",,,,,,,,,,,,,,,,,,,,,,,,,,,,,,
"7.7647,4.3858","7.7862,4.3788","7.7975,4.3725","7.7964,4.3677","7.8136,4.36","7.8303,4.3509","7.8697,4.358","7.8908,4.3552","7.9177,4.355","7.9105,4.3581","7.9344,4.3611","7.9538,4.3657","8.0015,4.3969","8.0157,4.4079","8.0527,4.4291","8.05,4.4246","8.0767,4.4567","8.1009,4.4795","8.1672,4.5358","8.1959,4.5857","8.2329,4.6185","8.2198,4.6233","8.2582,4.6683","8.2932,4.7041","8.3456,4.7608","8.3985,4.7898","8.4354,4.8326","8.4285,4.8168","8.4697,4.849","8.5222,4.8681","8.5966,4.9297","8.6409,4.9533","8.6847,4.9586","8.6883,4.9698","8.7235,4.9839","8.7748,4.9976","8.8343,5.0423","8.8672,5.0586","8.9121,5.0986","8.9157,5.0889","8.9444,5.1135","8.9846,5.1452","9.0399,5.1939","9.0624,5.2033","9.0982,5.2355","9.1019,5.2379","9.1338,5.2549","9.159,5.2967","9.2205,5.3827","9.2709,5.417","9.291,5.4514","9.2928,5.444","9.3328,5.4894","9.3503,5.513","9.4001,5.578","9.4475,5.6209","9.4621,5.6538","9.4606,5.6612","9.5089,5.7032","9.5361,5.7329","9.6089,5.8044","9.6444,5.838","9.7032,5.8783","9.6935,5.8761","9.7543,5.9187","9.7821,5.9494","9.8903,6.0055","9.9424,6.031","9.993,6.0689","9.9892,6.0787","10.0469,6.1112","10.0843,6.1555","10.1993,6.2375","10.2474,6.292","10.298,6.3186","10.294,6.3272","10.3466,6.3533","10.4077,6.4011","10.5248,6.4805","10.5622,6.5081","10.6307,6.5465","10.637,6.5342","10.6933,6.562","10.7603,6.5788","10.8744,6.6129","10.9335,6.622","11.0046,6.6378","11.0058,6.6414","11.0622,6.6598","11.1111,6.6642","11.2052,6.7138","11.2587,6.7255","11.2988,6.7438","11.2917,6.7337","11.348,6.7433","11.3802,6.7604","11.431,6.7753","11.4927,6.7859","11.5149,6.796","11.5214,6.7988","11.5296,6.8094","11.5489,6.812","11.608,6.8276","11.6232,6.8371","11.6451,6.8429","11.649,6.8533","11.6669,6.8474","11.6887,6.8461","11.7458,6.8337","11.764,6.8393","11.7915,6.842","11.801,6.8476","11.8193,6.8431","11.8449,6.8453","11.9107,6.8593","11.9487,6.8669","11.9821,6.8882","11.988,6.8697","12.0108,6.8845","12.0468,6.9038","12.1284,6.9106","12.1647,6.9121","12.1915,6.9222","12.1919,6.9198","12.2298,6.9204","12.2579,6.9197","12.3052,6.9157","12.3535,6.9106","12.3919,6.9085","12.3869,6.9119","12.4303,6.9092","12.4694,6.9201","12.5527,6.9222","12.5931,6.9197","12.6278,6.9224","12.6347,6.9115","12.6705,6.9194","12.7134,6.9108","12.7846,6.9122","12.8299,6.9013","12.8875,6.8776","12.88,6.8789","12.9102,6.8655","12.9521,6.8448","13.0067,6.8004","13.0395,6.7769","13.0678,6.7539",,,,,,,,,,,,,,,,,,,,,,,,,,,,,,,,,,,,,,,,,,,,,,,,,,,,,,,,,,,,,,,,,,,,,,,,,,,,,,,,,,,,,,,,,,,,,,,,,,,,,,,,,,,,,,,,,,,,,,,,,,,,,,,,,,,,,,,,,,,
"7.0488,4.4614","7.0506,4.4875","7.0546,4.5214","7.0604,4.5141","7.0659,4.517","7.0676,4.544","7.1017,4.5695","7.1086,4.5759","7.1328,4.5807","7.13,4.579","7.1601,4.5956","7.1848,4.5875","7.2385,4.5873","7.2709,4.6046","7.3062,4.6022","7.3161,4.6026","7.345,4.5939","7.3836,4.5895","7.4445,4.5822","7.4948,4.583","7.5391,4.5911","7.5279,4.5937","7.5658,4.6001","7.6015,4.611","7.6586,4.6229","7.6897,4.6454","7.7296,4.6521","7.7345,4.6599","7.756,4.6914","7.7895,4.6906","7.8704,4.7546","7.9056,4.7964","7.9341,4.8399","7.9471,4.8386","7.9796,4.9007","8.0154,4.9306","8.0881,4.9987","8.1311,5.0435","8.1889,5.0675","8.1816,5.0586","8.2343,5.0781","8.2888,5.0882","8.3698,5.1104","8.4214,5.1133","8.4648,5.1094","8.4645,5.0995","8.5302,5.1043","8.5713,5.118","8.6522,5.1398","8.6837,5.1551","8.7246,5.1815","8.7179,5.1804","8.7547,5.1996","8.7832,5.211","8.8374,5.242","8.8805,5.2733","8.8981,5.3014","8.8983,5.2959","8.9399,5.3149","8.9662,5.3241","9.0444,5.3604","9.0879,5.3699","9.1257,5.3914","9.1254,5.3854","9.174,5.3921","9.1998,5.4116","9.2748,5.4191","9.3166,5.4308","9.3645,5.4451","9.3659,5.437","9.4114,5.4455","9.4453,5.4611","9.5148,5.4903","9.5389,5.5085","9.577,5.5355","9.5696,5.5353","9.6007,5.5523","9.6206,5.5776","9.6696,5.6199","9.6757,5.6252","9.7102,5.6479","9.7161,5.6382","9.7291,5.6627","9.7537,5.6793","9.8012,5.7073","9.8257,5.7286","9.8571,5.7366","9.868,5.7368","9.8887,5.7502","9.9203,5.7458","9.9672,5.7596","10.0108,5.7566","10.0515,5.7755","10.0554,5.7618","10.07,5.7786","10.1207,5.7966","10.1486,5.8115","10.1634,5.8369","10.1772,5.8389","10.1715,5.8369","10.1758,5.8642","10.184,5.8701","10.1883,5.8888","10.1963,5.9032","10.1913,5.9158","10.1861,5.9194","10.1979,5.9445","10.1943,5.9557","10.2205,5.9909","10.24,6.0052","10.2627,6.0286","10.2598,6.0348","10.2851,6.0534","10.2998,6.065","10.3599,6.0894","10.3932,6.0994","10.4244,6.1046","10.4224,6.1044","10.4546,6.11","10.4686,6.1325","10.5123,6.1484","10.5211,6.1758","10.5269,6.1738","10.5323,6.1808","10.5348,6.1907","10.5295,6.2051","10.548,6.2136","10.5475,6.2379","10.5386,6.2488","10.5412,6.2465","10.541,6.2607","10.537,6.2635","10.5245,6.3075","10.5319,6.3189","10.5415,6.3409","10.5357,6.3393","10.5536,6.3687","10.5499,6.369","10.5797,6.4018","10.5785,6.4039","10.6045,6.4066","10.5932,6.4091","10.6181,6.4171","10.6338,6.4217","10.6663,6.4555","10.6849,6.4666","10.6988,6.4988","10.7049,6.4939","10.7136,6.5185","10.73,6.5403","10.7549,6.6002","10.7758,6.6234","10.7783,6.6492","10.7915,6.6591","10.8036,6.6809","10.8193,6.7224","10.8488,6.7846","10.8617,6.8201","10.8762,6.8469","10.8768,6.8471","10.8903,6.8611","10.8956,6.8942","10.9402,6.9262","10.9331,6.9333","10.9592,6.9371","10.958,6.9334","10.9896,6.9351","11.0043,6.9488","11.047,6.9561","11.0529,6.966","11.0727,6.9836","11.0858,6.98","11.0946,7.0015","11.1085,7.0104","11.1546,7.0568","11.1673,7.0791","11.2018,7.1044","11.1877,7.1188","11.2173,7.1418","11.2438,7.1629","11.2829,7.2088","11.3142,7.2407","11.3394,7.2705","11.3365,7.2633","11.3596,7.2718","11.3827,7.2899","11.423,7.308","11.4284,7.3134","11.4501,7.3192","11.4456,7.3174","11.4594,7.3124","11.4753,7.3147","11.5073,7.3019","11.5207,7.2972","11.5388,7.2948","11.5294,7.2752","11.5429,7.2858","11.554,7.2868","11.5968,7.2887","11.613,7.2741","11.6398,7.2957","11.6421,7.3035","11.6708,7.296","11.6851,7.2993","11.7204,7.3099","11.7683,7.3322","11.7922,7.3463","11.7899,7.343","11.8267,7.3565","11.8558,7.359","11.9152,7.3912","11.9469,7.3956","11.9578,7.401","11.9673,7.4045","11.995,7.4128","12.0377,7.4159","12.0862,7.421","12.1117,7.4439","12.1357,7.4387","12.1297,7.4312","12.1475,7.4157","12.1485,7.4075","12.225,7.4215","12.248,7.4023","12.2594,7.399","12.2611,7.405","12.2993,7.4152","12.3268,7.3992","12.3878,7.3992","12.4121,7.404","12.4555,7.4067","12.4493,7.4182","12.4825,7.4113","12.533,7.3975","12.5731,7.3956","12.613,7.3982","12.6557,7.3934","12.6493,7.3885","12.6888,7.3858","12.7237,7.3604","12.8034,7.3458","12.8297,7.3241","12.869,7.3044","12.8648,7.3068","12.889,7.2839","12.8907,7.2809","12.9779,7.2635","12.9951,7.2698","13.0083,7.2427",,,,,,,,,,,,,,,,,,,,,,,,,,,,,,,,,,,,,
"6.4458,4.2006","6.4271,4.2255","6.4381,4.259","6.4249,4.2564","6.437,4.2802","6.4353,4.3171","6.441,4.3749","6.459,4.4143","6.4665,4.4308","6.4683,4.4199","6.4892,4.4622","6.5194,4.4891","6.5751,4.5429","6.5895,4.5457","6.6308,4.5647","6.6315,4.5798","6.6652,4.5863","6.7107,4.6041","6.779,4.6699","6.8255,4.7175","6.8654,4.7389","6.8558,4.7436","6.9101,4.7959","6.949,4.838","7.0074,4.9084","7.0584,4.9427","7.1244,4.9981","7.1112,4.985","7.1788,5.0029","7.2508,5.0389","7.3921,5.0759","7.4695,5.1064","7.5458,5.1073","7.5488,5.1181","7.6048,5.1374","7.6643,5.1579","7.7745,5.2037","7.8223,5.2311","7.8686,5.2662","7.8757,5.2579","7.932,5.2984","7.9865,5.3407","8.0837,5.4298","8.1363,5.4723","8.1977,5.4947","8.1882,5.4825","8.2466,5.5167","8.3029,5.5361","8.4403,5.5944","8.4947,5.631","8.5572,5.6723","8.5661,5.6583","8.6357,5.6907","8.6819,5.7108","8.7946,5.7694","8.8752,5.7901","8.9204,5.8151","8.9147,5.8161","8.9757,5.8319","8.9992,5.8616","9.0986,5.9258","9.1287,5.9746","9.1608,6.0023","9.1685,6.0113","9.2014,6.0451","9.2331,6.0749","9.3018,6.0992","9.3541,6.107","9.3896,6.1191","9.3887,6.1196","9.4302,6.1371","9.44,6.1451","9.5038,6.1613","9.5295,6.1828","9.5465,6.1749","9.5556,6.1848","9.5847,6.2038","9.6124,6.2023","9.6558,6.2066","9.6717,6.1862","9.7115,6.2051","9.7171,6.1913","9.7337,6.1945","9.7624,6.1898","9.8063,6.1944","9.8406,6.179","9.8622,6.1885","9.8639,6.1954","9.8953,6.2121","9.9194,6.1959","9.966,6.2305","10.0106,6.2426","10.03,6.2516","10.0408,6.269","10.0508,6.2649","10.092,6.2972","10.1383,6.3193","10.1621,6.3603","10.2063,6.3786","10.2,6.3635","10.2266,6.4021","10.2417,6.4153","10.2992,6.4286","10.3147,6.446","10.3467,6.4554","10.3508,6.4523","10.3785,6.4676","10.3869,6.4692","10.4246,6.4911","10.4424,6.4872","10.4667,6.4996","10.4633,6.507","10.4848,6.5183","10.5017,6.5132","10.5377,6.5342","10.5531,6.5198","10.5948,6.5181","10.5905,6.5189","10.6183,6.5107","10.6304,6.5331","10.6742,6.5359","10.6922,6.5474","10.713,6.5487","10.7252,6.5599","10.7437,6.5568","10.7473,6.5763","10.7983,6.5934","10.8238,6.608","10.8214,6.5994","10.8231,6.6003","10.8502,6.6211","10.8576,6.6209","10.8892,6.6653","10.8985,6.6796","10.9154,6.7065","10.9069,6.7046","10.9319,6.736","10.944,6.7411","10.9874,6.7681","10.9992,6.781","11.0419,6.7852","11.0221,6.7936","11.0584,6.8055","11.0728,6.8142","11.1128,6.8298","11.1347,6.8397","11.1416,6.8382","11.1599,6.8448","11.1658,6.8379","11.1988,6.8433","11.2416,6.8403","11.2613,6.848","11.2907,6.8378","11.2822,6.8578","11.3068,6.8414","11.3325,6.8477","11.3739,6.8575","11.3913,6.8687","11.4059,6.8652","11.4125,6.8643","11.4297,6.8776","11.4607,6.8869","11.4848,6.8792","11.5179,6.8999","11.5436,6.8979","11.5401,6.8957","11.5436,6.9123","11.5668,6.916","11.5996,6.9582","11.6006,6.9514","11.6162,6.9744","11.627,6.9618","11.639,6.979","11.6575,6.9695","11.6861,6.9892","11.6956,6.979","11.7012,6.9827","11.6801,6.9679","11.7058,6.9832","11.7073,6.9712","11.7305,6.966","11.7399,6.9707","11.7356,6.9596","11.7432,6.9724","11.76,6.9821","11.7704,6.9963","11.7929,6.992","11.8136,7.0079","11.826,7.0153","11.8177,7.0214","11.8566,7.0181","11.8679,7.0243","11.8956,7.0437","11.9131,7.0534","11.9575,7.0502","11.9495,7.0533","11.9591,7.0496","11.9757,7.0645","12.0263,7.0786","12.0396,7.0504","12.073,7.0659","12.0653,7.0666","12.1102,7.0555","12.1263,7.0428","12.1713,7.0141","12.207,7.0131","12.237,6.9958","12.2349,6.9925","12.2655,6.9995","12.2967,6.9709","12.3581,6.9661","12.3779,6.9574","12.3911,6.9481","12.4027,6.9523","12.4293,6.9483","12.4847,6.944","12.5311,6.933","12.5776,6.9531","12.6122,6.9564","12.6101,6.945","12.6388,6.9325","12.6368,6.9256","12.7334,6.9511","12.7435,6.9651","12.7755,6.9508","12.7777,6.9584","12.8143,6.9689","12.8221,6.9467","12.9029,6.9504","12.9141,6.9556","12.9706,6.9551","12.9464,6.9627","12.9892,6.9538","13.0459,6.9291","13.084,6.9195",,,,,,,,,,,,,,,,,,,,,,,,,,,,,,,,,,,,,,,,,,,,,,,,,,,
"8.1267,4.9146","8.1471,4.9236","8.1829,4.9292","8.1848,4.9316","8.2279,4.9315","8.2625,4.9435","8.3713,4.9654","8.426,4.9774","8.4977,4.9853","8.4951,4.9831","8.5856,4.9953","8.6863,5.006","8.8596,5.0084","8.9748,5.0127","9.0596,5.0188","9.0655,5.0219","9.1546,5.0255","9.2306,5.0355","9.3866,5.0953","9.4851,5.1512","9.5739,5.1884","9.5792,5.1774","9.6799,5.2167","9.763,5.2523","9.9148,5.2858","10.0121,5.325","10.1292,5.3554","10.124,5.3461","10.2097,5.384","10.3136,5.396","10.4706,5.4608","10.6159,5.4873","10.7138,5.5262","10.716,5.5435","10.799,5.5792","10.8935,5.6181","11.0399,5.7065","11.1394,5.7849","11.2065,5.8482","11.2081,5.8565","11.2693,5.906","11.3362,5.9615","11.4617,6.0444","11.5355,6.0768","11.5822,6.0987","11.5979,6.119","11.6525,6.1405","11.7039,6.165","11.8166,6.2235","11.8482,6.2429","11.8903,6.267","11.8944,6.2583","11.928,6.2835","11.9701,6.2973","12.028,6.3257","12.0684,6.3552","12.0944,6.3804","12.0961,6.3748","12.1386,6.4079","12.149,6.4398","12.2247,6.4749","12.2689,6.4853","12.31,6.5066","12.3096,6.5009","12.3674,6.5135","12.4209,6.5139","12.5182,6.5347","12.5671,6.5371","12.6112,6.5343","12.6189,6.544","12.6685,6.5528","12.7121,6.541","12.849,6.5438","12.9233,6.5264","13.0085,6.4854","13.0158,6.4934","13.0823,6.4435","13.1588,6.4103","13.3091,6.3488","13.3743,6.3023",,,,,,,,,,,,,,,,,,,,,,,,,,,,,,,,,,,,,,,,,,,,,,,,,,,,,,,,,,,,,,,,,,,,,,,,,,,,,,,,,,,,,,,,,,,,,,,,,,,,,,,,,,,,,,,,,,,,,,,,,,,,,,,,,,,,,,,,,,,,,,,,,,,,,,,,,,,,,,,,,,,,,,,,,,,,,,,,,,,,,,,,,,,,,,,,,,,,,,,,,,,,,,
"7.394,5.2153","7.4036,5.2102","7.429,5.2223","7.4245,5.2198","7.4494,5.2233","7.4629,5.2154","7.5202,5.2068","7.5457,5.1998","7.5799,5.1954","7.5804,5.2121","7.6191,5.1999","7.6527,5.1866","7.7377,5.1582","7.7819,5.1429","7.8345,5.1186","7.8313,5.119","7.872,5.0874","7.9335,5.0817","8.037,5.0667","8.0936,5.0845","8.1449,5.0977","8.1466,5.1103","8.2001,5.1222","8.2727,5.166","8.3647,5.1791","8.4218,5.201","8.4819,5.2183","8.4828,5.2253","8.5356,5.247","8.5806,5.2365","8.6843,5.2697","8.7317,5.2809","8.799,5.3084","8.7992,5.3016","8.8549,5.3205","8.898,5.3241","8.9961,5.3465","9.0414,5.357","9.0929,5.3783","9.0856,5.3664","9.1354,5.3817","9.1882,5.416","9.3005,5.4608","9.358,5.4827","9.4192,5.5014","9.4197,5.5137","9.4811,5.5154","9.5527,5.545","9.6537,5.5498","9.748,5.564","9.8224,5.5897","9.8206,5.5843","9.8836,5.5955","9.9452,5.6185","10.0724,5.6385","10.1253,5.67","10.1588,5.6837","10.1582,5.6827","10.2394,5.6978","10.2812,5.7348","10.3911,5.7813","10.4413,5.7836","10.5043,5.8152","10.5,5.814","10.5564,5.8302","10.6095,5.8326","10.7268,5.85","10.7915,5.8474","10.8287,5.8679","10.8439,5.8707","10.8926,5.8805","10.9359,5.8843","11.0377,5.9314","11.0764,5.9435","11.1014,5.9752","11.117,5.9753","11.1515,6.0","11.1854,6.0365","11.2546,6.0706","11.2746,6.0787","11.3168,6.1107","11.3139,6.1035","11.3402,6.1224","11.3758,6.1373","11.466,6.179","11.4967,6.198","11.5602,6.211","11.5545,6.2086","11.5885,6.2357","11.633,6.2396","11.6921,6.2798","11.7501,6.2982","11.7802,6.3287","11.7751,6.326","11.8119,6.3455","11.8474,6.3643","11.9046,6.3965","11.9224,6.3962","11.9712,6.4093","11.9731,6.4148","11.9942,6.4239","12.0157,6.4268","12.0817,6.4441","12.0987,6.4548","12.1184,6.4661","12.1228,6.4776","12.1365,6.4787","12.1576,6.4832","12.1704,6.5024","12.1908,6.5086","12.2295,6.5156","12.2245,6.5103","12.2431,6.5123","12.2608,6.5074","12.3063,6.4985","12.3352,6.5018","12.3495,6.4808","12.3607,6.4909","12.3823,6.4782","12.4136,6.4594","12.4801,6.4248","12.5078,6.4112","12.5311,6.3973","12.5188,6.3985","12.5533,6.3857","12.5845,6.3691","12.6544,6.3531","12.6859,6.3387","12.7146,6.3341","12.718,6.3306","12.7462,6.3392","12.7675,6.3274","12.8391,6.3265","12.8742,6.3344","12.9216,6.3445","12.9207,6.3305","12.9668,6.3314","13.0146,6.3463","13.0995,6.3411","13.1436,6.3325","13.1914,6.2861",,,,,,,,,,,,,,,,,,,,,,,,,,,,,,,,,,,,,,,,,,,,,,,,,,,,,,,,,,,,,,,,,,,,,,,,,,,,,,,,,,,,,,,,,,,,,,,,,,,,,,,,,,,,,,,,,,,,,,,,,,,,,,,,,,,,,,,,,,,,,,,,,
"8.0167,5.2535","8.0697,5.2595","8.111,5.2711","8.1237,5.2754","8.1819,5.2718","8.2456,5.2856","8.3722,5.2788","8.4755,5.2901","8.5376,5.2868","8.5455,5.2856","8.6299,5.2946","8.7089,5.2946","8.8616,5.3225","8.933,5.3664","9.0077,5.394","9.0149,5.4039","9.0866,5.4254","9.1573,5.4432","9.3025,5.5026","9.3865,5.509","9.4706,5.5084","9.4572,5.4988","9.5326,5.5158","9.6344,5.5328","9.7683,5.5537","9.8593,5.5792","9.9363,5.6064","9.9509,5.6009","10.0382,5.631","10.1061,5.6644","10.1931,5.7721","10.332,5.8233","10.4142,5.8891","10.4113,5.8781","10.4873,5.9176","10.5639,5.9536","10.7136,6.0468","10.7824,6.0695","10.8404,6.1225","10.8426,6.1129","10.8989,6.1494","10.9625,6.2078","11.0684,6.2968","11.1262,6.3382","11.1743,6.363","11.1817,6.3722","11.2383,6.4158","11.2795,6.4462","11.3841,6.5022","11.4328,6.5401","11.485,6.5698","11.4829,6.5664","11.525,6.5999","11.5796,6.6314","11.6622,6.7027","11.7232,6.7331","11.7571,6.7516","11.7506,6.7533","11.815,6.7888","11.8529,6.8076","11.9356,6.8524","11.9688,6.868","12.0151,6.8878","12.0218,6.8976","12.0572,6.9089","12.0991,6.9136","12.1793,6.95","12.2206,6.9556","12.2546,6.9609","12.2492,6.9673","12.2909,6.9903","12.3302,6.9929","12.4241,6.9921","12.4638,6.9709","12.521,6.9556","12.5242,6.9525","12.5728,6.9476","12.6319,6.9378","12.7301,6.9064","12.7802,6.885","12.8267,6.8551","12.8257,6.8549","12.8861,6.8176","12.9524,6.7768","13.0348,6.69","13.0754,6.6663","13.13,6.6214","13.1416,6.6202",,,,,,,,,,,,,,,,,,,,,,,,,,,,,,,,,,,,,,,,,,,,,,,,,,,,,,,,,,,,,,,,,,,,,,,,,,,,,,,,,,,,,,,,,,,,,,,,,,,,,,,,,,,,,,,,,,,,,,,,,,,,,,,,,,,,,,,,,,,,,,,,,,,,,,,,,,,,,,,,,,,,,,,,,,,,,,,,,,,,,,,,,,,,,,,,,,,,,,
"7.9797,5.5973","8.0339,5.5884","8.0811,5.5873","8.0824,5.5881","8.1469,5.5984","8.2071,5.6311","8.3311,5.6961","8.4022,5.754","8.4789,5.7703","8.4785,5.758","8.5716,5.7846","8.6566,5.8104","8.8328,5.8245","8.9589,5.8246","9.0418,5.8397","9.0487,5.8416","9.144,5.8536","9.2553,5.8601","9.425,5.8911","9.528,5.9215","9.6465,5.968","9.6342,5.953","9.7221,6.0081","9.8298,6.0677","10.0026,6.1376","10.097,6.195","10.1824,6.2327","10.1939,6.2352","10.3014,6.2723","10.3929,6.2951","10.5634,6.331","10.6778,6.364","10.7726,6.3839","10.7698,6.3953","10.8414,6.4313","10.9285,6.4616","11.062,6.4747","11.1559,6.5022","11.2278,6.5402","11.2305,6.5286","11.3198,6.5714","11.3882,6.601","11.536,6.646","11.6015,6.6597","11.6665,6.6775","11.6598,6.6687","11.7469,6.6809","11.8109,6.6805","11.9544,6.6886","12.0312,6.6853","12.0882,6.6837","12.0858,6.6798","12.1641,6.6824","12.2325,6.6733","12.3755,6.6664","12.4502,6.655","12.4959,6.6509","12.504,6.6458","12.5742,6.6592","12.6273,6.619","12.7434,6.5604","12.8062,6.524","12.8459,6.4877","12.8551,6.4887",,,,,,,,,,,,,,,,,,,,,,,,,,,,,,,,,,,,,,,,,,,,,,,,,,,,,,,,,,,,,,,,,,,,,,,,,,,,,,,,,,,,,,,,,,,,,,,,,,,,,,,,,,,,,,,,,,,,,,,,,,,,,,,,,,,,,,,,,,,,,,,,,,,,,,,,,,,,,,,,,,,,,,,,,,,,,,,,,,,,,,,,,,,,,,,,,,,,,,,,,,,,,,,,,,,,,,,,,,,,,,
"7.3372,5.823","7.3485,5.8164","7.3598,5.8179","7.3601,5.8176","7.3734,5.795","7.3942,5.7847","7.4283,5.7548","7.4623,5.7399","7.4903,5.7101","7.4804,5.709","7.533,5.6918","7.58,5.6637","7.6883,5.6445","7.7486,5.6557","7.8315,5.6707","7.8348,5.6629","7.8944,5.6601","7.9589,5.6707","8.0823,5.7058","8.1629,5.6986","8.2195,5.7073","8.2319,5.697","8.2857,5.7049","8.356,5.7198","8.4714,5.6948","8.552,5.692","8.6165,5.6783","8.6227,5.6778","8.6766,5.6665","8.7357,5.6609","8.8755,5.6465","8.9486,5.6593","9.0129,5.6668","9.0164,5.6763","9.0738,5.7085","9.1536,5.7362","9.2791,5.7739","9.3468,5.7856","9.4052,5.8034","9.4134,5.807","9.4623,5.8303","9.527,5.8526","9.6941,5.8855","9.7551,5.877","9.8283,5.877","9.822,5.8688","9.9049,5.8586","9.9746,5.855","10.1079,5.8626","10.186,5.888","10.2358,5.9269","10.2423,5.9189","10.2964,5.961","10.3641,5.9856","10.4913,6.0236","10.5643,6.0678","10.6265,6.0671","10.6268,6.0627","10.7002,6.0871","10.7549,6.082","10.8568,6.1146","10.9198,6.1167","10.9631,6.1376","10.9716,6.1386","11.0132,6.1497","11.0555,6.1924","11.1409,6.2839","11.1966,6.3193","11.2245,6.3511","11.2208,6.3529","11.2706,6.388","11.2923,6.417","11.3751,6.4571","11.4387,6.4687","11.4774,6.4874","11.4809,6.484","11.5254,6.4907","11.5759,6.4991","11.6692,6.518","11.7121,6.5246","11.7614,6.5532","11.7537,6.5507","11.7934,6.5776","11.8339,6.6109","11.9311,6.6525","11.9601,6.6586","12.0137,6.6761","12.0148,6.6719","12.0694,6.6765","12.115,6.6689","12.1881,6.6315","12.2497,6.6144","12.2737,6.5988","12.269,6.5866","12.3183,6.5696","12.3483,6.5641","12.4266,6.5388","12.4727,6.5162","12.5056,6.4981","12.502,6.4972","12.5289,6.4793","12.5665,6.4606","12.6301,6.4095","12.679,6.3972","12.7247,6.377","12.7049,6.3712","12.748,6.3648","12.7838,6.3462","12.8472,6.27","12.8831,6.2303","12.9162,6.2069","12.9063,6.2188","12.9497,6.1727","12.9772,6.1384","13.0268,6.0892","13.0644,6.0427",,,,,,,,,,,,,,,,,,,,,,,,,,,,,,,,,,,,,,,,,,,,,,,,,,,,,,,,,,,,,,,,,,,,,,,,,,,,,,,,,,,,,,,,,,,,,,,,,,,,,,,,,,,,,,,,,,,,,,,,,,,,,,,,,,,,,,,,,,,,,,,,,,,,,,,,,,,,,,,,,,,,,,,,,,
"7.8856,6.1491","7.914,6.1565","7.9452,6.1519","7.946,6.1476","7.9843,6.1379","8.0182,6.1253","8.097,6.122","8.1585,6.1173","8.1936,6.1071","8.1872,6.0956","8.2458,6.0898","8.2865,6.0689","8.4122,6.0409","8.471,6.0044","8.5177,5.9959","8.5231,5.9976","8.5746,5.9863","8.6432,5.9714","8.7686,5.937","8.8491,5.9447","8.9254,5.9233","8.9189,5.9211","8.9953,5.8963","9.0602,5.8897","9.1889,5.8549","9.2684,5.8427","9.3344,5.8316","9.3457,5.837","9.4084,5.8293","9.4781,5.8433","9.607,5.8835","9.6874,5.8881","9.7613,5.8984","9.7691,5.9012","9.8326,5.9096","9.8973,5.9198","10.0606,5.9428","10.1224,5.9623","10.185,5.9655","10.2081,5.984","10.2581,6.0025","10.3308,6.0264","10.4687,6.0846","10.5376,6.1034","10.5957,6.1185","10.5925,6.1289","10.6571,6.1465","10.7327,6.1664","10.8579,6.1968","10.9365,6.2183","10.9942,6.2501","11.0099,6.2504","11.0634,6.2756","11.1221,6.3117","11.2166,6.3609","11.2958,6.3806","11.3342,6.4019","11.3217,6.4053","11.3928,6.4109","11.4338,6.4239","11.525,6.4548","11.5744,6.4697","11.6317,6.4758","11.6243,6.4837","11.6812,6.4985","11.7153,6.5283","11.8104,6.5575","11.853,6.5694","11.8804,6.582","11.8823,6.5777","11.9298,6.5878","11.9522,6.613","12.059,6.6328","12.1025,6.6433","12.1436,6.642","12.1582,6.6488","12.2094,6.6514","12.2641,6.662","12.3743,6.6539","12.4067,6.6506","12.4539,6.6519","12.4618,6.6438","12.4904,6.6339","12.5231,6.6275","12.6183,6.5986","12.6497,6.5857","12.7232,6.5574","12.7081,6.5644","12.752,6.5367","12.8015,6.5192","12.8789,6.4703","12.917,6.4512","12.9638,6.4225","12.9659,6.4359","12.9925,6.395","13.0412,6.3609","13.0949,6.2854","13.1365,6.2504","13.1576,6.2085","13.1564,6.1972",,,,,,,,,,,,,,,,,,,,,,,,,,,,,,,,,,,,,,,,,,,,,,,,,,,,,,,,,,,,,,,,,,,,,,,,,,,,,,,,,,,,,,,,,,,,,,,,,,,,,,,,,,,,,,,,,,,,,,,,,,,,,,,,,,,,,,,,,,,,,,,,,,,,,,,,,,,,,,,,,,,,,,,,,,,,,,,,,,,,,,,,,,
"7.9509,6.5466","7.9842,6.5327","8.0253,6.515","8.0259,6.5111","8.0817,6.5076","8.133,6.4842","8.2545,6.4494","8.329,6.4223","8.3893,6.394","8.3814,6.3975","8.4534,6.3739","8.5382,6.3536","8.659,6.3222","8.7319,6.303","8.8064,6.3094","8.7975,6.3111","8.8768,6.299","8.9517,6.3166","9.0791,6.3157","9.1394,6.3176","9.1973,6.3156","9.1979,6.3223","9.2576,6.3267","9.3305,6.3198","9.4462,6.3203","9.527,6.3239","9.592,6.3214","9.5951,6.3329","9.6716,6.3445","9.7497,6.3436","9.8873,6.3787","9.9962,6.3921","10.0721,6.421","10.0653,6.422","10.1442,6.426","10.2164,6.4351","10.3402,6.4528","10.4344,6.472","10.5145,6.4844","10.5165,6.4906","10.5788,6.5024","10.6494,6.5096","10.7859,6.5553","10.8582,6.5865","10.9117,6.6173","10.9218,6.6246","10.9779,6.6473","11.0359,6.6755","11.1264,6.7212","11.1881,6.7406","11.2302,6.7745","11.2357,6.7708","11.2856,6.796","11.3096,6.8103","11.3896,6.8533","11.4449,6.8921","11.4736,6.9064","11.4645,6.9134","11.5184,6.9446","11.5397,6.9428","11.6072,6.9481","11.6411,6.9486","11.6791,6.9606","11.6694,6.9657","11.7059,6.9651","11.7208,6.9575","11.7911,6.9721","11.8429,6.9605","11.8749,6.9727","11.884,6.9772","11.922,6.9767","11.958,6.9759","12.0374,6.9758","12.0852,6.9701","12.122,6.9674","12.1263,6.9633","12.1756,6.9488","12.193,6.9643","12.2907,6.9546","12.3289,6.9493","12.3983,6.9411","12.3951,6.9429","12.4536,6.9308","12.512,6.912","12.5976,6.8881","12.6117,6.8781","12.6832,6.8638","12.6761,6.8697","12.721,6.8465","12.7691,6.8414","12.8787,6.8325","12.9277,6.8153","12.9742,6.811","12.975,6.8048","13.0386,6.8046","13.0876,6.7958","13.1961,6.7745","13.2582,6.7274","13.3127,6.6814",,,,,,,,,,,,,,,,,,,,,,,,,,,,,,,,,,,,,,,,,,,,,,,,,,,,,,,,,,,,,,,,,,,,,,,,,,,,,,,,,,,,,,,,,,,,,,,,,,,,,,,,,,,,,,,,,,,,,,,,,,,,,,,,,,,,,,,,,,,,,,,,,,,,,,,,,,,,,,,,,,,,,,,,,,,,,,,,,,,,,,,,,,,
"7.5213,7.0098","7.5323,7.0093","7.5502,7.0177","7.5522,7.0111","7.5702,7.0237","7.5829,7.0288","7.6314,7.0413","7.6585,7.0428","7.6809,7.0446","7.6732,7.0479","7.7072,7.0427","7.7249,7.0254","7.8134,7.0055","7.854,6.9867","7.9094,6.967","7.8977,6.9751","7.9408,6.9439","7.9809,6.9155","8.0955,6.8427","8.1539,6.8097","8.2078,6.7422","8.2108,6.7588","8.2474,6.7156","8.3087,6.6753","8.4182,6.6212","8.4861,6.6122","8.5535,6.5898","8.5371,6.5827","8.6185,6.572","8.6749,6.5517","8.8041,6.5234","8.8873,6.486","8.9631,6.4748","8.9682,6.473","9.0258,6.4474","9.0993,6.4214","9.2191,6.3544","9.3022,6.327","9.3702,6.3096","9.3731,6.2921","9.4319,6.298","9.4993,6.2888","9.6257,6.2849","9.6943,6.2964","9.7515,6.3094","9.763,6.3074","9.8135,6.3202","9.8668,6.3302","9.9667,6.344","10.037,6.368","10.0886,6.4012","10.0905,6.3935","10.1447,6.4217","10.1858,6.4434","10.3181,6.5001","10.3838,6.5095","10.4255,6.5193","10.424,6.5273","10.4807,6.5491","10.5269,6.5692","10.6348,6.6297","10.6765,6.6601","10.7306,6.6825","10.7202,6.6802","10.7752,6.7138","10.8154,6.7421","10.922,6.7772","10.9785,6.7894","11.0326,6.8178","11.0343,6.821","11.0854,6.8331","11.116,6.8434","11.2113,6.8974","11.2543,6.9121","11.2845,6.9538","11.2887,6.9497","11.3315,6.9796","11.3487,6.9949","11.4212,7.017","11.4574,7.0244","11.4858,7.0341","11.4871,7.0277","11.5296,7.029","11.55,7.0224","11.596,6.9917","11.6043,6.971","11.6452,6.9557","11.651,6.9637","11.6471,6.9572","11.6899,6.9396","11.7311,6.9127","11.7608,6.8971","11.7798,6.8911","11.7661,6.8869","11.7935,6.8762","11.8227,6.8719","11.8412,6.8542","11.8555,6.8555","11.9044,6.8453","11.9083,6.853","11.9099,6.862","11.9379,6.8495","11.9927,6.8533","12.0166,6.8623","12.0551,6.8651","12.0487,6.8662","12.0715,6.8685","12.1113,6.8623","12.1841,6.8501","12.2035,6.8477","12.2643,6.8361","12.2746,6.8422","12.2985,6.8287","12.3325,6.8231","12.4227,6.8281","12.4525,6.8238","12.5311,6.8291","12.5172,6.8208","12.5518,6.818","12.6181,6.8193","12.7144,6.8412","12.7619,6.8544","12.825,6.8657","12.8306,6.8773","12.8944,6.8893","12.9373,6.9132","13.0052,6.9384","13.0636,6.9593","13.1007,6.9638","13.0956,6.9674",,,,,,,,,,,,,,,,,,,,,,,,,,,,,,,,,,,,,,,,,,,,,,,,,,,,,,,,,,,,,,,,,,,,,,,,,,,,,,,,,,,,,,,,,,,,,,,,,,,,,,,,,,,,,,,,,,,,,,,,,,,,,,,,,,,,,,,,,,,,,,,,,,,,,,,,,,,,
"6.8329,7.0837","6.8515,7.094","6.8705,7.0957","6.8678,7.102","6.8921,7.1066","6.9168,7.1276","6.9662,7.1739","6.9871,7.2163","7.0165,7.2488","7.0115,7.2502","7.0421,7.3037","7.0698,7.3436","7.1408,7.4569","7.2171,7.5102","7.2658,7.5676","7.27,7.5783","7.3186,7.6196","7.3804,7.6541","7.5092,7.7083","7.5859,7.7436","7.6436,7.758","7.6383,7.7585","7.6886,7.8112","7.7488,7.8355","7.8439,7.9521","7.9253,7.9916","7.9752,8.0444","7.9789,8.0469","8.0431,8.0961","8.1029,8.1318","8.2266,8.2143","8.3277,8.2434","8.4162,8.2598","8.4036,8.2744","8.4957,8.2908","8.5588,8.316","8.7235,8.3154","8.823,8.3518","8.9238,8.3835","8.9262,8.3733","9.0132,8.4045","9.1115,8.4432","9.2776,8.4596","9.4066,8.466","9.5116,8.4863","9.5057,8.4786","9.6021,8.4584","9.6803,8.4643","9.8433,8.4397","9.9127,8.426","9.9741,8.4054","9.9802,8.3979","10.0295,8.3839","10.0904,8.3546","10.221,8.3317","10.3077,8.325","10.3739,8.3027","10.3811,8.2983","10.4604,8.2982","10.5097,8.2579","10.6256,8.1593","10.7003,8.1125","10.7462,8.0486","10.7542,8.0446","10.8124,7.9894","10.8701,7.9465","11.001,7.8511","11.0834,7.8079","11.1505,7.7963","11.1481,7.8035","11.222,7.7688","11.2751,7.7622","11.3751,7.7138","11.4182,7.6907","11.4644,7.6582","11.4639,7.6654","11.4992,7.6365","11.5443,7.6333","11.6269,7.6003","11.6647,7.5913","11.7161,7.5736","11.7123,7.5803","11.7536,7.5656","11.7884,7.5554","11.8612,7.5387","11.8809,7.5169","11.9148,7.5056","11.9175,7.5094","11.934,7.495","11.9744,7.4933","12.0336,7.474","12.061,7.4703","12.0942,7.4777","12.0981,7.4702","12.1145,7.4714","12.1808,7.4754","12.2136,7.4782","12.2696,7.4722","12.3033,7.4649","12.2937,7.4696","12.3165,7.4577","12.3447,7.454","12.4188,7.4387","12.4575,7.44","12.5122,7.4377","12.513,7.43","12.5365,7.4334","12.5828,7.438","12.6613,7.4511","12.7019,7.4681","12.7603,7.5121","12.7691,7.5309","12.8121,7.5621","12.8491,7.6105","12.9534,7.7128","13.0107,7.7648","13.0611,7.8099","13.0643,7.8177","13.1006,7.8589","13.1366,7.9114","13.21,7.975","13.2443,8.0159","13.3043,8.0679","13.3019,8.0575","13.3389,8.0947",,,,,,,,,,,,,,,,,,,,,,,,,,,,,,,,,,,,,,,,,,,,,,,,,,,,,,,,,,,,,,,,,,,,,,,,,,,,,,,,,,,,,,,,,,,,,,,,,,,,,,,,,,,,,,,,,,,,,,,,,,,,,,,,,,,,,,,,,,,,,,,,,,,,,,,,,,,,,,,,,
"7.821,7.4872","7.8343,7.4972","7.8569,7.4785","7.8621,7.4964","7.876,7.4762","7.9149,7.4854","7.9844,7.4762","8.0307,7.4933","8.0781,7.514","8.0756,7.5085","8.1088,7.5427","8.1741,7.5614","8.2725,7.6173","8.3278,7.6438","8.3998,7.6593","8.3967,7.6581","8.4646,7.6762","8.5219,7.6876","8.6871,7.7025","8.7452,7.7076","8.8404,7.7312","8.8393,7.7441","8.9041,7.7485","8.9689,7.7576","9.1108,7.7538","9.1884,7.795","9.2638,7.8049","9.2612,7.793","9.3352,7.8117","9.4146,7.8115","9.5406,7.798","9.61,7.7865","9.6733,7.7691","9.672,7.7654","9.7406,7.7465","9.808,7.7286","9.9715,7.6951","10.025,7.6771","10.1012,7.6465","10.0985,7.6606","10.176,7.638","10.2591,7.6186","10.444,7.622","10.5367,7.6015","10.6235,7.5858","10.6156,7.5731","10.6877,7.5405","10.7817,7.5314","10.9318,7.4879","10.9932,7.4594","11.0589,7.4372","11.0484,7.4328","11.119,7.4097","11.1714,7.3919","11.2826,7.3651","11.3415,7.3658","11.3898,7.3626","11.3916,7.3646","11.4592,7.375","11.4815,7.3582","11.5723,7.3623","11.6024,7.3518","11.6372,7.3575","11.6399,7.3447","11.6759,7.3466","11.7142,7.3434","11.7642,7.3349","11.8142,7.3302","11.848,7.3213","11.8402,7.3283","11.8723,7.3264","11.9158,7.3188","11.9723,7.3231","12.002,7.3121","12.018,7.2924","12.0215,7.3041","12.0571,7.2951","12.0881,7.2925","12.1644,7.2758","12.2018,7.2765","12.2218,7.2696","12.2284,7.276","12.2461,7.2566","12.265,7.2445","12.334,7.2345","12.3424,7.2116","12.3996,7.2158","12.392,7.2124","12.4222,7.1897","12.4567,7.1647","12.5366,7.1437","12.5884,7.1346","12.6114,7.1397","12.6207,7.14","12.6572,7.1295","12.7221,7.159","12.7889,7.1648","12.8379,7.1754","12.8653,7.1665","12.8684,7.1814","12.9067,7.1728","12.9345,7.1657","13.0123,7.1599","13.074,7.1557","13.1384,7.164","13.1569,7.1742","13.2215,7.1648","13.3112,7.164","13.4759,7.1399","13.5565,7.0951","13.6367,7.083",,,,,,,,,,,,,,,,,,,,,,,,,,,,,,,,,,,,,,,,,,,,,,,,,,,,,,,,,,,,,,,,,,,,,,,,,,,,,,,,,,,,,,,,,,,,,,,,,,,,,,,,,,,,,,,,,,,,,,,,,,,,,,,,,,,,,,,,,,,,,,,,,,,,,,,,,,,,,,,,,,,,,,,,,,,,,,,
"8.0399,8.0476","8.0979,8.0566","8.1436,8.06","8.1532,8.0577","8.2042,8.07","8.2751,8.075","8.4393,8.0694","8.5125,8.0668","8.5887,8.0438","8.6073,8.0586","8.6774,8.0279","8.7903,8.0345","8.9833,8.0216","9.0377,8.0317","9.1343,8.0286","9.138,8.0268","9.2263,8.01","9.3402,8.0251","9.5243,8.0411","9.6659,8.0139","9.7742,8.0068","9.7782,8.0087","9.8806,7.9938","9.999,7.9669","10.195,7.8696","10.3416,7.8709","10.4373,7.8264","10.4374,7.8142","10.5338,7.7795","10.6534,7.7287","10.8488,7.6715","10.9743,7.6694","11.1,7.6647","11.099,7.6411","11.2092,7.6515","11.3341,7.6391","11.5314,7.6013","11.6487,7.5546","11.7636,7.5404","11.7574,7.5234","11.8637,7.5084","11.9557,7.4929","12.1486,7.4521","12.2631,7.4325","12.3317,7.4161","12.3302,7.4033","12.4145,7.4071","12.5237,7.427","12.6681,7.4773","12.7556,7.4857","12.8301,7.5182","12.8258,7.5144","12.8942,7.5311","12.9547,7.5397","13.0932,7.5974","13.1744,7.6267",,,,,,,,,,,,,,,,,,,,,,,,,,,,,,,,,,,,,,,,,,,,,,,,,,,,,,,,,,,,,,,,,,,,,,,,,,,,,,,,,,,,,,,,,,,,,,,,,,,,,,,,,,,,,,,,,,,,,,,,,,,,,,,,,,,,,,,,,,,,,,,,,,,,,,,,,,,,,,,,,,,,,,,,,,,,,,,,,,,,,,,,,,,,,,,,,,,,,,,,,,,,,,,,,,,,,,,,,,,,,,,,,,,,,,
"7.3351,7.8709","7.3595,7.8805","7.3759,7.8743","7.3777,7.8766","7.3924,7.8668","7.4263,7.8608","7.5024,7.8332","7.5495,7.8305","7.6059,7.8421","7.6015,7.8341","7.6518,7.8459","7.6928,7.8627","7.7736,7.8868","7.8056,7.904","7.8431,7.9171","7.8494,7.9142","7.8787,7.9197","7.9084,7.9147","7.9801,7.9424","8.0222,7.9431","8.0979,7.9674","8.0878,7.956","8.1339,7.9871","8.2031,8.0147","8.3096,8.036","8.3875,8.0591","8.4466,8.0484","8.4534,8.0598","8.5144,8.0608","8.5817,8.0582","8.701,8.0741","8.7678,8.0672","8.8371,8.0612","8.8303,8.0644","8.8768,8.0612","8.9501,8.0573","9.0673,8.0479","9.1242,8.0359","9.1996,8.041","9.1912,8.039","9.2471,8.0256","9.3043,8.0159","9.43,7.9752","9.4723,7.9433","9.5235,7.8945","9.5222,7.9003","9.5879,7.8539","9.6453,7.8484","9.741,7.831","9.8268,7.8071","9.8773,7.8018","9.863,7.8054","9.9254,7.8005","9.9729,7.774","10.0997,7.7567","10.1556,7.7338","10.2011,7.7025","10.2011,7.7031","10.2716,7.6887","10.3171,7.6559","10.4357,7.59","10.4792,7.5546","10.5407,7.5405","10.5433,7.5407","10.5986,7.5291","10.6411,7.5185","10.7387,7.502","10.7926,7.4936","10.8352,7.4838","10.8364,7.4839","10.8726,7.4709","10.8902,7.4451","10.9493,7.4165","10.9899,7.4088","11.0073,7.4018","11.0177,7.4055","11.0391,7.3946","11.0797,7.3953","11.1249,7.3922","11.134,7.3813","11.161,7.3783","11.1696,7.3733","11.185,7.375","11.2014,7.3584","11.228,7.3471","11.2404,7.3291","11.2621,7.3283","11.266,7.332","11.2748,7.3126","11.303,7.3001","11.3336,7.2727","11.3536,7.2565","11.3704,7.2478","11.385,7.2557","11.4031,7.2383","11.4268,7.2344","11.4709,7.2436","11.4965,7.2461","11.5045,7.2395","11.5031,7.2366","11.5369,7.2371","11.5424,7.2268","11.5932,7.2169","11.6103,7.2257","11.646,7.2414","11.6346,7.2417","11.6489,7.2279","11.6599,7.2268","11.6711,7.2337","11.6997,7.2373","11.7168,7.246","11.7144,7.2512","11.7204,7.255","11.7352,7.2498","11.7461,7.2556","11.7469,7.2423","11.769,7.2446","11.7613,7.2437","11.7836,7.2373","11.7908,7.2346","11.8208,7.2193","11.8343,7.214","11.8758,7.2061","11.8648,7.202","11.8928,7.1952","11.9216,7.2052","11.9818,7.2304","12.0181,7.227","12.0487,7.2436","12.0499,7.2443","12.0697,7.2544","12.0972,7.2708","12.1556,7.2855","12.1605,7.2886","12.1903,7.2853","12.1876,7.2837","12.2231,7.2811","12.245,7.2897","12.3373,7.3277","12.3641,7.3434","12.4134,7.3797","12.41,7.3742","12.4554,7.4164","12.5012,7.4546","12.5871,7.5108","12.6262,7.5237","12.6589,7.5614","12.6701,7.56","12.7076,7.5842","12.7582,7.6125","12.8457,7.6462","12.892,7.651","12.922,7.6663","12.9199,7.6736","12.9592,7.6767","12.9909,7.683","13.079,7.7372","13.1158,7.7702",,,,,,,,,,,,,,,,,,,,,,,,,,,,,,,,,,,,,,,,,,,,,,,,,,,,,,,,,,,,,,,,,,,,,,,,,,,,,,,,,,,,,,,,,,,,,,,,,,,,,,,,,,,,,,,,,,,,,,,,,,,,,,,,
"6.254,8.2419","6.2635,8.2428","6.2691,8.2475","6.2732,8.2408","6.284,8.2414","6.3008,8.2437","6.3504,8.2401","6.3724,8.234","6.4093,8.2235","6.4025,8.222","6.429,8.2215","6.4623,8.221","6.5266,8.2245","6.579,8.2349","6.6412,8.2622","6.6305,8.2634","6.6799,8.2827","6.7416,8.2905","6.848,8.328","6.9043,8.3382","6.9572,8.3496","6.9529,8.3482","7.0027,8.3647","7.0355,8.3627","7.1453,8.3757","7.1928,8.3773","7.2421,8.3834","7.2401,8.3757","7.2686,8.371","7.322,8.3688","7.4192,8.3834","7.4717,8.3845","7.5136,8.3792","7.5137,8.3887","7.5553,8.4077","7.6153,8.4059","7.7195,8.4294","7.7649,8.4303","7.8129,8.4446","7.8212,8.4383","7.8618,8.4526","7.9142,8.4401","8.0312,8.4423","8.0672,8.4314","8.1111,8.4204","8.1106,8.4125","8.1652,8.4038","8.2231,8.4192","8.3082,8.3821","8.3707,8.3606","8.417,8.3466","8.4231,8.3403","8.4707,8.3285","8.5136,8.291","8.605,8.2699","8.6695,8.2642","8.703,8.2554","8.6943,8.2572","8.7692,8.2599","8.8101,8.2529","8.9176,8.2495","8.974,8.2222","9.0274,8.2158","9.027,8.2166","9.08,8.2018","9.1376,8.185","9.2476,8.1593","9.2988,8.1443","9.344,8.1302","9.3421,8.1439","9.4005,8.1383","9.4455,8.1242","9.545,8.0815","9.5949,8.0611","9.6526,8.0399","9.6487,8.0481","9.7038,8.0345","9.7582,8.0226","9.8369,8.0045","9.8914,7.9916","9.9256,7.9895","9.9251,7.9839","9.9654,7.986","10.0078,7.9721","10.1021,7.9422","10.1228,7.9259","10.1819,7.9261","10.1763,7.9233","10.2156,7.9074","10.2617,7.8991","10.3223,7.8733","10.3574,7.8461","10.3914,7.8439","10.4018,7.8405","10.4279,7.8097","10.4649,7.8054","10.5129,7.7607","10.5475,7.7476","10.573,7.7094","10.5694,7.7102","10.5975,7.6885","10.6245,7.6482","10.6822,7.5966","10.7145,7.5815","10.7399,7.5578","10.735,7.5551","10.7588,7.5373","10.7944,7.5185","10.8414,7.4882","10.8713,7.4788","10.9139,7.4582","10.9152,7.4602","10.9356,7.4564","10.9522,7.4479","10.9965,7.4372","11.0277,7.4356","11.0489,7.4302","11.0622,7.4345","11.0856,7.4344","11.0965,7.4199","11.1516,7.412","11.1791,7.4015","11.1883,7.4034","11.1851,7.3909","11.2133,7.3873","11.2338,7.3717","11.267,7.3292","11.2885,7.3128","11.3068,7.3036","11.3045,7.3069","11.3165,7.3022","11.3344,7.2751","11.3714,7.2459","11.397,7.2229","11.4049,7.2068","11.4096,7.1975","11.4388,7.1904","11.4477,7.1769","11.4972,7.1554","11.5173,7.1416","11.5345,7.1382","11.5393,7.1386","11.5604,7.1282","11.5961,7.1309","11.6417,7.1411","11.6698,7.1231","11.6886,7.1342","11.6913,7.1352","11.7177,7.1444","11.7465,7.1466","11.7902,7.141","11.8044,7.1271","11.8397,7.1238","11.8353,7.1328","11.8623,7.1258","11.8857,7.1265","11.9156,7.1145","11.9462,7.1218","11.9605,7.1082","11.9652,7.1127","11.9807,7.1072","11.9962,7.1086","12.0518,7.0903","12.0655,7.0908","12.0987,7.083","12.0937,7.0833","12.112,7.0805","12.1216,7.0835","12.1639,7.1029","12.1724,7.0974","12.1989,7.1081","12.1942,7.107","12.2195,7.113","12.2309,7.1173","12.2689,7.1486","12.2923,7.1566","12.3091,7.1769","12.3097,7.1708","12.3186,7.187","12.3379,7.1894","12.3833,7.2176","12.3952,7.2391","12.4326,7.2556","12.4285,7.2517","12.4503,7.2736","12.4655,7.2958","12.5131,7.309","12.5355,7.331","12.559,7.3378","12.5532,7.3372","12.58,7.3488","12.6166,7.3506","12.6466,7.3611","12.6731,7.3601","12.7136,7.355","12.7087,7.3482","12.7267,7.3568","12.754,7.3553","12.8062,7.3516","12.8353,7.3276","12.8789,7.3287","12.8758,7.3263","12.9012,7.3192","12.9347,7.3272","12.9706,7.3179","13.0201,7.3283","13.0433,7.3422","13.0494,7.3485",,,,,,,,,,,,,,,,,,,,,,,,,,,,,,,,,,,,,,,,,,,,,,,,,,,,,,,,,,,,,,,,,,,,,,,,,,,,,,
"7.4623,8.326","7.481,8.3164","7.492,8.3077","7.4897,8.3039","7.5157,8.2915","7.5462,8.2758","7.6132,8.2433","7.6588,8.2282","7.7033,8.2134","7.7018,8.2217","7.7697,8.2155","7.8314,8.2218","7.9759,8.2432","8.0307,8.2541","8.1011,8.2804","8.1017,8.2784","8.1722,8.3054","8.2438,8.2971","8.3521,8.2848","8.4784,8.2815","8.5505,8.2618","8.5581,8.267","8.6258,8.2652","8.7061,8.2436","8.833,8.2517","8.9299,8.2576","9.008,8.242","8.9986,8.2619","9.0925,8.2554","9.1713,8.2509","9.316,8.245","9.3824,8.2405","9.4627,8.2289","9.4567,8.2298","9.5211,8.2182","9.5825,8.1729","9.711,8.1226","9.7685,8.1112","9.848,8.1012","9.856,8.0951","9.9355,8.0864","10.0196,8.0757","10.1434,8.057","10.2185,8.0412","10.2807,8.013","10.2838,8.0024","10.3548,7.9826","10.4288,7.9649","10.5422,7.9118","10.6025,7.891","10.6721,7.8625","10.6788,7.8638","10.7285,7.8518","10.7874,7.8241","10.8869,7.787","10.942,7.7767","10.9863,7.7502","10.9778,7.752","11.0518,7.7381","11.0813,7.7014","11.1557,7.6596","11.2075,7.6354","11.2382,7.6253","11.2345,7.6229","11.2715,7.5941","11.2953,7.5701","11.3666,7.534","11.4068,7.5149","11.4198,7.4859","11.4111,7.4874","11.4496,7.4886","11.4648,7.4419","11.515,7.3904","11.5476,7.3693","11.5666,7.3555","11.5629,7.3561","11.5801,7.3377","11.6363,7.3378","11.6751,7.3278","11.6926,7.3197","11.7407,7.3168","11.7403,7.3104","11.7827,7.3126","11.821,7.2952","11.8772,7.2758","11.907,7.2455","11.9642,7.2498","11.9622,7.2369","12.0054,7.2331","12.0533,7.2267","12.1331,7.2152","12.1555,7.2089","12.1939,7.209","12.2051,7.2073","12.2367,7.2133","12.2806,7.2019","12.3648,7.2111","12.4052,7.2065","12.4336,7.2023","12.4333,7.1978","12.4461,7.181","12.4774,7.1506","12.5188,7.0723","12.5617,7.072","12.6134,7.0666","12.6145,7.0606","12.6515,7.0713","12.6997,7.0649","12.7958,7.0834","12.8647,7.1298","12.9047,7.1646","12.9192,7.172","12.9649,7.2078","13.0154,7.2523","13.0956,7.3507","13.1309,7.3895","13.2,7.448","13.1923,7.4545",,,,,,,,,,,,,,,,,,,,,,,,,,,,,,,,,,,,,,,,,,,,,,,,,,,,,,,,,,,,,,,,,,,,,,,,,,,,,,,,,,,,,,,,,,,,,,,,,,,,,,,,,,,,,,,,,,,,,,,,,,,,,,,,,,,,,,,,,,,,,,,,,,,,,,,,,,,,,,,,,,,,,,,,
"7.8233,8.6776","7.8835,8.6757","7.9261,8.6655","7.9318,8.6548","7.9992,8.6696","8.0554,8.6817","8.222,8.7209","8.2949,8.7417","8.3902,8.7686","8.3879,8.7565","8.4728,8.7671","8.5634,8.7647","8.7101,8.7244","8.7791,8.6893","8.8687,8.6922","8.8658,8.6861","8.9182,8.6573","9.0295,8.6314","9.1881,8.5758","9.288,8.5455","9.3789,8.5239","9.3719,8.5215","9.4731,8.5065","9.5726,8.4815","9.7654,8.4383","9.8502,8.4364","9.9588,8.4026","9.9448,8.4011","10.0354,8.3771","10.1307,8.3559","10.3019,8.3006","10.4027,8.2656","10.4908,8.2428","10.485,8.2312","10.5656,8.2127","10.6368,8.163","10.827,8.1115","10.9035,8.0576","10.9872,8.0268","10.9923,8.0145","11.0585,7.9746","11.13,7.9548","11.275,7.8603","11.3542,7.8326","11.4268,7.7754","11.4098,7.7861","11.484,7.7342","11.5642,7.7125","11.7184,7.6257","11.7916,7.6033","11.8564,7.5755","11.8544,7.5528","11.9087,7.5373","11.9683,7.4952","12.0784,7.466","12.1414,7.453","12.175,7.4393","12.1768,7.4583","12.2493,7.4703","12.3038,7.4719","12.3999,7.478","12.4552,7.4836","12.5091,7.4748","12.5125,7.478","12.5523,7.4704","12.6042,7.4523","12.6895,7.4607","12.7522,7.4812","12.8005,7.4982","12.807,7.4914","12.8843,7.5247","12.9518,7.5576","13.064,7.6094","13.115,7.6348",,,,,,,,,,,,,,,,,,,,,,,,,,,,,,,,,,,,,,,,,,,,,,,,,,,,,,,,,,,,,,,,,,,,,,,,,,,,,,,,,,,,,,,,,,,,,,,,,,,,,,,,,,,,,,,,,,,,,,,,,,,,,,,,,,,,,,,,,,,,,,,,,,,,,,,,,,,,,,,,,,,,,,,,,,,,,,,,,,,,,,,,,,,,,,,,,,,,,,,,,,,,,,,,,,,,
"7.1358,9.0882","7.1574,9.083","7.177,9.0802","7.1808,9.0742","7.2012,9.0721","7.2153,9.061","7.2807,9.0309","7.3181,9.0156","7.3428,8.9811","7.3353,8.9862","7.3689,8.9654","7.4027,8.9334","7.4779,8.8954","7.5111,8.875","7.5639,8.8505","7.5548,8.8523","7.5943,8.8212","7.6535,8.817","7.752,8.7954","7.7986,8.7772","7.8555,8.7708","7.8586,8.7879","7.9031,8.7744","7.9638,8.7672","8.0787,8.7579","8.1257,8.755","8.1772,8.7611","8.1636,8.7494","8.2173,8.7543","8.2738,8.7487","8.3687,8.7296","8.4331,8.7171","8.4959,8.7036","8.4968,8.7059","8.5485,8.6941","8.6094,8.6991","8.7222,8.7173","8.7769,8.7131","8.8247,8.7445","8.8338,8.729","8.8765,8.7526","8.9185,8.7696","9.02,8.7994","9.0817,8.8046","9.1327,8.8172","9.1308,8.8129","9.1769,8.8284","9.2354,8.8433","9.3173,8.8752","9.3841,8.8938","9.4164,8.912","9.4219,8.9082","9.4697,8.9267","9.5131,8.9202","9.6118,8.9241","9.6695,8.9307","9.711,8.9222","9.6919,8.9148","9.7644,8.9232","9.8018,8.903","9.8726,8.8916","9.9259,8.8701","9.9644,8.8484","9.9671,8.8445","9.9995,8.8291","10.036,8.8044","10.0933,8.7834","10.1417,8.7713","10.1743,8.76","10.176,8.7662","10.215,8.7541","10.2483,8.7384","10.3262,8.6937","10.3633,8.6729","10.3935,8.641","10.3948,8.646","10.4393,8.6241","10.4707,8.6031","10.5288,8.5611","10.5597,8.5186","10.5818,8.488","10.5891,8.4926","10.6076,8.4641","10.6652,8.429","10.7201,8.3597","10.7353,8.3402","10.7672,8.3205","10.7807,8.3089","10.8084,8.2861","10.8338,8.2673","10.8841,8.2285","10.9205,8.2092","10.9498,8.2065","10.9458,8.1896","10.9706,8.1713","11.005,8.1613","11.0432,8.1208","11.062,8.1205","11.1051,8.1066","11.0904,8.1202","11.0973,8.0955","11.1163,8.0926","11.1446,8.0712","11.1594,8.0744","11.1972,8.0709","11.19,8.0723","11.1991,8.0586","11.2086,8.0353","11.2191,8.0044","11.2358,7.9951","11.2658,7.9797","11.2509,7.9721","11.2745,7.9676","11.2878,7.9557","11.2935,7.9292","11.2996,7.922","11.3141,7.9006","11.3058,7.9076","11.3048,7.8887","11.3128,7.8804","11.33,7.8529","11.3276,7.8521","11.3406,7.8439","11.3322,7.8383","11.3477,7.83","11.3532,7.8163","11.3542,7.7928","11.3733,7.7789","11.36,7.776","11.383,7.7755","11.3912,7.7752","11.4082,7.7649","11.4253,7.7473","11.4368,7.7419","11.4467,7.73","11.4469,7.7323","11.4662,7.7351","11.4689,7.7246","11.4844,7.7335","11.5018,7.7218","11.5065,7.7181","11.5147,7.7231","11.5181,7.7186","11.5438,7.7087","11.5616,7.7111","11.5708,7.7024","11.5799,7.7065","11.5775,7.7003","11.5803,7.6796","11.5987,7.6868","11.6111,7.6719","11.626,7.6573","11.6504,7.65","11.6389,7.6598","11.6491,7.6346","11.6656,7.6297","11.691,7.6056","11.7175,7.6008","11.7293,7.5833","11.7281,7.5895","11.7486,7.5693","11.7524,7.5596","11.7864,7.5361","11.8043,7.5236","11.8394,7.5153","11.8252,7.5082","11.8438,7.5007","11.861,7.4914","11.8798,7.488","11.8905,7.4797","11.9344,7.473","11.9271,7.4712","11.9313,7.4721","11.9469,7.4629","11.9784,7.4753","11.9989,7.4734","12.0164,7.4775","12.0233,7.4711","12.0386,7.4696","12.0592,7.4653","12.0928,7.4699","12.1109,7.4803","12.1274,7.4833","12.1288,7.472","12.1339,7.47","12.1522,7.4822","12.1698,7.4672","12.1926,7.467","12.198,7.4759","12.1965,7.4701","12.2107,7.4683","12.219,7.4643","12.2612,7.4761","12.272,7.4792","12.2901,7.4747","12.2855,7.4682","12.2905,7.4731","12.3171,7.4717","12.357,7.4993","12.3703,7.4968","12.3782,7.4936","12.3922,7.507","12.3964,7.5037","12.4283,7.5113","12.4415,7.5021","12.4786,7.5","12.4982,7.5109","12.5007,7.5231","12.5238,7.5122","12.5403,7.5065","12.5773,7.4986","12.6022,7.4921","12.6007,7.4833","12.6068,7.4877","12.6179,7.4855","12.6473,7.5014","12.6874,7.518","12.7144,7.5361","12.7297,7.5428","12.7371,7.5377","12.7465,7.5344","12.7696,7.5581","12.8125,7.5754","12.8186,7.5703","12.8443,7.5808","12.833,7.5697","12.8678,7.6002","12.8868,7.5837","12.9303,7.6214","12.9342,7.6246","12.9518,7.6438","12.9544,7.6412","12.9687,7.6459","13.003,7.6494","13.0189,7.6727","13.0501,7.6882","13.0624,7.6911","13.0555,7.6883","13.0877,7.7046","13.0966,7.7074","13.1605,7.7053","13.1632,7.7127",,,,,,,,,,,,,,,,,,,,,,,,,,,,,,,,,,,,,,,,,,,,
"7.9157,9.3463","7.9383,9.3409","7.9636,9.3513","7.9702,9.3419","7.9915,9.3397","8.0231,9.3338","8.109,9.3068","8.1545,9.2801","8.2138,9.2475","8.2065,9.2525","8.2772,9.2267","8.3587,9.214","8.5102,9.1598","8.5852,9.1216","8.6687,9.1115","8.6754,9.0976","8.7611,9.0632","8.8416,9.0513","9.0318,9.0184","9.1452,9.0077","9.2287,9.0116","9.2293,9.0185","9.3293,9.0223","9.4254,8.9931","9.611,8.9398","9.7178,8.917","9.805,8.8933","9.8044,8.8759","9.8853,8.8428","9.9647,8.8107","10.1529,8.725","10.2466,8.6832","10.3638,8.6444","10.357,8.6454","10.4543,8.6171","10.5411,8.5547","10.71,8.4786","10.7921,8.4515","10.8665,8.4081","10.8694,8.3907","10.9347,8.37","11.003,8.3409","11.1178,8.2798","11.1724,8.2567","11.2193,8.2086","11.2296,8.2161","11.285,8.1722","11.3534,8.133","11.4697,8.0504","11.5367,8.0194","11.5939,7.9859","11.5959,7.993","11.6259,7.9661","11.6406,7.9389","11.7252,7.8479","11.7683,7.8287","11.7911,7.7784","11.7885,7.7837","11.8327,7.7532","11.8671,7.7221","11.9295,7.6605","11.9677,7.6484","12.0086,7.6343","12.0146,7.6296","12.0511,7.6252","12.0809,7.6344","12.1839,7.6276","12.2276,7.6166","12.2655,7.5998","12.2824,7.6052","12.3293,7.5836","12.3633,7.5675","12.4595,7.5094","12.5046,7.5021","12.567,7.5166","12.5625,7.5012","12.6192,7.5293","12.6826,7.5544","12.7864,7.5654","12.8377,7.5459","12.9022,7.5425","12.9049,7.5492","12.9591,7.5566","13.0183,7.5512","13.1388,7.5877","13.1944,7.6101","13.2785,7.6334","13.2921,7.6217",,,,,,,,,,,,,,,,,,,,,,,,,,,,,,,,,,,,,,,,,,,,,,,,,,,,,,,,,,,,,,,,,,,,,,,,,,,,,,,,,,,,,,,,,,,,,,,,,,,,,,,,,,,,,,,,,,,,,,,,,,,,,,,,,,,,,,,,,,,,,,,,,,,,,,,,,,,,,,,,,,,,,,,,,,,,,,,,,,,,,,,,,,,,,,,,,,,,,,
"7.5361,9.5521","7.5513,9.5421","7.5667,9.5578","7.5674,9.5392","7.5959,9.5393","7.6117,9.5257","7.6742,9.5139","7.6975,9.4983","7.7465,9.4978","7.7431,9.5023","7.788,9.5003","7.8443,9.4957","7.9305,9.4735","7.985,9.4343","8.0454,9.3966","8.0425,9.3971","8.1046,9.333","8.1689,9.2885","8.2836,9.1692","8.3511,9.1397","8.3913,9.0863","8.3955,9.087","8.4582,9.0421","8.5291,9.0133","8.707,8.9856","8.777,8.9667","8.8499,8.9568","8.859,8.9564","8.9203,8.9259","8.9935,8.9019","9.1616,8.8374","9.2572,8.836","9.364,8.8222","9.3656,8.8171","9.4574,8.7975","9.5467,8.7589","9.7172,8.7362","9.8403,8.709","9.9315,8.6779","9.9191,8.6787","10.0126,8.6571","10.1078,8.641","10.2765,8.559","10.3748,8.5308","10.4583,8.49","10.4605,8.5008","10.5488,8.4633","10.6164,8.4422","10.7562,8.3766","10.842,8.364","10.9192,8.353","10.9175,8.3481","10.9674,8.3252","11.0283,8.2818","11.1718,8.226","11.2445,8.1968","11.2862,8.1608","11.2806,8.1639","11.3465,8.1531","11.3892,8.1054","11.4861,8.0657","11.5242,8.0393","11.5646,8.0102","11.5558,8.0018","11.5943,7.9667","11.6267,7.9425","11.6796,7.876","11.7206,7.8306","11.743,7.8139","11.7464,7.8214","11.8009,7.8015","11.8402,7.7849","11.9268,7.7414","11.9684,7.7048","12.0026,7.677","12.0141,7.6877","12.0517,7.668","12.0777,7.6434","12.1273,7.627","12.15,7.6181","12.178,7.621","12.1823,7.6199","12.198,7.6151","12.2379,7.6186","12.2754,7.5945","12.2915,7.5854","12.3274,7.5755","12.3366,7.5845","12.3724,7.5797","12.3995,7.5669","12.5064,7.5697","12.5698,7.5811","12.6372,7.6168","12.6414,7.6048","12.6942,7.6186","12.7601,7.6238","12.8437,7.667","12.8902,7.6853","12.9309,7.6722","12.9302,7.6847","12.9571,7.7075","13.0013,7.7084","13.1025,7.7868","13.1764,7.8427","13.2298,7.8656","13.2296,7.8693","13.2653,7.887","13.3052,7.927",,,,,,,,,,,,,,,,,,,,,,,,,,,,,,,,,,,,,,,,,,,,,,,,,,,,,,,,,,,,,,,,,,,,,,,,,,,,,,,,,,,,,,,,,,,,,,,,,,,,,,,,,,,,,,,,,,,,,,,,,,,,,,,,,,,,,,,,,,,,,,,,,,,,,,,,,,,,,,,,,,,,,,,,,,,,,,,,,,
"8.0755,9.8528","8.0912,9.8458","8.0976,9.8512","8.0977,9.8435","8.1168,9.8438","8.1346,9.8445","8.1912,9.8302","8.2177,9.8248","8.2554,9.8061","8.2474,9.8097","8.2965,9.7806","8.3403,9.7684","8.4238,9.7077","8.4756,9.6949","8.5334,9.6581","8.5274,9.6627","8.5757,9.6265","8.6432,9.6071","8.7468,9.5483","8.8035,9.5405","8.8648,9.5292","8.8568,9.5296","8.9256,9.5359","8.9882,9.5091","9.0945,9.488","9.193,9.4637","9.2438,9.4425","9.2321,9.4467","9.3036,9.4214","9.3674,9.4148","9.5,9.3756","9.5763,9.3539","9.6275,9.3399","9.6341,9.3401","9.6955,9.319","9.7684,9.2828","9.8999,9.2343","9.9795,9.2129","10.0451,9.2094","10.0477,9.208","10.101,9.207","10.1703,9.1799","10.2877,9.1638","10.3634,9.1373","10.4169,9.1021","10.4215,9.1118","10.4724,9.086","10.5386,9.0714","10.6336,9.0536","10.704,9.0292","10.7656,8.995","10.7606,8.999","10.8083,8.9724","10.8624,8.9499","10.9599,8.933","11.0295,8.9179","11.0741,8.9113","11.0636,8.9042","11.1222,8.8982","11.163,8.8819","11.237,8.8438","11.2807,8.8285","11.321,8.8153","11.3239,8.8095","11.3574,8.7938","11.392,8.7666","11.4471,8.737","11.4853,8.7159","11.5034,8.6906","11.5063,8.6985","11.5379,8.6676","11.5675,8.6539","11.6099,8.6124","11.6274,8.6036","11.6457,8.5998","11.6543,8.5903","11.6859,8.5686","11.7071,8.5752","11.7391,8.5375","11.7528,8.5217","11.7714,8.4996","11.7838,8.5109","11.796,8.4895","11.8187,8.4907","11.8626,8.4488","11.8748,8.43","11.9068,8.4102","11.9168,8.42","11.9172,8.4014","11.9538,8.3865","11.9783,8.3473","12.0095,8.3309","12.0222,8.3315","12.0184,8.3149","12.0189,8.3031","12.0448,8.2919","12.0628,8.2528","12.0686,8.2502","12.0738,8.2251","12.0731,8.2375","12.0719,8.2269","12.0773,8.2094","12.0819,8.1882","12.0609,8.1771","12.0647,8.1605","12.0687,8.1712","12.0639,8.1504","12.0494,8.1304","12.0212,8.1094","12.0121,8.0902","12.01,8.0869","12.0055,8.082","12.0096,8.0756","11.9948,8.0671","11.9797,8.0456","11.9764,8.0395","11.9723,8.0248","11.9781,8.023","11.9754,8.0154","11.9764,8.0081","11.9791,7.9802","11.9795,7.9779","11.9847,7.9712","11.9771,7.9597","11.9934,7.9442","11.9981,7.9358","12.0084,7.8959","12.0162,7.8967","12.0216,7.8848","12.0212,7.8953","12.0336,7.8858","12.0312,7.8513","12.0402,7.8302","12.0599,7.8252","12.0545,7.8123","12.0537,7.7994","12.0582,7.7998","12.0642,7.7866","12.0709,7.7542","12.0658,7.7427","12.0705,7.7252","12.0762,7.7351","12.0756,7.7135","12.0931,7.694","12.0869,7.6633","12.1034,7.644","12.0977,7.6057","12.1017,7.6142","12.0999,7.5983","12.1234,7.5775","12.1482,7.5607","12.1518,7.5342","12.1747,7.5274","12.1668,7.5365","12.1765,7.5126","12.2022,7.5058","12.2379,7.4819","12.2632,7.4773","12.2843,7.472","12.2874,7.471","12.3128,7.4686","12.3438,7.4618","12.3917,7.4489","12.4102,7.4443","12.4432,7.4366","12.4375,7.4333","12.4717,7.4291","12.4878,7.4204","12.551,7.4195","12.5665,7.4078","12.6089,7.4122","12.602,7.4106","12.626,7.408","12.6517,7.4","12.7041,7.4122","12.7358,7.4109","12.7662,7.4059","12.7685,7.4053","12.7996,7.4165","12.8258,7.4145","12.8835,7.424","12.9247,7.4446","12.9586,7.4563","12.949,7.453","12.9781,7.4482","12.992,7.4687","13.0576,7.4867","13.0836,7.4992","13.104,7.5207",,,,,,,,,,,,,,,,,,,,,,,,,,,,,,,,,,,,,,,,,,,,,,,,,,,,,,,,,,,,,,,,,,,,,,,,,,,,,,,,,,,,,,,,,,,,,,,,,
"7.0516,9.8688","7.0633,9.8765","7.0742,9.8631","7.0657,9.863","7.0932,9.8606","7.1097,9.863","7.1395,9.8506","7.1601,9.8366","7.1894,9.8377","7.1835,9.837","7.2259,9.842","7.2692,9.8345","7.3472,9.8518","7.3782,9.8589","7.4357,9.8782","7.4415,9.873","7.4697,9.8735","7.5247,9.8909","7.6409,9.8973","7.6968,9.8987","7.762,9.909","7.7547,9.9045","7.8155,9.8981","7.8763,9.892","7.9975,9.868","8.0652,9.8573","8.1296,9.8451","8.1329,9.8451","8.195,9.8264","8.2527,9.8038","8.3898,9.7863","8.4596,9.7815","8.5445,9.7736","8.5472,9.7883","8.598,9.7754","8.6761,9.7561","8.8372,9.7204","8.9041,9.6921","8.9812,9.6803","8.979,9.673","9.0515,9.6441","9.1192,9.619","9.2727,9.561","9.3324,9.5137","9.395,9.4921","9.396,9.4785","9.4697,9.4431","9.5469,9.4311","9.686,9.3798","9.7693,9.3604","9.8394,9.329","9.8395,9.3254","9.9092,9.2838","9.9539,9.2638","10.0861,9.199","10.1626,9.1627","10.2019,9.1158","10.2117,9.1165","10.2826,9.0935","10.3334,9.0779","10.4409,9.0089","10.5105,8.9895","10.5645,8.9629","10.5578,8.9689","10.608,8.9308","10.6626,8.9014","10.7567,8.8329","10.8093,8.7859","10.8489,8.7454","10.8424,8.7402","10.8983,8.7023","10.9307,8.6498","10.9987,8.5756","11.0328,8.5328","11.0645,8.4929","11.0727,8.4881","11.1118,8.4501","11.1372,8.4071","11.192,8.3228","11.2115,8.2534","11.2209,8.2193","11.2283,8.2119","11.2477,8.1657","11.2748,8.1318","11.3288,8.0647","11.3432,8.0352","11.3692,8.0083","11.3795,8.0008","11.3794,7.977","11.4008,7.9387","11.4367,7.8613","11.4426,7.8529","11.4805,7.8263","11.4892,7.8311","11.5051,7.8078","11.5542,7.7913","11.6269,7.7489","11.6587,7.7506","11.6862,7.7293","11.6949,7.7283","11.7158,7.7125","11.7473,7.6932","11.7927,7.6471","11.8282,7.6443","11.8569,7.6303","11.852,7.6276","11.8886,7.6279","11.92,7.619","11.9713,7.6071","12.0107,7.6114","12.0518,7.618","12.0399,7.6117","12.0678,7.611","12.1049,7.608","12.1481,7.6117","12.17,7.611","12.2076,7.6152","12.2049,7.6191","12.2298,7.608","12.2393,7.5942","12.282,7.5857","12.3127,7.5905","12.3409,7.6085","12.3356,7.6008","12.356,7.6009","12.3839,7.6022","12.4437,7.6406","12.501,7.663","12.5299,7.6759","12.5351,7.6775","12.5673,7.693","12.6134,7.7093","12.7003,7.745","12.7385,7.7706","12.7834,7.779","12.7757,7.7826","12.8253,7.8017","12.8591,7.8111","12.9556,7.8588","13.0043,7.8723","13.0644,7.9008","13.0633,7.8935","13.1201,7.9125","13.1758,7.91","13.2584,7.917",,,,,,,,,,,,,,,,,,,,,,,,,,,,,,,,,,,,,,,,,,,,,,,,,,,,,,,,,,,,,,,,,,,,,,,,,,,,,,,,,,,,,,,,,,,,,,,,,,,,,,,,,,,,,,,,,,,,,,,,,,,,,,,,,,,,,,,,,,,,,
"8.5573,3.8306","8.5654,3.823","8.5776,3.836","8.5736,3.83","8.5933,3.8346","8.6021,3.8407","8.639,3.8544","8.6616,3.8606","8.6744,3.8759","8.6691,3.873","8.6865,3.8813","8.7023,3.8939","8.7498,3.9195","8.758,3.9261","8.7832,3.9415","8.7894,3.9454","8.8157,3.9507","8.8349,3.9605","8.8848,3.9794","8.9237,3.9789","8.9519,3.9965","8.9465,4.0069","8.9857,4.0029","9.0119,4.0195","9.0777,4.0105","9.1335,4.0323","9.1765,4.0221","9.164,4.021","9.2144,4.0411","9.263,4.0395","9.361,4.0602","9.4005,4.0863","9.4257,4.0932","9.4381,4.1028","9.47,4.1233","9.5271,4.1386","9.6092,4.1873","9.6409,4.2067","9.6873,4.2372","9.6905,4.2274","9.7308,4.2539","9.7697,4.2772","9.8476,4.3076","9.8802,4.316","9.9122,4.3423","9.9199,4.3353","9.9556,4.3471","9.9971,4.3576","10.0885,4.372","10.119,4.3705","10.1682,4.4037","10.1669,4.3923","10.2129,4.4101","10.2381,4.4143","10.3072,4.4183","10.3632,4.4337","10.3864,4.4376","10.384,4.4426","10.4288,4.4584","10.4523,4.4663","10.5305,4.4932","10.5583,4.5044","10.5946,4.523","10.5854,4.5277","10.622,4.534","10.6462,4.5626","10.7057,4.6087","10.7446,4.6361","10.7617,4.6565","10.7642,4.6635","10.79,4.6849","10.8174,4.703","10.861,4.7692","10.8784,4.7916","10.9319,4.8138","10.9203,4.8051","10.9434,4.843","10.9605,4.866","11.0123,4.9122","11.0291,4.9291","11.0597,4.9447","11.0558,4.9528","11.0691,4.9664","11.0932,4.988","11.1387,5.0229","11.1538,5.0336","11.1832,5.0602","11.1955,5.0496","11.2089,5.076","11.2384,5.0876","11.2834,5.1219","11.2965,5.1357","11.3337,5.1527","11.3254,5.1551","11.3483,5.1716","11.3751,5.1887","11.4033,5.2286","11.4262,5.2434","11.4327,5.2709","11.4443,5.2689","11.4477,5.2876","11.4585,5.2997","11.4791,5.3355","11.4914,5.3491","11.4993,5.3736","11.5033,5.384","11.5087,5.3958","11.5199,5.4184","11.5213,5.4411","11.5368,5.4635","11.5521,5.4806","11.5425,5.4684","11.5506,5.4933","11.5659,5.5081","11.5861,5.528","11.5912,5.5297","11.6166,5.5467","11.6088,5.5533","11.6287,5.5544","11.6354,5.5559","11.6716,5.5822","11.6828,5.5959","11.6985,5.6046","11.697,5.6037","11.7189,5.6073","11.7299,5.6089","11.7559,5.6276","11.7645,5.6219","11.7761,5.6573","11.7797,5.6395","11.7998,5.6511","11.8088,5.6616","11.8149,5.6733","11.8363,5.688","11.8313,5.6952","11.8376,5.6805","11.8465,5.7046","11.842,5.7262","11.8449,5.7447","11.8517,5.7569","11.8515,5.768","11.8519,5.7791","11.8481,5.7806","11.8483,5.7917","11.8307,5.8351","11.839,5.8274","11.8289,5.8506","11.8293,5.8537","11.805,5.8673","11.8161,5.8749","11.7995,5.9012","11.792,5.92","11.7857,5.9308","11.7929,5.9293","11.7774,5.9386","11.787,5.9656","11.7777,5.9766","11.7688,5.9961","11.7605,6.0084","11.7645,6.0021","11.775,6.0121","11.776,6.021","11.7798,6.0395","11.7687,6.0509","11.7891,6.0706","11.7891,6.064","11.7909,6.0612","11.8005,6.0796","11.8163,6.0992","11.8176,6.0945","11.8286,6.1178","11.8285,6.1129","11.827,6.12","11.8334,6.1332","11.8427,6.1458","11.8574,6.1567","11.8487,6.1629","11.8509,6.1622","11.8426,6.1686","11.8301,6.1833","11.8297,6.1936","11.8312,6.2099","11.8225,6.2072","11.8153,6.2092","11.8059,6.2106","11.7983,6.2209","11.7788,6.2374","11.7648,6.2402","11.7569,6.2539","11.7478,6.258","11.7485,6.2619","11.7455,6.27","11.7184,6.2947","11.7004,6.3086","11.7025,6.3136","11.6983,6.3076","11.689,6.3171","11.6784,6.3341","11.6662,6.3657","11.6822,6.3705","11.6884,6.3658","11.6824,6.3739","11.682,6.3784","11.6909,6.3976","11.686,6.4006","11.6985,6.4181","11.7133,6.4308","11.7188,6.4365","11.7279,6.4372","11.7329,6.4411","11.7496,6.4474","11.7681,6.452","11.7596,6.4619","11.7646,6.4625","11.7764,6.4673","11.7911,6.4957","11.8208,6.5063","11.8372,6.5176","11.841,6.5284","11.8426,6.5307","11.8509,6.5334","11.8616,6.5592","11.873,6.5778","11.8734,6.5865","11.8726,6.5864","11.8695,6.5891","11.8873,6.6254","11.8843,6.6129","11.8922,6.6543","11.8906,6.6678","11.8996,6.6937","11.8986,6.6861","11.9055,6.6907","11.9062,6.7101","11.897,6.7391","11.9011,6.7658","11.9082,6.7883","11.9007,6.7865","11.917,6.8086","11.9164,6.8122","11.9666,6.8403","11.9649,6.8526","11.9792,6.8607","11.9661,6.8566","11.9883,6.8699","11.98,6.8816","12.0483,6.8729","12.0528,6.8787","12.0723,6.8825","12.0713,6.871","12.0833,6.8984","12.0844,6.8807","12.1686,6.8982","12.1867,6.8844","12.2098,6.8875","12.2078,6.8902","12.237,6.8793","12.2734,6.8691","12.3248,6.8652","12.3626,6.8669","12.3755,6.8828","12.3676,6.8842","12.3673,6.8727","12.4337,6.8708","12.4809,6.8758","12.4994,6.8628","12.524,6.8663","12.5171,6.8641","12.5695,6.8838","12.605,6.8826","12.6381,6.8745","12.6639,6.898","12.7014,6.8956","12.7083,6.8985","12.7345,6.8878","12.7532,6.9021","12.8142,6.8689","12.8599,6.8723","12.8762,6.8653","12.8657,6.8541","12.8978,6.8683","12.9381,6.8659","12.9489,6.8296","13.0255,6.8324","13.0799,6.8166","13.0876,6.8143"
