"8.09644,3.9768","8.11676,3.9768","8.14723,3.9768","8.16755,3.9768","8.16755,3.9768","8.23866,3.98889","8.28946,3.98889","8.31993,3.98889","8.37072,3.98889","8.41136,4.00098","8.41136,4.01306","8.5231,4.04933","8.59421,4.09768","8.65517,4.13394","8.71612,4.1702","8.79739,4.21855","8.79739,4.21855","8.94977,4.29108","9.03104,4.32734","9.11231,4.35152","9.20373,4.37569","9.285,4.39987","9.285,4.39987","9.4577,4.47239","9.54913,4.49657","9.62024,4.53283","9.71167,4.58118","9.78278,4.64162","9.79293,4.62953","9.93516,4.7504","10.0164,4.81084","10.0977,4.85919","10.1688,4.90754","10.2602,4.96798","10.2602,4.98007","10.4126,5.06468","10.5142,5.12512","10.6056,5.16138","10.6767,5.22182","10.758,5.25808","10.7682,5.27017","10.8799,5.34269","10.951,5.39104","11.0018,5.45148","11.0628,5.51192","11.1136,5.54818","11.1136,5.56027","11.205,5.66906","11.2761,5.72949","11.3167,5.77785","11.3675,5.81411","11.4285,5.86246","11.4285,5.87455","11.5301,5.9229","11.5809,5.95916","11.6113,6.00751","11.6621,6.04377","11.6926,6.08003","11.7028,6.09212","11.7637,6.15256","11.7942,6.213","11.8348,6.24926","11.8755,6.28552","11.9059,6.3097","11.9059,6.3097","11.977,6.38222","12.0278,6.4064","12.0583,6.44266","12.0888,6.46684","12.1091,6.47892","12.1091,6.47892","12.1701,6.51519","12.2005,6.52727","12.2412,6.52727","12.2615,6.52727","12.2818,6.52727","12.2818,6.52727","12.3123,6.52727","12.3326,6.52727","12.3631,6.53936","12.3935,6.56354","12.424,6.57562","12.4342,6.56354","12.5053,6.5998","12.5459,6.5998","12.5866,6.61189","12.6272,6.63606","12.6475,6.66024","12.6577,6.66024",,,,,,,,,,,,,,,,,,,,,,,,,,,,,,,,,,,,,,,,,,,,,,,,,,,,,,,,,,,,,,,,,,,,,,,,,,,,,,,,,,,,,,,,,,,,,,,,,,,,,,,,,,,,,,,,,,,,,,,,,,,,,,,,,,,,,,,,,,,,,,,,,,,,,,,,,,,,,,,,,,,,,,,,,,,,,,,,,,,,
"7.50724,4.18229","7.53772,4.1702","7.57835,4.1702","7.60883,4.14603","7.61898,4.14603","7.71041,4.14603","7.76121,4.14603","7.812,4.14603","7.86279,4.15811","7.92374,4.15811","7.92374,4.15811","8.03549,4.1702","8.09644,4.1702","8.15739,4.1702","8.20819,4.15811","8.25898,4.14603","8.26914,4.14603","8.37072,4.15811","8.44184,4.15811","8.5231,4.19438","8.60437,4.23064","8.67548,4.24273","8.67548,4.25481","8.78723,4.32734","8.85834,4.33943","8.93961,4.3636","9.02088,4.39987","9.10215,4.41195","9.11231,4.42404","9.22405,4.44822","9.30532,4.49657","9.37643,4.53283","9.44754,4.59327","9.52881,4.64162","9.53897,4.6537","9.5796,4.62953","9.66087,4.67788","9.71167,4.68997","9.80309,4.73832","9.88436,4.78667","9.88436,4.78667","9.925,4.71414","9.95547,4.73832","9.97579,4.7504","9.97579,4.79875","9.96563,4.81084","9.96563,4.81084","9.96563,4.82293","9.96563,4.82293","9.96563,4.82293","9.96563,4.82293","9.96563,4.82293","9.96563,4.82293","9.97579,4.82293","9.96563,4.82293","9.96563,4.82293","9.96563,4.82293","9.96563,4.82293","9.96563,4.82293","11.3066,5.94707","11.3574,5.98333","11.3878,6.0196","11.4386,6.05586","11.4691,6.08003","11.4793,6.08003","11.5402,6.14047","11.5707,6.16465","11.6215,6.18882","11.6418,6.20091","11.6723,6.213","11.6824,6.213","11.7332,6.27343","11.7637,6.29761","11.784,6.32178","11.7942,6.33387","11.8247,6.35805","11.8145,6.35805","11.8551,6.38222","11.8755,6.39431","11.8958,6.41848","11.9059,6.43057","11.9161,6.45475","11.9263,6.45475","11.9466,6.49101","11.9567,6.5031","11.977,6.51519","11.9974,6.51519","12.0075,6.51519","11.9974,6.51519","12.0482,6.51519","12.0685,6.51519","12.0888,6.5031","12.1193,6.5031","12.1497,6.49101","12.1497,6.49101","12.1904,6.47892","12.2107,6.47892","12.2209,6.47892","12.2412,6.49101","12.2615,6.49101","12.2615,6.49101","12.2818,6.47892","12.3021,6.47892","12.3123,6.47892","12.3224,6.47892","12.3428,6.47892","12.3428,6.47892","12.3834,6.49101","12.4037,6.49101","12.4342,6.49101","12.4443,6.49101","12.4647,6.47892","12.4647,6.47892","12.5155,6.49101","12.5358,6.5031","12.5561,6.5031","12.5866,6.5031","12.6272,6.49101","12.6272,6.49101","12.6983,6.46684",,,,,,,,,,,,,,,,,,,,,,,,,,,,,,,,,,,,,,,,,,,,,,,,,,,,,,,,,,,,,,,,,,,,,,,,,,,,,,,,,,,,,,,,,,,,,,,,,,,,,,,,,,,,,,,,,,,,,,,,,,,,,,,,,,,,,,,,,,,,,,,,,,,,,
"7.78152,4.43613","7.78152,4.43613","7.78152,4.43613","7.78152,4.43613","7.78152,4.43613","7.79168,4.43613","7.80184,4.43613","7.79168,4.43613","7.80184,4.43613","7.80184,4.43613","7.80184,4.43613","7.812,4.4603","7.83232,4.47239","7.83232,4.47239","7.84247,4.48448","7.84247,4.50865","7.84247,4.50865","7.85263,4.52074","7.87295,4.52074","7.87295,4.53283","7.88311,4.54492","7.88311,4.54492","7.88311,4.54492","7.91359,4.557","7.94406,4.56909","7.95422,4.56909","7.9847,4.56909","7.99485,4.58118","8.00501,4.59327","8.04565,4.58118","8.07612,4.59327","8.1066,4.58118","8.12692,4.58118","8.15739,4.59327","8.16755,4.58118","8.19803,4.60535","8.23866,4.61744","8.26914,4.61744","8.28946,4.62953","8.31993,4.6537","8.33009,4.6537","8.38088,4.67788","8.42152,4.68997","8.45199,4.70205","8.47231,4.72623","8.50279,4.73832","8.51295,4.72623","8.55358,4.78667","8.58406,4.78667","8.62469,4.81084","8.65517,4.82293","8.66533,4.8471","8.67548,4.8471","8.72628,4.87128","8.76691,4.87128","8.79739,4.88337","8.8177,4.88337","8.84818,4.89545","8.85834,4.90754","8.91929,4.90754","8.95993,4.91963","9.01072,4.9438","9.05135,4.9438","9.10215,4.95589","9.09199,4.9438","9.19357,4.96798","9.24437,4.98007","9.285,4.96798","9.3358,4.99215","9.38659,4.99215","9.38659,4.99215","9.47802,5.04051","9.52881,5.05259","9.55929,5.06468","9.61008,5.08886","9.6304,5.11303","9.6304,5.11303","9.68119,5.14929","9.73198,5.14929","9.77262,5.17347","9.80309,5.18556","9.86405,5.20973","9.86405,5.20973","9.925,5.23391","9.95547,5.24599","9.97579,5.24599","10.0063,5.24599","10.0367,5.25808","10.0367,5.27017","10.0977,5.28226","10.1282,5.29434","10.1688,5.28226","10.1993,5.29434","10.2196,5.29434","10.2196,5.29434","10.2805,5.30643","10.3212,5.33061","10.3415,5.34269","10.372,5.35478","10.4025,5.36687","10.3923,5.35478","10.4532,5.39104","10.4837,5.39104","10.504,5.40313","10.5244,5.42731","10.5548,5.43939","10.565,5.42731","10.5955,5.46357","10.6259,5.46357","10.6361,5.47566","10.6666,5.49983","10.6767,5.51192","10.6869,5.49983","10.7174,5.52401","10.7478,5.53609","10.758,5.53609","10.7885,5.53609","10.7986,5.53609","10.7986,5.53609","10.8393,5.53609","10.8596,5.53609","10.8799,5.53609","10.9002,5.53609","10.9205,5.53609","10.9205,5.53609","10.9409,5.54818","10.9612,5.56027","10.9713,5.54818","10.9713,5.57236","10.9815,5.57236","10.9917,5.57236","11.0018,5.59653","11.0221,5.60862","11.0323,5.60862","11.0323,5.62071","11.0323,5.64488","11.0323,5.64488","11.0526,5.66906","11.0526,5.68114","11.0628,5.68114","11.0729,5.69323","11.0729,5.71741","11.0729,5.71741","11.0831,5.75367","11.1034,5.75367","11.1034,5.76576","11.1136,5.78993","11.1136,5.80202","11.1136,5.78993","11.1339,5.8262","11.1542,5.8262","11.1644,5.83828","11.1847,5.85037","11.1948,5.85037","11.1948,5.85037","11.2253,5.87455","11.2456,5.87455","11.2761,5.88663","11.2863,5.89872","11.3066,5.89872","11.3066,5.89872","11.3574,5.91081","11.3675,5.93498","11.398,5.94707","11.4082,5.93498","11.4285,5.95916","11.4285,5.95916","11.459,5.98333","11.4691,5.99542","11.4894,5.99542","11.4996,6.00751","11.5097,6.03168","11.5199,6.03168","11.5301,6.05586","11.5504,6.06795","11.5605,6.06795","11.5605,6.09212","11.5605,6.10421","11.5605,6.1163","11.5809,6.14047","11.5809,6.15256","11.591,6.17673","11.6012,6.20091","11.591,6.22508","11.6012,6.22508","11.6012,6.26135","11.6113,6.27343","11.6215,6.29761","11.6113,6.32178","11.6316,6.34596","11.6316,6.34596","11.6418,6.38222","11.652,6.39431","11.6621,6.41848","11.6723,6.43057","11.6926,6.44266","11.6926,6.45475","11.7332,6.46684","11.7536,6.5031","11.7739,6.5031","11.7942,6.51519","11.8247,6.52727","11.8145,6.52727","11.8755,6.53936","11.9059,6.55145","11.9263,6.55145","11.9466,6.56354","11.977,6.58771","11.9872,6.58771","12.0177,6.61189","12.0482,6.62397","12.0685,6.62397","12.0888,6.63606","12.1091,6.66024","12.1091,6.66024","12.1497,6.68441","12.1802,6.6965","12.2107,6.6965","12.2209,6.70859","12.2513,6.74485","12.2412,6.73276","12.3021,6.78111","12.3224,6.7932","12.3529,6.80529","12.3732,6.82946","12.3935,6.84155","12.3935,6.82946","12.4443,6.85364","12.485,6.85364",,,,,,,,,,,,,,,,,,,,,,,,,,,,,,,,,,,,,,,,
"7.4666,4.9438","7.47676,4.9438","7.48692,4.93172","7.49708,4.91963","7.49708,4.93172","7.5174,4.91963","7.52756,4.93172","7.54787,4.91963","7.56819,4.93172","7.58851,4.91963","7.58851,4.93172","7.6393,4.93172","7.66978,4.93172","7.70025,4.9438","7.73073,4.95589","7.77136,4.95589","7.77136,4.95589","7.84247,4.99215","7.88311,5.01633","7.92374,5.05259","7.96438,5.06468","7.99485,5.08886","7.99485,5.08886","8.07612,5.13721","8.11676,5.14929","8.16755,5.16138","8.21834,5.18556","8.26914,5.19764","8.26914,5.18556","8.37072,5.22182","8.43168,5.20973","8.48247,5.22182","8.5231,5.20973","8.58406,5.23391","8.58406,5.23391","8.67548,5.24599","8.72628,5.24599","8.77707,5.27017","8.8177,5.29434","8.8685,5.31852","8.8685,5.31852","8.95993,5.35478","9.00056,5.37896","9.05135,5.40313","9.09199,5.41522","9.13262,5.41522","9.13262,5.41522","9.22405,5.43939","9.27484,5.45148","9.31548,5.47566","9.36627,5.47566","9.39675,5.47566","9.40691,5.47566","9.48818,5.48774","9.52881,5.47566","9.56944,5.49983","9.61008,5.51192","9.64056,5.49983","9.65071,5.51192","9.72182,5.52401","9.76246,5.54818","9.79293,5.57236","9.82341,5.58444","9.86405,5.59653","9.86405,5.60862","9.925,5.63279","9.95547,5.64488","9.98595,5.66906","10.0164,5.68114","10.0367,5.68114","10.0367,5.68114","10.0977,5.70532","10.1282,5.70532","10.1485,5.71741","10.1688,5.72949","10.1993,5.71741","10.1993,5.72949","10.2298,5.71741","10.2501,5.74158","10.2704,5.74158","10.2805,5.74158","10.311,5.75367","10.311,5.74158","10.3415,5.75367","10.3517,5.74158","10.372,5.75367","10.3923,5.75367","10.4025,5.76576","10.4025,5.77785","10.4431,5.78993","10.4532,5.81411","10.4736,5.81411","10.4837,5.8262","10.504,5.8262","10.504,5.8262","10.5345,5.83828","10.5548,5.86246","10.5752,5.87455","10.5955,5.87455","10.6158,5.88663","10.6158,5.89872","10.6564,5.89872","10.6767,5.91081","10.6971,5.9229","10.7275,5.9229","10.7478,5.9229","10.7478,5.9229","10.7885,5.93498","10.8088,5.94707","10.8291,5.94707","10.8596,5.94707","10.8698,5.94707","10.8698,5.94707","10.9104,5.95916","10.9307,5.98333","10.951,5.99542","10.9713,5.99542","10.9815,6.00751","10.9815,6.0196","11.012,6.0196","11.0221,6.03168","11.0424,6.05586","11.0526,6.06795","11.0729,6.06795","11.0729,6.06795","11.1034,6.09212","11.1237,6.10421","11.144,6.1163","11.1542,6.1163","11.1745,6.12838","11.1745,6.14047","11.2151,6.14047","11.2355,6.14047","11.2558,6.15256","11.2761,6.16465","11.2964,6.16465","11.2964,6.16465","11.337,6.16465","11.3574,6.17673","11.3777,6.18882","11.398,6.18882","11.4183,6.20091","11.4183,6.213","11.4488,6.213","11.4691,6.22508","11.4793,6.24926","11.4894,6.26135","11.4996,6.26135","11.4996,6.26135","11.5199,6.28552","11.5301,6.29761","11.5402,6.32178","11.5504,6.34596","11.5504,6.35805","11.5504,6.34596","11.5707,6.38222","11.5809,6.39431","11.6012,6.43057","11.6215,6.43057","11.6316,6.44266","11.6316,6.45475","11.6723,6.47892","11.6926,6.49101","11.7129,6.51519","11.7332,6.52727","11.7536,6.52727","11.7536,6.52727","11.7942,6.53936","11.8247,6.55145","11.845,6.55145","11.8755,6.55145","11.8958,6.56354","11.8958,6.57562","11.9466,6.57562","11.9669,6.57562","11.9974,6.58771","12.0177,6.61189","12.0482,6.61189","12.0482,6.61189","12.0888,6.63606","12.1193,6.64815","12.1396,6.63606","12.1599,6.66024","12.1802,6.67232","12.1904,6.66024","12.231,6.6965","12.2615,6.6965","12.2818,6.72067","12.3021,6.73276","12.3326,6.75694","12.3326,6.75694","12.3834,6.76902","12.4139,6.76902","12.4443,6.76902","12.4748,6.78111","12.5053,6.7932",,,,,,,,,,,,,,,,,,,,,,,,,,,,,,,,,,,,,,,,,,,,,,,,,,,,,,,,,,,,,,,,,,,,,,,,,
"7.96438,5.02842","7.97454,5.02842","7.9847,5.02842","7.99485,5.01633","8.00501,5.02842","8.02533,5.01633","8.04565,5.01633","8.06597,5.00424","8.09644,4.99215","8.12692,5.00424","8.12692,4.99215","8.17771,4.99215","8.21834,4.99215","8.24882,4.99215","8.2793,4.99215","8.33009,4.99215","8.31993,4.99215","8.4012,5.00424","8.44184,4.99215","8.49263,5.01633","8.5231,5.02842","8.5739,5.02842","8.56374,5.02842","8.65517,5.05259","8.6958,5.06468","8.73644,5.07677","8.77707,5.07677","8.8177,5.08886","8.8177,5.10094","8.88882,5.11303","8.94977,5.12512","9.00056,5.12512","9.0412,5.13721","9.09199,5.14929","9.10215,5.14929","9.19357,5.17347","9.25453,5.18556","9.30532,5.20973","9.35611,5.23391","9.40691,5.25808","9.39675,5.25808","9.48818,5.29434","9.51865,5.31852","9.56944,5.34269","9.59992,5.36687","9.65071,5.39104","9.64056,5.39104","9.73198,5.43939","9.77262,5.46357","9.81325,5.49983","9.85389,5.52401","9.88436,5.54818","9.89452,5.54818","9.97579,5.58444","10.0063,5.58444","10.0469,5.59653","10.0774,5.62071","10.1079,5.63279","10.118,5.62071","10.179,5.65697","10.2196,5.65697","10.2602,5.66906","10.3009,5.68114","10.3415,5.68114","10.3415,5.68114","10.4126,5.71741","10.4634,5.74158","10.4837,5.76576","10.504,5.77785","10.5345,5.77785","10.5447,5.77785","10.5955,5.81411","10.6361,5.83828","10.6666,5.86246","10.6869,5.87455","10.7174,5.87455","10.7275,5.87455","10.758,5.91081","10.7986,5.93498","10.8291,5.95916","10.8393,5.97125","10.8799,5.98333","10.8799,5.99542","10.9307,5.99542","10.9409,6.00751","10.9713,6.03168","10.9917,6.03168","11.012,6.04377","11.012,6.03168","11.0729,6.06795","11.1034,6.05586","11.1339,6.06795","11.1644,6.06795","11.1948,6.08003","11.1948,6.08003","11.2355,6.10421","11.2558,6.1163","11.2863,6.12838","11.3066,6.15256","11.3269,6.16465","11.3269,6.15256","11.3574,6.18882","11.3675,6.20091","11.3878,6.22508","11.4082,6.23717","11.4183,6.23717","11.4082,6.23717","11.4386,6.27343","11.4386,6.29761","11.4386,6.3097","11.4488,6.3097","11.459,6.3097","11.459,6.3097","11.4793,6.33387","11.4894,6.34596","11.5097,6.37013","11.5199,6.37013","11.5199,6.38222","11.5199,6.37013","11.5402,6.39431","11.5605,6.4064","11.5707,6.4064","11.591,6.4064","11.6113,6.41848","11.6113,6.43057","11.6316,6.43057","11.652,6.44266","11.6723,6.45475","11.6824,6.45475","11.6824,6.45475","11.6824,6.45475","11.7028,6.47892","11.7231,6.47892","11.7332,6.49101","11.7536,6.5031","11.7637,6.5031","11.7536,6.5031","11.7942,6.51519","11.8043,6.53936","11.8043,6.53936","11.8247,6.55145","11.8348,6.55145","11.845,6.55145","11.8551,6.56354","11.8856,6.58771","11.8856,6.5998","11.8958,6.5998","11.9263,6.61189","11.9161,6.62397","11.9567,6.63606","11.977,6.66024","11.9872,6.67232","12.0075,6.67232","12.0177,6.67232","12.0278,6.67232","12.0685,6.68441","12.0888,6.70859","12.1193,6.72067","12.1599,6.70859","12.1802,6.73276","12.1904,6.73276","12.2412,6.73276","12.2818,6.73276","12.3123,6.73276","12.3326,6.73276","12.3631,6.73276","12.3732,6.73276","12.4139,6.74485","12.4545,6.74485","12.4748,6.74485","12.5053,6.74485","12.5459,6.74485","12.5459,6.74485","12.6069,6.75694","12.6374,6.76902","12.6678,6.75694","12.7085,6.76902",,,,,,,,,,,,,,,,,,,,,,,,,,,,,,,,,,,,,,,,,,,,,,,,,,,,,,,,,,,,,,,,,,,,,,,,,,,,,,,,,,,,,,,,,,,,
"6.90788,5.35478","6.91804,5.35478","6.9282,5.35478","6.9282,5.35478","6.9282,5.35478","6.94851,5.36687","6.96883,5.37896","6.98915,5.37896","7.00947,5.39104","7.02978,5.40313","7.02978,5.40313","7.08058,5.42731","7.12121,5.43939","7.15169,5.45148","7.172,5.47566","7.21264,5.49983","7.21264,5.49983","7.27359,5.53609","7.31423,5.57236","7.35486,5.60862","7.39549,5.63279","7.43613,5.65697","7.43613,5.66906","7.53772,5.71741","7.59867,5.74158","7.64946,5.75367","7.73073,5.77785","7.79168,5.78993","7.79168,5.78993","7.92374,5.81411","8.00501,5.8262","8.07612,5.83828","8.14723,5.83828","8.21834,5.85037","8.2285,5.85037","8.35041,5.89872","8.41136,5.93498","8.47231,5.97125","8.54342,6.0196","8.60437,6.05586","8.61453,6.05586","8.72628,6.10421","8.80755,6.14047","8.87866,6.16465","8.94977,6.18882","9.03104,6.20091","9.03104,6.20091","9.18342,6.23717","9.25453,6.24926","9.3358,6.24926","9.41707,6.24926","9.48818,6.24926","9.48818,6.24926","9.64056,6.26135","9.72182,6.27343","9.79293,6.29761","9.85389,6.33387","9.90468,6.35805","9.91484,6.35805","10.0266,6.4064","10.1079,6.44266","10.1688,6.46684","10.2298,6.47892","10.3009,6.5031","10.2907,6.5031","10.4126,6.53936","10.4634,6.55145","10.504,6.56354","10.5345,6.56354","10.5752,6.56354","10.5752,6.56354","10.6564,6.57562","10.6971,6.57562","10.7377,6.58771","10.7682,6.58771","10.7783,6.5998","10.7885,6.5998","10.8291,6.63606","10.8596,6.66024","10.9002,6.68441","10.9205,6.6965","10.951,6.72067","10.951,6.72067","11.0018,6.75694","11.0323,6.76902","11.0424,6.78111","11.0729,6.7932","11.0831,6.80529","11.0932,6.80529","11.1339,6.80529","11.144,6.80529","11.1745,6.7932","11.1745,6.7932","11.1847,6.78111","11.1948,6.78111","11.2151,6.76902","11.2253,6.76902","11.2456,6.78111","11.2659,6.7932","11.2761,6.7932","11.2659,6.7932","11.3066,6.81737","11.3269,6.82946","11.3472,6.84155","11.3675,6.85364","11.3878,6.87781","11.3878,6.87781","11.4285,6.91407","11.4488,6.92616","11.4691,6.92616","11.4793,6.93825","11.4894,6.93825","11.4996,6.93825","11.5199,6.95034","11.5402,6.95034","11.5504,6.95034","11.5707,6.93825","11.591,6.92616","11.591,6.92616","11.6215,6.92616","11.6316,6.92616","11.6621,6.92616","11.6723,6.93825","11.7028,6.95034","11.7028,6.95034","11.7434,6.96242","11.7739,6.97451","11.8043,6.9866","11.8247,6.9866","11.8551,6.9866","11.8653,6.9866","11.9059,6.99869","11.9263,6.99869","11.9567,6.9866","11.9872,6.9866","11.9974,6.97451","12.0075,6.97451","12.0482,6.92616","12.0786,6.90199","12.1091,6.87781","12.1396,6.86572","12.1802,6.85364","12.1904,6.85364","12.2513,6.84155","12.292,6.82946","12.3326,6.82946","12.3834,6.82946","12.4443,6.82946","12.4443,6.82946","12.5358,6.82946","12.5764,6.81737","12.617,6.80529","12.6678,6.7932","12.7186,6.76902",,,,,,,,,,,,,,,,,,,,,,,,,,,,,,,,,,,,,,,,,,,,,,,,,,,,,,,,,,,,,,,,,,,,,,,,,,,,,,,,,,,,,,,,,,,,,,,,,,,,,,,,,,,,,,,,,,,
"7.72057,5.57236","7.75105,5.57236","7.79168,5.57236","7.82216,5.57236","7.83232,5.57236","7.91359,5.57236","7.96438,5.56027","8.02533,5.54818","8.08628,5.54818","8.14723,5.53609","8.14723,5.52401","8.26914,5.49983","8.34025,5.48774","8.4012,5.46357","8.47231,5.45148","8.54342,5.46357","8.54342,5.46357","8.68564,5.48774","8.74659,5.51192","8.82786,5.53609","8.89897,5.54818","8.95993,5.57236","8.97008,5.57236","9.11231,5.60862","9.19357,5.59653","9.27484,5.62071","9.34595,5.62071","9.43738,5.63279","9.44754,5.62071","9.59992,5.64488","9.68119,5.65697","9.76246,5.65697","9.83357,5.66906","9.925,5.69323","9.925,5.70532","10.0672,5.74158","10.1383,5.77785","10.2094,5.80202","10.2805,5.8262","10.3517,5.86246","10.3517,5.87455","10.4837,5.89872","10.5447,5.9229","10.6056,5.93498","10.6767,5.97125","10.7377,5.97125","10.7377,5.97125","10.8596,6.0196","10.9205,6.05586","10.9713,6.10421","11.0221,6.14047","11.0628,6.16465","11.0628,6.17673","11.144,6.24926","11.1948,6.28552","11.2355,6.3097","11.2761,6.34596","11.3167,6.38222","11.3167,6.38222","11.398,6.43057","11.4386,6.45475","11.4691,6.47892","11.4996,6.49101","11.5301,6.51519","11.5402,6.52727","11.591,6.56354","11.6215,6.5998","11.652,6.61189","11.6723,6.64815","11.6926,6.64815","11.7028,6.64815","11.7434,6.6965","11.7739,6.70859","11.7942,6.74485","11.8145,6.74485","11.8348,6.75694","11.8348,6.76902","11.8653,6.78111","11.8958,6.81737","11.9161,6.81737","11.9364,6.82946","11.9567,6.85364","11.9669,6.85364","12.0075,6.86572","12.0278,6.85364","12.0482,6.85364","12.0786,6.85364","12.0989,6.85364","12.0989,6.85364","12.1802,6.85364","12.2209,6.84155","12.2615,6.81737","12.3123,6.80529","12.3631,6.78111","12.3631,6.78111","12.4647,6.70859","12.5256,6.66024","12.5764,6.62397","12.6272,6.58771","12.6678,6.55145","12.6678,6.53936","12.7491,6.5031","12.7796,6.46684","12.8101,6.44266",,,,,,,,,,,,,,,,,,,,,,,,,,,,,,,,,,,,,,,,,,,,,,,,,,,,,,,,,,,,,,,,,,,,,,,,,,,,,,,,,,,,,,,,,,,,,,,,,,,,,,,,,,,,,,,,,,,,,,,,,,,,,,,,,,,,,,,,,,,,,,,,,,,,,,,,,,,,,,,,,,,,,
"8.14723,5.87455","8.19803,5.86246","8.25898,5.86246","8.31993,5.86246","8.31993,5.86246","8.47231,5.91081","8.54342,5.93498","8.62469,5.95916","8.70596,5.98333","8.79739,6.00751","8.79739,6.00751","8.95993,6.03168","9.0412,6.03168","9.13262,6.03168","9.23421,6.04377","9.3358,6.04377","9.34595,6.04377","9.53897,6.05586","9.64056,6.05586","9.74214,6.06795","9.85389,6.08003","9.95547,6.1163","9.96563,6.1163","10.0266,6.08003","10.118,6.1163","10.2399,6.15256","10.3313,6.20091","10.4329,6.22508","10.4431,6.23717","10.4634,6.27343","10.4431,6.24926","10.4532,6.22508","10.4634,6.213","10.5447,6.18882","10.5548,6.18882","10.5447,6.18882","10.5955,6.20091","10.6767,6.213","10.7174,6.24926","10.758,6.28552","10.7682,6.28552","10.7783,6.29761","10.7885,6.3097","10.7783,6.32178","10.7783,6.32178","12.292,6.58771","12.292,6.58771","12.4443,6.56354","12.5358,6.55145","12.5967,6.55145","12.6678,6.55145","12.7389,6.55145","12.7389,6.55145","12.8913,6.53936","12.9624,6.52727","13.0132,6.5031","13.0742,6.49101","13.1148,6.46684","13.1148,6.46684","13.1859,6.43057","13.2266,6.4064","13.2774,6.38222","13.3281,6.34596","13.3586,6.3097","13.3688,6.29761","13.4196,6.213","13.4602,6.16465","13.4907,6.10421","13.4907,6.04377","13.5008,5.97125","13.511,5.97125","13.5313,5.86246","13.5415,5.78993",,,,,,,,,,,,,,,,,,,,,,,,,,,,,,,,,,,,,,,,,,,,,,,,,,,,,,,,,,,,,,,,,,,,,,,,,,,,,,,,,,,,,,,,,,,,,,,,,,,,,,,,,,,,,,,,,,,,,,,,,,,,,,,,,,,,,,,,,,,,,,,,,,,,,,,,,,,,,,,,,,,,,,,,,,,,,,,,,,,,,,,,,,,,,,,,,,,,
"7.28375,6.06795","7.30407,6.06795","7.33454,6.05586","7.36502,6.05586","7.36502,6.05586","7.43613,6.04377","7.47676,6.03168","7.5174,6.0196","7.56819,6.00751","7.61898,5.98333","7.61898,5.98333","7.72057,5.94707","7.78152,5.93498","7.83232,5.9229","7.89327,5.9229","7.96438,5.9229","7.96438,5.9229","8.08628,5.94707","8.15739,5.95916","8.2285,5.98333","8.29961,5.99542","8.36057,5.99542","8.37072,5.99542","8.51295,6.0196","8.59421,6.0196","8.66533,6.0196","8.74659,6.0196","8.82786,6.03168","8.83802,6.03168","8.9904,6.03168","9.08183,6.03168","9.1631,6.03168","9.23421,6.03168","9.31548,6.03168","9.31548,6.03168","9.4577,6.04377","9.52881,6.04377","9.59992,6.04377","9.68119,6.04377","9.7523,6.03168","9.7523,6.03168","9.8742,6.00751","9.94531,6.00751","9.99611,6.00751","10.0571,6.00751","10.118,6.0196","10.118,6.0196","10.2196,6.03168","10.2805,6.04377","10.3313,6.04377","10.3821,6.04377","10.4228,6.04377","10.4228,6.04377","10.5142,6.05586","10.5548,6.06795","10.5955,6.09212","10.6361,6.1163","10.6666,6.14047","10.6666,6.14047","10.7377,6.16465","10.7682,6.18882","10.7986,6.20091","10.8291,6.213","10.8596,6.213","10.8698,6.213","10.9205,6.23717","10.951,6.24926","10.9815,6.26135","11.0018,6.28552","11.0221,6.29761","11.0221,6.29761","11.0831,6.35805","11.1034,6.38222","11.1339,6.41848","11.144,6.43057","11.1644,6.45475","11.1644,6.45475","11.205,6.49101","11.2355,6.51519","11.2659,6.53936","11.2863,6.55145","11.3167,6.57562","11.3167,6.57562","11.3574,6.58771","11.3777,6.58771","11.398,6.5998","11.4183,6.5998","11.4285,6.61189","11.4285,6.61189","11.4793,6.63606","11.4996,6.64815","11.5097,6.66024","11.5301,6.66024","11.5402,6.67232","11.5402,6.67232","11.5707,6.67232","11.591,6.67232","11.6012,6.68441","11.6215,6.68441","11.6316,6.68441","11.6316,6.68441","11.6621,6.67232","11.6824,6.67232","11.7028,6.66024","11.7231,6.66024","11.7434,6.64815","11.7434,6.64815","11.784,6.64815","11.8043,6.64815","11.8348,6.64815","11.8551,6.64815","11.8755,6.64815","11.8755,6.64815","11.9263,6.66024","11.9466,6.67232","11.977,6.67232","11.9974,6.68441","12.0177,6.68441","12.0177,6.68441","12.0685,6.68441","12.0989,6.68441","12.1294,6.68441","12.1599,6.68441","12.2005,6.68441","12.2005,6.68441","12.2615,6.67232","12.3021,6.67232","12.3326,6.66024","12.3631,6.66024","12.4037,6.64815","12.4037,6.64815","12.4647,6.63606","12.5053,6.63606","12.5459,6.62397","12.5967,6.62397","12.6272,6.61189","12.6374,6.61189","12.7186,6.58771","12.7593,6.58771",,,,,,,,,,,,,,,,,,,,,,,,,,,,,,,,,,,,,,,,,,,,,,,,,,,,,,,,,,,,,,,,,,,,,,,,,,,,,,,,,,,,,,,,,,,,,,,,,,,,,,,,,,,,,,,,,,,,,,,,,,,,,,,,,,
"7.92374,6.44266","7.96438,6.44266","8.01517,6.44266","8.06597,6.44266","8.06597,6.44266","8.17771,6.43057","8.24882,6.41848","8.31993,6.41848","8.39104,6.4064","8.46215,6.4064","8.47231,6.4064","8.59421,6.39431","8.66533,6.39431","8.74659,6.39431","8.8177,6.4064","8.87866,6.41848","8.88882,6.41848","9.0412,6.43057","9.11231,6.43057","9.19357,6.43057","9.27484,6.43057","9.35611,6.43057","9.35611,6.43057","9.52881,6.43057","9.59992,6.43057","9.70151,6.44266","9.79293,6.44266","9.86405,6.45475","9.8742,6.45475","10.0367,6.47892","10.1282,6.49101","10.2196,6.5031","10.2907,6.5031","10.3923,6.5031","10.3923,6.5031","10.5548,6.51519","10.6463,6.51519","10.7377,6.52727","10.8291,6.53936","10.9002,6.56354","10.9104,6.56354","11.0729,6.58771","11.1542,6.61189","11.2253,6.62397","11.3167,6.62397","11.3878,6.62397","11.398,6.62397","11.5504,6.63606","11.652,6.64815","11.7332,6.64815","11.8145,6.66024","11.8958,6.67232","11.8958,6.67232","12.0583,6.6965","12.1294,6.70859","12.1904,6.73276","12.2615,6.74485","12.3326,6.75694","12.3326,6.75694","12.4545,6.75694","12.5155,6.75694","12.5764,6.74485","12.6374,6.72067","12.6983,6.70859","12.6983,6.6965","12.8101,6.67232","12.8812,6.64815","12.932,6.62397","12.9827,6.5998","13.0132,6.56354","13.0234,6.56354","13.0742,6.52727","13.1148,6.47892","13.1554,6.43057","13.1758,6.38222","13.1961,6.32178",,,,,,,,,,,,,,,,,,,,,,,,,,,,,,,,,,,,,,,,,,,,,,,,,,,,,,,,,,,,,,,,,,,,,,,,,,,,,,,,,,,,,,,,,,,,,,,,,,,,,,,,,,,,,,,,,,,,,,,,,,,,,,,,,,,,,,,,,,,,,,,,,,,,,,,,,,,,,,,,,,,,,,,,,,,,,,,,,,,,,,,,,,,,,,,,,
"7.33454,6.76902","7.3447,6.76902","7.37518,6.78111","7.38534,6.78111","7.39549,6.78111","7.42597,6.78111","7.4666,6.76902","7.49708,6.75694","7.52756,6.74485","7.57835,6.73276","7.56819,6.73276","7.64946,6.68441","7.71041,6.64815","7.76121,6.61189","7.812,6.58771","7.89327,6.56354","7.90343,6.56354","8.02533,6.55145","8.1066,6.55145","8.18787,6.55145","8.26914,6.55145","8.34025,6.53936","8.36057,6.53936","8.49263,6.53936","8.56374,6.52727","8.64501,6.52727","8.72628,6.51519","8.80755,6.51519","8.8177,6.51519","8.94977,6.49101","9.0412,6.47892","9.12246,6.46684","9.19357,6.45475","9.285,6.45475","9.285,6.45475","9.42722,6.45475","9.51865,6.46684","9.61008,6.47892","9.69135,6.49101","9.77262,6.5031","9.78278,6.5031","9.93516,6.49101","10.0063,6.49101","10.0875,6.49101","10.1688,6.49101","10.2399,6.49101","10.2501,6.49101","10.3821,6.49101","10.4532,6.49101","10.5244,6.49101","10.5853,6.5031","10.6463,6.51519","10.6564,6.51519","10.7783,6.56354","10.8494,6.58771","10.8901,6.61189","10.951,6.63606","11.0018,6.64815","11.012,6.64815","11.0831,6.67232","11.144,6.6965","11.1948,6.72067","11.2253,6.73276","11.2659,6.75694","11.2659,6.75694","11.3269,6.80529","11.3675,6.82946","11.4183,6.86572","11.4488,6.90199","11.4894,6.92616","11.4894,6.92616","11.5605,6.9866","11.6012,7.01077","11.6316,7.03495","11.6621,7.04704","11.6723,7.04704","11.6824,7.04704","11.6926,7.05912","11.7129,7.07121","11.7434,7.0833","11.7536,7.09539","11.784,7.11956","11.784,7.11956","11.8348,7.11956","11.8653,7.11956","11.8856,7.11956","11.9161,7.11956","11.9466,7.10747","11.9364,7.10747","12.0075,7.09539","12.038,7.0833","12.0685,7.07121","12.0989,7.05912","12.1294,7.04704","12.1294,7.04704","12.2005,7.03495","12.2513,7.03495","12.292,7.02286","12.3326,7.02286","12.3631,6.99869","12.3732,6.99869","12.424,6.97451","12.4647,6.95034","12.4951,6.93825","12.5155,6.91407","12.5256,6.8899","12.5358,6.8899","12.5764,6.87781","12.6069,6.87781","12.6577,6.86572","12.6983,6.86572","12.7491,6.85364","12.7593,6.85364","12.8507,6.85364","12.9116,6.84155","12.9624,6.82946","13.0132,6.81737","13.064,6.7932","13.064,6.7932","13.1453,6.73276","13.1859,6.6965","13.2266,6.66024",,,,,,,,,,,,,,,,,,,,,,,,,,,,,,,,,,,,,,,,,,,,,,,,,,,,,,,,,,,,,,,,,,,,,,,,,,,,,,,,,,,,,,,,,,,,,,,,,,,,,,,,,,,,,,,,,,,,,,,,,,,,,,,,,,,,,,,,,,,,,,,,,,,
"7.77136,7.13165","7.812,7.11956","7.87295,7.11956","7.92374,7.11956","7.9339,7.11956","8.05581,7.14374","8.11676,7.16791","8.17771,7.19209","8.24882,7.22835","8.31993,7.25253","8.31993,7.26461","8.46215,7.30088","8.54342,7.32505","8.61453,7.33714","8.6958,7.34923","8.77707,7.36131","8.77707,7.3734","8.93961,7.39758","9.02088,7.40966","9.10215,7.42175","9.18342,7.44593","9.26469,7.45801","9.26469,7.45801","9.41707,7.4701","9.49833,7.4701","9.5796,7.48219","9.66087,7.48219","9.74214,7.49428","9.74214,7.49428","9.90468,7.50636","9.98595,7.51845","10.0672,7.53054","10.1383,7.53054","10.2196,7.53054","10.2196,7.53054","10.372,7.51845","10.4532,7.50636","10.5345,7.50636","10.6056,7.50636","10.6869,7.50636","10.6869,7.50636","10.8291,7.4701","10.9002,7.4701","10.9612,7.45801","11.0323,7.43384","11.0932,7.40966","11.1034,7.40966","11.2151,7.36131","11.2863,7.34923","11.3472,7.33714","11.4082,7.32505","11.459,7.31296","11.4691,7.31296","11.5707,7.30088","11.6316,7.28879","11.6824,7.2767","11.7332,7.26461","11.784,7.25253","11.784,7.25253","11.8958,7.22835","11.9567,7.24044","12.0075,7.24044","12.0583,7.22835","12.1091,7.22835","12.1193,7.22835","12.2107,7.22835","12.2615,7.24044","12.3123,7.24044","12.3428,7.25253","12.3834,7.25253","12.3834,7.25253","12.4647,7.26461","12.5053,7.26461",,,,,,,,,,,,,,,,,,,,,,,,,,,,,,,,,,,,,,,,,,,,,,,,,,,,,,,,,,,,,,,,,,,,,,,,,,,,,,,,,,,,,,,,,,,,,,,,,,,,,,,,,,,,,,,,,,,,,,,,,,,,,,,,,,,,,,,,,,,,,,,,,,,,,,,,,,,,,,,,,,,,,,,,,,,,,,,,,,,,,,,,,,,,,,,,,,,,
"6.79613,7.59098","6.83677,7.59098","6.88756,7.59098","6.9282,7.57889","6.9282,7.59098","7.03994,7.59098","7.11105,7.59098","7.172,7.60306","7.23296,7.61515","7.29391,7.61515","7.30407,7.61515","7.42597,7.61515","7.48692,7.60306","7.54787,7.60306","7.60883,7.59098","7.67994,7.5668","7.66978,7.5668","7.812,7.57889","7.90343,7.60306","7.99485,7.62724","8.08628,7.65141","8.14723,7.6635","8.14723,7.65141","8.29961,7.68768","8.4012,7.68768","8.48247,7.68768","8.56374,7.68768","8.63485,7.71185","8.63485,7.71185","8.75675,7.71185","8.82786,7.72394","8.90913,7.74811","8.97008,7.7602","9.0412,7.74811","9.03104,7.7602","9.15294,7.74811","9.21389,7.74811","9.27484,7.7602","9.3358,7.74811","9.38659,7.74811","9.38659,7.74811","9.48818,7.74811","9.53897,7.74811","9.5796,7.74811","9.6304,7.74811","9.66087,7.74811","9.67103,7.74811","9.76246,7.73603","9.83357,7.72394","9.8742,7.73603","9.93516,7.72394","9.99611,7.73603","9.99611,7.72394","10.118,7.73603","10.1891,7.74811","10.2399,7.7602","10.2805,7.7602","10.3313,7.77229","10.3415,7.78438","10.4126,7.78438","10.4736,7.79646","10.5142,7.80855","10.5548,7.79646","10.5955,7.80855","10.5955,7.80855","10.6666,7.80855","10.6869,7.80855","10.7174,7.79646","10.7478,7.79646","10.758,7.78438","10.7682,7.77229","10.8088,7.77229","10.8291,7.7602","10.8596,7.74811","10.8799,7.73603","10.9002,7.72394","10.9002,7.73603","10.9409,7.71185","10.9713,7.71185","10.9917,7.72394","11.012,7.72394","11.0424,7.72394","11.0526,7.72394","11.0831,7.71185","11.1136,7.68768","11.1237,7.67559","11.1542,7.67559","11.1644,7.6635","11.1745,7.65141","11.2151,7.6635","11.2355,7.65141","11.2659,7.65141","11.2964,7.6635","11.3066,7.65141","11.3167,7.6635","11.3574,7.65141","11.3777,7.6635","11.398,7.65141","11.4082,7.6635","11.4386,7.65141","11.4285,7.6635","11.459,7.65141","11.4691,7.65141","11.4894,7.65141","11.4996,7.63933","11.4996,7.62724","11.4996,7.62724","11.5097,7.61515","11.5199,7.59098","11.5199,7.57889","11.5301,7.57889","11.5402,7.55471","11.5301,7.55471","11.5605,7.53054","11.5707,7.53054","11.591,7.51845","11.6113,7.49428","11.6215,7.49428","11.6113,7.49428","11.6418,7.48219","11.652,7.49428","11.6824,7.48219","11.6824,7.48219","11.7028,7.48219","11.7028,7.48219","11.7434,7.4701","11.7637,7.44593","11.7739,7.43384","11.7942,7.43384","11.8145,7.40966","11.8145,7.40966","11.845,7.39758","11.8551,7.3734","11.8856,7.3734","11.8958,7.3734","11.9161,7.38549","11.9161,7.39758","11.9567,7.38549","11.977,7.39758","11.9974,7.38549","12.0278,7.38549","12.0482,7.38549","12.0482,7.38549","12.0888,7.3734","12.1193,7.36131","12.1599,7.36131","12.1802,7.36131","12.2209,7.36131","12.2209,7.36131","12.2818,7.3734","12.3123,7.3734","12.3326,7.38549","12.3631,7.40966","12.3935,7.40966","12.3834,7.40966","12.4443,7.43384","12.4748,7.44593","12.5053,7.44593","12.5459,7.45801","12.5764,7.48219","12.5662,7.48219","12.6475,7.50636",,,,,,,,,,,,,,,,,,,,,,,,,,,,,,,,,,,,,,,,,,,,,,,,,,,,,,,,,,,,,,,,,,,,,,,,,,,,,,,,,,,,,,,,,,,,,,,,,,,,,,,,,,,
"7.97454,7.69976","8.04565,7.71185","8.12692,7.72394","8.20819,7.7602","8.20819,7.74811","8.37072,7.79646","8.45199,7.82064","8.54342,7.83273","8.63485,7.83273","8.72628,7.82064","8.73644,7.83273","8.90913,7.80855","9.01072,7.79646","9.10215,7.79646","9.20373,7.79646","9.29516,7.79646","9.29516,7.79646","9.37643,7.77229","9.47802,7.7602","9.59992,7.67559","9.72182,7.67559","9.84373,7.65141","9.84373,7.65141","9.80309,7.62724","9.84373,7.61515","9.85389,7.60306","9.85389,7.61515","9.83357,7.60306","9.83357,7.61515","9.91484,7.59098","9.99611,7.60306","10.0672,7.61515","10.1383,7.60306","10.2196,7.61515","10.2196,7.60306","10.2298,7.59098","10.2907,7.54263","11.7332,7.59098","11.8348,7.57889","11.9263,7.5668","11.9263,7.5668","11.9567,7.55471","11.9974,7.55471","11.9974,7.54263","11.9974,7.54263","11.9974,7.54263","11.9974,7.54263","11.9974,7.54263","11.9974,7.54263","12.0075,7.51845","11.9974,7.55471","12.0482,7.53054","12.0482,7.53054","12.1396,7.50636","12.2005,7.50636","12.2412,7.49428","12.2818,7.4701",,,,,,,,,,,,,,,,,,,,,,,,,,,,,,,,,,,,,,,,,,,,,,,,,,,,,,,,,,,,,,,,,,,,,,,,,,,,,,,,,,,,,,,,,,,,,,,,,,,,,,,,,,,,,,,,,,,,,,,,,,,,,,,,,,,,,,,,,,,,,,,,,,,,,,,,,,,,,,,,,,,,,,,,,,,,,,,,,,,,,,,,,,,,,,,,,,,,,,,,,,,,,,,,,,,,
"7.42597,8.17118","7.4666,8.15909","7.50724,8.15909","7.54787,8.147","7.54787,8.13492","7.6393,8.12283","7.6901,8.11074","7.77136,8.12283","7.84247,8.12283","7.90343,8.13492","7.90343,8.147","8.04565,8.147","8.11676,8.147","8.19803,8.13492","8.26914,8.12283","8.33009,8.09865","8.34025,8.09865","8.48247,8.07448","8.55358,8.0503","8.62469,8.03822","8.6958,8.03822","8.75675,8.02613","8.75675,8.01404","8.89897,8.02613","8.95993,8.01404","9.0412,8.02613","9.11231,8.01404","9.19357,8.01404","9.20373,8.01404","9.30532,7.97778","9.37643,7.94152","9.44754,7.91734","9.50849,7.89316","9.56944,7.8569","9.5796,7.84481","9.71167,7.82064","9.76246,7.80855","9.84373,7.79646","9.91484,7.79646","9.96563,7.77229","9.97579,7.77229","10.0774,7.73603","10.118,7.71185","10.1586,7.67559","10.2094,7.6635","10.2704,7.62724","10.2805,7.62724","10.372,7.60306","10.4431,7.60306","10.4939,7.59098","10.5548,7.59098","10.5955,7.57889","10.5955,7.59098","10.6869,7.5668","10.7275,7.5668","10.7682,7.55471","10.8088,7.55471","10.8494,7.55471","10.8596,7.55471","10.9409,7.54263","10.9713,7.53054","11.0018,7.54263","11.0323,7.53054","11.0526,7.53054","11.0526,7.53054","11.0932,7.51845","11.1034,7.49428","11.1339,7.4701","11.144,7.44593","11.1644,7.40966","11.1644,7.40966","11.205,7.38549","11.2253,7.36131","11.2456,7.34923","11.2659,7.32505","11.2863,7.32505","11.2863,7.32505","11.3167,7.32505","11.3269,7.33714","11.3472,7.36131","11.3574,7.3734","11.3675,7.3734","11.3777,7.3734","11.398,7.3734","11.4082,7.3734","11.4285,7.3734","11.4488,7.3734","11.4691,7.3734","11.4691,7.3734","11.5199,7.3734","11.5301,7.3734","11.5504,7.36131","11.5707,7.36131","11.5809,7.34923","11.5809,7.33714","11.6113,7.34923","11.6418,7.33714","11.652,7.36131","11.6723,7.36131","11.6824,7.36131","11.6824,7.36131","11.7028,7.34923","11.7129,7.33714","11.7332,7.33714","11.7536,7.32505","11.7739,7.30088","11.7739,7.30088","11.8043,7.2767","11.8145,7.26461","11.845,7.25253","11.8653,7.22835","11.8856,7.20418","11.8856,7.20418","11.9364,7.19209","11.9669,7.19209","11.9872,7.18","12.0177,7.16791","12.0482,7.16791","12.0482,7.16791","12.0786,7.16791","12.1091,7.16791","12.1294,7.16791","12.1497,7.16791","12.1802,7.16791","12.1904,7.16791","12.2412,7.16791","12.2818,7.16791","12.3224,7.16791","12.3529,7.16791","12.3732,7.15582","12.3732,7.15582","12.424,7.15582","12.4647,7.15582","12.4951,7.16791","12.5256,7.18","12.5662,7.19209","12.5764,7.20418","12.6374,7.21626","12.678,7.24044",,,,,,,,,,,,,,,,,,,,,,,,,,,,,,,,,,,,,,,,,,,,,,,,,,,,,,,,,,,,,,,,,,,,,,,,,,,,,,,,,,,,,,,,,,,,,,,,,,,,,,,,,,,,,,,,,,,,,,,,,,,,,,,,,,
"6.52185,8.58215","6.52185,8.58215","6.52185,8.58215","6.52185,8.58215","6.52185,8.58215","6.52185,8.58215","6.52185,8.58215","6.52185,8.58215","6.52185,8.58215","6.52185,8.58215","6.52185,8.58215","6.52185,8.58215","6.52185,8.58215","6.52185,8.58215","6.52185,8.58215","6.53201,8.58215","6.54217,8.58215","6.56249,8.58215","6.57264,8.58215","6.60312,8.58215","6.62344,8.58215","6.64375,8.58215","6.64375,8.58215","6.70471,8.57007","6.73518,8.55798","6.79613,8.54589","6.83677,8.5338","6.88756,8.52172","6.88756,8.52172","6.97899,8.48545","7.0501,8.46128","7.10089,8.4371","7.16185,8.41293","7.23296,8.40084","7.23296,8.40084","7.3447,8.37667","7.41581,8.36458","7.47676,8.36458","7.54787,8.36458","7.61898,8.36458","7.61898,8.36458","7.76121,8.35249","7.82216,8.3404","7.88311,8.32832","7.95422,8.31623","8.03549,8.30414","8.04565,8.30414","8.16755,8.29205","8.24882,8.27997","8.31993,8.26788","8.41136,8.26788","8.46215,8.25579","8.48247,8.25579","8.61453,8.21953","8.68564,8.21953","8.76691,8.20744","8.83802,8.20744","8.89897,8.19535","8.90913,8.19535","9.06151,8.17118","9.12246,8.15909","9.19357,8.147","9.25453,8.13492","9.32564,8.12283","9.32564,8.12283","9.4577,8.11074","9.52881,8.09865","9.58976,8.08657","9.65071,8.07448","9.71167,8.06239","9.71167,8.06239","9.84373,8.0503","9.91484,8.03822","9.96563,8.03822","10.0367,8.03822","10.0774,8.02613","10.0774,8.02613","10.179,8.01404","10.2298,8.01404","10.3009,8.01404","10.3313,8.01404","10.3821,8.01404","10.3821,8.01404","10.4532,8.00195","10.4939,7.98987","10.5244,7.97778","10.5447,7.96569","10.565,7.9536","10.565,7.9536","10.6259,7.9536","10.6564,7.94152","10.6869,7.92943","10.6971,7.92943","10.7275,7.91734","10.7275,7.91734","10.7478,7.89316","10.7682,7.88108","10.7885,7.86899","10.8088,7.8569","10.819,7.84481","10.8291,7.84481","10.8494,7.80855","10.8596,7.78438","10.8799,7.7602","10.9002,7.73603","10.9104,7.72394","10.9104,7.72394","10.9307,7.69976","10.951,7.68768","10.9612,7.67559","10.9815,7.6635","10.9917,7.65141","10.9815,7.65141","11.012,7.63933","11.0221,7.62724","11.0424,7.62724","11.0526,7.61515","11.0526,7.61515","11.0526,7.61515","11.0729,7.60306","11.0831,7.60306","11.1034,7.59098","11.1136,7.57889","11.1136,7.5668","11.1136,7.5668","11.1339,7.54263","11.1542,7.51845","11.1644,7.50636","11.1847,7.48219","11.1948,7.45801","11.1948,7.45801","11.2151,7.40966","11.2253,7.38549","11.2456,7.36131","11.2659,7.33714","11.2659,7.31296","11.2659,7.31296","11.2964,7.2767","11.2964,7.26461","11.3066,7.25253","11.337,7.24044","11.337,7.22835","11.337,7.22835","11.3574,7.21626","11.3777,7.20418","11.3878,7.20418","11.4082,7.20418","11.4285,7.20418","11.4285,7.20418","11.4488,7.20418","11.459,7.19209","11.459,7.19209","11.4691,7.19209","11.4793,7.18","11.4793,7.18","11.4996,7.16791","11.4996,7.15582","11.5097,7.14374","11.5301,7.13165","11.5402,7.11956","11.5301,7.11956","11.5605,7.09539","11.5605,7.07121","11.5707,7.05912","11.5809,7.03495","11.591,7.02286","11.6012,7.02286","11.6113,7.01077","11.6316,6.99869","11.6418,6.99869","11.6418,6.99869","11.652,6.99869","11.6621,6.99869","11.6621,6.99869","11.6723,6.99869","11.6926,6.99869","11.7028,7.01077","11.7129,7.02286","11.7231,7.02286","11.7434,7.03495","11.7637,7.04704","11.784,7.05912","11.8043,7.07121","11.8247,7.07121","11.8247,7.07121","11.8653,7.0833","11.8856,7.09539","11.9161,7.09539","11.9466,7.09539","11.9669,7.09539","11.9669,7.09539","12.0075,7.0833","12.0278,7.09539","12.0583,7.09539","12.0888,7.10747","12.1091,7.11956","12.1091,7.11956","12.1599,7.14374","12.2005,7.15582","12.231,7.16791","12.2412,7.18","12.2818,7.19209","12.2818,7.20418","12.3224,7.22835","12.3428,7.24044","12.3732,7.25253","12.3834,7.26461","12.424,7.2767","12.424,7.2767","12.4748,7.31296","12.4951,7.32505","12.5155,7.33714","12.5459,7.34923","12.5764,7.34923","12.5764,7.34923","12.617,7.36131","12.6374,7.36131","12.6678,7.3734","12.6983,7.38549","12.7085,7.39758","12.7186,7.39758","12.7593,7.43384","12.7796,7.45801","12.7999,7.4701","12.8202,7.49428","12.8405,7.50636","12.8405,7.51845","12.871,7.55471","12.9015,7.57889","12.9116,7.60306",,,,,,,,,,,,,,,,,,,,,,,,,,,,,,,,,,,,,,,
"7.52756,8.64259","7.53772,8.64259","7.55803,8.64259","7.57835,8.64259","7.57835,8.64259","7.62914,8.64259","7.66978,8.63051","7.71041,8.60633","7.74089,8.59424","7.76121,8.58215","7.76121,8.57007","7.812,8.54589","7.85263,8.5338","7.88311,8.50963","7.90343,8.48545","7.94406,8.47337","7.94406,8.48545","8.00501,8.44919","8.03549,8.4371","8.07612,8.41293","8.1066,8.40084","8.12692,8.37667","8.12692,8.37667","8.20819,8.35249","8.25898,8.35249","8.33009,8.35249","8.38088,8.35249","8.44184,8.35249","8.45199,8.35249","8.53326,8.32832","8.59421,8.31623","8.64501,8.29205","8.70596,8.27997","8.76691,8.27997","8.77707,8.27997","8.8685,8.2437","8.93961,8.21953","9.00056,8.21953","9.07167,8.20744","9.14278,8.21953","9.15294,8.21953","9.15294,8.19535","9.1631,8.20744","9.1631,8.19535","9.17326,8.19535","9.18342,8.18327","9.18342,8.19535","9.18342,8.18327","9.18342,8.19535","9.18342,8.19535","9.18342,8.19535","9.18342,8.19535","9.18342,8.19535","9.18342,8.18327","9.19357,8.19535","9.19357,8.19535","9.19357,8.19535","9.19357,8.18327","10.5752,8.32832","10.6767,8.32832","10.7275,8.3404","10.7783,8.3404","10.819,8.32832","10.8596,8.32832","10.8596,8.32832","10.9307,8.32832","10.9713,8.31623","11.012,8.31623","11.0323,8.30414","11.0628,8.27997","11.0628,8.27997","11.1237,8.26788","11.1542,8.2437","11.1847,8.23162","11.2151,8.20744","11.2253,8.18327","11.2355,8.18327","11.2761,8.15909","11.3066,8.147","11.337,8.147","11.3675,8.13492","11.398,8.12283","11.4082,8.12283","11.459,8.11074","11.4793,8.09865","11.5097,8.08657","11.5301,8.07448","11.5402,8.07448","11.5402,8.07448","11.591,8.06239","11.6012,8.0503","11.6113,8.02613","11.6215,8.01404","11.6316,8.00195","11.6316,8.00195","11.652,7.98987","11.6723,7.97778","11.6926,7.97778","11.7028,7.98987","11.7129,7.97778","11.7129,7.97778","11.7332,7.97778","11.7536,7.96569","11.7637,7.96569","11.7739,7.9536","11.784,7.9536","11.784,7.9536","11.7942,7.94152","11.7942,7.94152","11.7942,7.92943","11.7942,7.92943","11.7942,7.92943","11.7942,7.92943","11.8043,7.92943","11.8145,7.92943","11.8145,7.92943","11.8247,7.92943","11.8247,7.92943","11.8247,7.92943","11.845,7.91734","11.8551,7.91734","11.8653,7.90525","11.8755,7.89316","11.8856,7.88108","11.8856,7.88108","11.8856,7.8569","11.8958,7.84481","11.9059,7.83273","11.9161,7.82064","11.9263,7.80855","11.9263,7.80855","11.9466,7.79646","11.9669,7.78438","11.977,7.78438","11.9974,7.77229","12.0075,7.77229","12.0075,7.77229","12.038,7.74811","12.0482,7.74811","12.0583,7.73603","12.0786,7.72394","12.0888,7.72394","12.0888,7.72394","12.1091,7.72394","12.1294,7.72394","12.1497,7.72394","12.1701,7.72394","12.1904,7.73603","12.1904,7.73603","12.2209,7.73603","12.2412,7.73603","12.2513,7.73603","12.2615,7.72394","12.2615,7.72394","12.2615,7.72394","12.292,7.71185","12.3021,7.71185","12.3326,7.72394","12.3529,7.73603","12.3834,7.74811","12.3834,7.74811","12.4342,7.7602","12.4443,7.7602","12.4647,7.7602","12.485,7.7602","12.5053,7.74811","12.5053,7.74811","12.5358,7.74811","12.5561,7.74811","12.5662,7.73603","12.5764,7.73603","12.5967,7.72394","12.5967,7.72394","12.6272,7.72394","12.6475,7.73603","12.678,7.74811","12.7085,7.7602","12.7389,7.77229","12.7389,7.77229",,,,,,,,,,,,,,,,,,,,,,,,,,,,,,,,,,,,,,,,,,,,,,,,,,,,,,,,,,,,,,,,,,,,,,,,,,,,,,,,,,,,,,,,,,
"7.9847,8.71512","7.99485,8.72721","8.01517,8.72721","8.03549,8.73929","8.03549,8.73929","8.08628,8.75138","8.1066,8.73929","8.14723,8.75138","8.17771,8.72721","8.2285,8.71512","8.21834,8.72721","8.29961,8.67886","8.36057,8.64259","8.41136,8.61842","8.45199,8.59424","8.51295,8.55798","8.5231,8.5338","8.63485,8.49754","8.68564,8.47337","8.76691,8.46128","8.83802,8.4371","8.88882,8.42502","8.90913,8.4371","9.0412,8.41293","9.11231,8.38875","9.19357,8.36458","9.26469,8.3404","9.32564,8.32832","9.3358,8.32832","9.47802,8.27997","9.54913,8.25579","9.61008,8.23162","9.67103,8.20744","9.74214,8.18327","9.7523,8.18327","9.89452,8.13492","9.97579,8.11074","10.0469,8.09865","10.1282,8.07448","10.1891,8.0503","10.1993,8.0503","10.3212,8.01404","10.3923,8.00195","10.4532,7.97778","10.5244,7.96569","10.5752,7.9536","10.5853,7.94152","10.6971,7.91734","10.7783,7.90525","10.8291,7.86899","10.8799,7.8569","10.9409,7.82064","10.951,7.82064","11.0424,7.77229","11.1034,7.74811","11.144,7.71185","11.1847,7.67559","11.2355,7.63933","11.2355,7.62724","11.337,7.60306","11.398,7.59098","11.4386,7.5668","11.4793,7.54263","11.5199,7.51845","11.5301,7.51845","11.6215,7.48219","11.652,7.45801","11.7129,7.43384","11.7637,7.40966","11.8043,7.38549","11.8043,7.38549","11.9161,7.38549","11.977,7.3734","12.0278,7.36131","12.0583,7.36131","12.1091,7.34923","12.1091,7.33714","12.1802,7.30088","12.2412,7.2767","12.292,7.26461","12.3224,7.25253","12.3834,7.22835","12.3935,7.22835","12.4748,7.18","12.5358,7.16791","12.5967,7.18","12.6475,7.18","12.7085,7.19209",,,,,,,,,,,,,,,,,,,,,,,,,,,,,,,,,,,,,,,,,,,,,,,,,,,,,,,,,,,,,,,,,,,,,,,,,,,,,,,,,,,,,,,,,,,,,,,,,,,,,,,,,,,,,,,,,,,,,,,,,,,,,,,,,,,,,,,,,,,,,,,,,,,,,,,,,,,,,,,,,,,,,,,,,,,,,,,,,,,,,
"6.23741,8.99313","6.23741,8.99313","6.23741,8.99313","6.23741,8.99313","6.23741,8.99313","6.23741,8.99313","6.23741,8.99313","6.24757,8.99313","6.24757,8.99313","6.24757,8.99313","6.24757,8.99313","6.24757,8.99313","6.24757,8.98104","6.24757,8.99313","6.24757,8.98104","6.25773,8.98104","6.25773,8.98104","6.26788,8.98104","6.26788,8.96896","6.27804,8.95687","6.27804,8.95687","6.2882,8.95687","6.2882,8.95687","6.30852,8.94478","6.31868,8.93269","6.32884,8.93269","6.34915,8.92061","6.36947,8.90852","6.36947,8.92061","6.39995,8.89643","6.43042,8.88434","6.4609,8.88434","6.49137,8.87226","6.53201,8.86017","6.54217,8.87226","6.61328,8.84808","6.66407,8.84808","6.72502,8.86017","6.78598,8.87226","6.83677,8.86017","6.84693,8.87226","6.88756,8.83599","6.93836,8.84808","6.97899,8.83599","7.02978,8.84808","7.08058,8.83599","7.09074,8.83599","7.07042,8.83599","7.06026,8.84808","7.06026,8.84808","7.06026,8.84808","7.06026,8.84808","7.06026,8.84808","7.06026,8.83599","7.06026,8.84808","7.06026,8.84808","7.06026,8.83599","7.06026,8.84808","7.06026,8.83599","7.82216,8.76347","7.87295,8.76347","7.92374,8.75138","7.97454,8.73929","8.03549,8.72721","8.03549,8.72721","8.08628,8.72721","8.08628,8.73929","8.08628,8.73929","8.08628,8.73929","8.07612,8.73929","8.07612,8.73929","8.08628,8.73929","8.08628,8.75138","8.08628,8.75138","8.08628,8.75138","8.08628,8.75138","8.08628,8.75138","8.07612,8.75138","8.07612,8.75138","8.08628,8.75138","9.14278,8.46128","9.20373,8.44919","9.21389,8.44919","9.32564,8.40084","9.40691,8.36458","9.47802,8.3404","9.53897,8.32832","9.5796,8.30414","9.5796,8.30414","9.67103,8.26788","9.71167,8.25579","9.7523,8.23162","9.80309,8.20744","9.84373,8.19535","9.84373,8.19535","9.91484,8.15909","9.95547,8.147","9.98595,8.147","9.14278,8.46128","9.14278,8.46128","9.14278,8.46128","9.14278,8.46128","9.14278,8.46128","9.14278,8.46128","9.14278,8.46128","9.14278,8.46128","9.14278,8.46128","9.14278,8.46128","9.14278,8.46128","9.14278,8.46128","9.14278,8.46128","9.14278,8.44919","9.14278,8.44919","9.14278,8.46128","9.14278,8.46128","10.4837,8.00195","10.504,7.98987","10.5142,7.97778","10.5142,7.97778","10.5447,7.94152","10.565,7.92943","10.5752,7.91734","10.5853,7.90525","10.6056,7.90525","10.6056,7.90525","10.6361,7.89316","10.6564,7.88108","10.6666,7.88108","10.6767,7.86899","10.6971,7.86899","10.6971,7.86899","10.7174,7.8569","10.7275,7.84481","10.7377,7.84481","10.758,7.83273","10.758,7.83273","10.758,7.83273","10.7783,7.80855","10.7885,7.80855","10.7986,7.79646","10.8088,7.78438","10.819,7.77229","10.819,7.77229","10.8291,7.74811","10.8494,7.73603","10.8494,7.71185","10.8596,7.69976","10.8698,7.68768","10.8698,7.68768","10.8901,7.6635","10.9104,7.65141","10.9205,7.63933","10.9307,7.62724","10.9409,7.60306","10.9409,7.60306","10.9713,7.57889","10.9815,7.5668","11.0018,7.55471","11.0221,7.54263","11.0424,7.54263","11.0424,7.54263","11.0729,7.51845","11.0831,7.50636","11.1034,7.50636","11.1237,7.49428","11.1339,7.48219","11.1339,7.48219","11.1745,7.4701","11.1948,7.4701","11.2151,7.45801","11.2253,7.44593","11.2456,7.43384","11.2456,7.43384","11.2761,7.40966","11.2964,7.39758","11.3167,7.39758","11.337,7.38549","11.3472,7.38549","11.3472,7.38549","11.3878,7.3734","11.4082,7.3734","11.4285,7.3734","11.459,7.3734","11.4691,7.3734","11.4691,7.3734","11.5097,7.3734","11.5402,7.3734","11.5605,7.3734","11.5809,7.3734","11.6113,7.38549","11.6113,7.38549","11.6621,7.38549","11.6926,7.38549","11.7129,7.38549","11.7434,7.38549","11.7739,7.38549","11.7739,7.38549","11.8145,7.38549","11.845,7.38549","11.8653,7.38549","11.8856,7.38549","11.9161,7.39758","11.9263,7.39758","11.977,7.40966","11.9974,7.42175","12.0278,7.43384","12.0482,7.44593","12.0786,7.44593","12.0786,7.44593","12.1294,7.45801","12.1599,7.45801","12.1904,7.45801","12.2107,7.45801","12.231,7.45801","12.231,7.45801","12.2716,7.45801","12.3021,7.45801","12.3224,7.45801","12.3529,7.45801","12.3732,7.4701","12.3732,7.4701","12.424,7.48219","12.4443,7.48219","12.4647,7.48219","12.485,7.48219","12.5053,7.48219","12.5053,7.48219","12.5459,7.4701","12.5662,7.4701","12.5866,7.45801","12.617,7.45801","12.6374,7.44593",,,,,,,,,,,,,,,,,,,,,,,,,,,,,,,,,,,,,
"6.79613,9.11401","6.79613,9.11401","6.79613,9.11401","6.80629,9.11401","6.79613,9.11401","6.80629,9.11401","6.80629,9.11401","6.81645,9.11401","6.82661,9.11401","6.82661,9.11401","6.82661,9.11401","6.84693,9.11401","6.85709,9.10192","6.8774,9.10192","6.89772,9.08983","6.91804,9.08983","6.91804,9.08983","6.95867,9.07774","6.97899,9.06566","6.99931,9.06566","7.02978,9.06566","7.06026,9.05357","7.07042,9.05357","7.13137,9.04148","7.172,9.04148","7.2228,9.04148","7.27359,9.04148","7.32438,9.05357","7.33454,9.05357","7.43613,9.06566","7.49708,9.07774","7.55803,9.07774","7.61898,9.07774","7.67994,9.08983","7.67994,9.08983","7.79168,9.07774","7.86279,9.07774","7.91359,9.07774","7.9847,9.06566","8.03549,9.05357","8.04565,9.05357","8.14723,9.01731","8.20819,9.00522","8.25898,8.98104","8.34025,8.96896","8.41136,8.95687","8.41136,8.95687","8.54342,8.94478","8.64501,8.94478","8.71612,8.94478","8.79739,8.94478","8.8685,8.94478","8.88882,8.94478","9.0412,8.93269","9.12246,8.93269","9.20373,8.92061","9.27484,8.90852","9.36627,8.88434","9.36627,8.88434","9.51865,8.84808","9.59992,8.82391","9.68119,8.79973","9.76246,8.77556","9.84373,8.75138","9.84373,8.75138","9.99611,8.73929","10.0571,8.72721","10.1282,8.71512","10.1993,8.71512","10.2602,8.69094","10.2602,8.69094","10.3923,8.66677","10.4634,8.64259","10.5142,8.61842","10.565,8.59424","10.5955,8.57007","10.6056,8.57007","10.6564,8.50963","10.6971,8.48545","10.7275,8.46128","10.7377,8.42502","10.7783,8.38875","10.7783,8.38875","10.8291,8.32832","10.8393,8.30414","10.8799,8.29205","10.9002,8.27997","10.9205,8.26788","10.9205,8.26788","10.9815,8.2437","11.0018,8.2437","11.0221,8.23162","11.0424,8.21953","11.0628,8.20744","11.0628,8.20744","11.0932,8.18327","11.1136,8.17118","11.1237,8.15909","11.144,8.147","11.1542,8.12283","11.144,8.12283","11.1745,8.08657","11.1745,8.07448","11.1847,8.06239","11.205,8.03822","11.2151,8.02613","11.205,8.02613","11.2253,8.01404","11.2355,8.01404","11.2355,8.00195","11.2456,8.00195","11.2558,7.98987","11.2558,7.98987","11.2659,7.98987","11.2863,7.98987","11.2964,7.97778","11.2964,7.97778","11.2964,7.96569","11.2964,7.96569","11.3066,7.9536","11.3269,7.94152","11.3269,7.92943","11.3269,7.91734","11.337,7.90525","11.3269,7.90525","11.3269,7.88108","11.337,7.8569","11.3269,7.84481","11.337,7.83273","11.3269,7.82064","11.337,7.82064","11.3269,7.78438","11.337,7.77229","11.337,7.7602","11.3472,7.74811","11.3472,7.73603","11.3472,7.73603","11.3675,7.71185","11.3675,7.69976","11.3777,7.68768","11.3777,7.67559","11.3878,7.6635","11.398,7.6635","11.4082,7.65141","11.4285,7.63933","11.4386,7.61515","11.4386,7.60306","11.459,7.59098","11.459,7.59098","11.4793,7.5668","11.4894,7.54263","11.5097,7.53054","11.5301,7.51845","11.5402,7.50636","11.5301,7.50636","11.5707,7.48219","11.591,7.4701","11.6113,7.45801","11.6316,7.45801","11.652,7.44593","11.652,7.44593","11.6926,7.43384","11.7129,7.42175","11.7332,7.42175","11.7637,7.40966","11.784,7.39758","11.784,7.39758","11.845,7.3734","11.8856,7.36131","11.9161,7.34923","11.9466,7.33714","11.9669,7.31296","11.9669,7.31296","12.0177,7.28879","12.0583,7.28879","12.0989,7.28879","12.1294,7.28879","12.1497,7.28879","12.1497,7.28879","12.2107,7.30088","12.2412,7.30088","12.2716,7.31296","12.292,7.31296","12.3224,7.32505","12.3326,7.32505","12.3732,7.32505","12.4037,7.33714","12.4443,7.33714","12.485,7.34923","12.5256,7.34923","12.5256,7.34923","12.5967,7.34923","12.6272,7.34923","12.6678,7.34923","12.6983,7.34923","12.7288,7.34923","12.7389,7.34923","12.7897,7.36131","12.8202,7.3734","12.8405,7.38549",,,,,,,,,,,,,,,,,,,,,,,,,,,,,,,,,,,,,,,,,,,,,,,,,,,,,,,,,,,,,,,,,,,,,
"8.26914,9.58542","8.29961,9.58542","8.33009,9.58542","8.37072,9.58542","8.37072,9.58542","8.44184,9.57333","8.49263,9.56125","8.54342,9.56125","8.59421,9.54916","8.64501,9.52498","8.64501,9.52498","8.76691,9.48872","8.82786,9.47663","8.88882,9.44037","8.94977,9.42828","9.02088,9.39202","9.02088,9.39202","9.13262,9.33158","9.18342,9.27114","9.24437,9.24697","9.29516,9.21071","9.34595,9.16236","9.34595,9.16236","9.4577,9.11401","9.51865,9.10192","9.58976,9.08983","9.65071,9.05357","9.72182,9.04148","9.73198,9.04148","9.85389,8.98104","9.925,8.96896","9.99611,8.92061","10.0571,8.88434","10.1282,8.87226","10.1383,8.86017","10.2704,8.81182","10.3517,8.78764","10.4329,8.76347","10.504,8.73929","10.5752,8.70303","10.5752,8.69094","10.7174,8.63051","10.7783,8.59424","10.8291,8.57007","10.8901,8.5338","10.951,8.48545","10.951,8.48545","11.0526,8.41293","11.1237,8.38875","11.1745,8.36458","11.2253,8.3404","11.2761,8.31623","11.2761,8.31623","11.3574,8.25579","11.4082,8.23162","11.4488,8.19535","11.4894,8.147","11.5199,8.09865","11.5301,8.09865","11.6012,8.02613","11.6316,8.00195","11.6723,7.97778","11.7028,7.9536","11.7434,7.92943","11.7434,7.92943","11.8145,7.89316","11.8551,7.88108","11.9059,7.8569","11.9364,7.83273","11.977,7.79646","11.977,7.80855","12.0786,7.77229","12.1294,7.7602","12.1802,7.73603","12.231,7.72394","12.2716,7.72394","12.2716,7.72394","12.3428,7.72394","12.3834,7.74811","12.424,7.7602","12.4443,7.7602","12.485,7.7602","12.485,7.7602","12.5358,7.7602","12.5561,7.7602","12.5866,7.77229","12.617,7.78438","12.6272,7.78438","12.6272,7.78438","12.678,7.79646","12.6983,7.82064","12.7085,7.82064","12.7186,7.83273","12.7186,7.83273","12.7186,7.83273","12.7389,7.83273","12.7593,7.83273","12.7796,7.83273","12.7999,7.84481","12.8304,7.8569","12.8304,7.8569","12.9015,7.86899","12.932,7.89316","12.9624,7.91734","12.9929,7.92943","13.0335,7.94152","13.0335,7.9536","13.1047,7.97778","13.1453,8.00195","13.1859,8.01404","13.2164,8.02613","13.2367,8.02613","13.2469,8.02613","13.2977,8.03822","13.3281,8.06239","13.3485,8.08657","13.3688,8.11074","13.3891,8.147","13.3891,8.147","13.4399,8.20744","13.4704,8.25579","13.4907,8.30414","13.5212,8.3404","13.5516,8.36458","13.5516,8.37667","13.5821,8.4371",,,,,,,,,,,,,,,,,,,,,,,,,,,,,,,,,,,,,,,,,,,,,,,,,,,,,,,,,,,,,,,,,,,,,,,,,,,,,,,,,,,,,,,,,,,,,,,,,,,,,,,,,,,,,,,,,,,,,,,,,,,,,,,,,,,,,,,,,,,,,,,
"8.18787,9.50081","8.21834,9.50081","8.24882,9.50081","8.28946,9.48872","8.28946,9.48872","8.37072,9.48872","8.41136,9.47663","8.46215,9.47663","8.51295,9.46455","8.5739,9.45246","8.5739,9.45246","8.6958,9.4162","8.75675,9.39202","8.8177,9.36785","8.87866,9.34367","8.93961,9.30741","8.94977,9.30741","9.05135,9.23488","9.11231,9.19862","9.1631,9.16236","9.22405,9.12609","9.27484,9.08983","9.27484,9.08983","9.38659,9.04148","9.44754,9.01731","9.51865,9.00522","9.5796,8.98104","9.65071,8.95687","9.65071,8.95687","9.78278,8.90852","9.85389,8.87226","9.925,8.84808","9.99611,8.81182","10.0672,8.77556","10.0672,8.77556","10.2094,8.72721","10.2805,8.69094","10.3618,8.67886","10.4329,8.65468","10.504,8.61842","10.5142,8.61842","10.6463,8.54589","10.7072,8.52172","10.758,8.47337","10.819,8.44919","10.8698,8.40084","10.8799,8.40084","10.9815,8.32832","11.0424,8.30414","11.0932,8.27997","11.1542,8.25579","11.1948,8.23162","11.1948,8.23162","11.2761,8.17118","11.3269,8.147","11.3675,8.09865","11.4082,8.06239","11.4386,8.01404","11.4488,8.01404","11.5199,7.94152","11.5504,7.91734","11.591,7.89316","11.6215,7.86899","11.6621,7.8569","11.6621,7.8569","11.7231,7.82064","11.7637,7.79646","11.8145,7.77229","11.845,7.74811","11.8856,7.72394","11.8958,7.72394","11.9872,7.69976","12.038,7.67559","12.0888,7.6635","12.1396,7.65141","12.1802,7.65141","12.1802,7.65141","12.2513,7.65141","12.292,7.6635","12.3326,7.67559","12.3529,7.68768","12.3935,7.68768","12.3935,7.68768","12.4443,7.68768","12.4647,7.68768","12.4951,7.69976","12.5155,7.69976","12.5358,7.69976","12.5358,7.69976","12.5866,7.72394","12.5967,7.73603","12.617,7.73603","12.6272,7.74811","12.6272,7.74811","12.6272,7.74811","12.6475,7.74811","12.6678,7.74811","12.6881,7.74811","12.7085,7.7602","12.7389,7.7602","12.7389,7.7602","12.8101,7.7602","12.8405,7.77229","12.871,7.79646","12.9116,7.80855","12.9421,7.83273","12.9523,7.83273","13.0234,7.88108",,,,,,,,,,,,,,,,,,,,,,,,,,,,,,,,,,,,,,,,,,,,,,,,,,,,,,,,,,,,,,,,,,,,,,,,,,,,,,,,,,,,,,,,,,,,,,,,,,,,,,,,,,,,,,,,,,,,,,,,,,,,,,,,,,,,,,,,,,,,,,,,,,,,,,,,,,,,,,,,,
"7.62914,9.59751","7.65962,9.59751","7.67994,9.59751","7.71041,9.59751","7.72057,9.59751","7.78152,9.59751","7.82216,9.59751","7.87295,9.59751","7.9339,9.59751","7.9847,9.58542","7.97454,9.59751","8.01517,9.59751","8.07612,9.59751","8.12692,9.58542","8.17771,9.58542","8.13708,9.58542","8.12692,9.58542","8.12692,9.59751","8.12692,9.6096","8.11676,9.62168","8.11676,9.62168","8.11676,9.62168","8.11676,9.62168","8.11676,9.62168","8.1066,9.62168","8.1066,9.62168","8.1066,9.62168","8.1066,9.62168","8.1066,9.62168","8.1066,9.62168","9.46786,9.37993","9.55929,9.35576","9.53897,9.36785","9.54913,9.37993","9.55929,9.39202","9.55929,9.39202","9.55929,9.39202","9.55929,9.39202","9.55929,9.39202","9.55929,9.39202","9.55929,9.39202","9.55929,9.39202","9.55929,9.39202","9.55929,9.39202","9.55929,9.39202","9.55929,9.39202","10.7174,8.88434","10.8393,8.79973","10.9002,8.76347","10.9409,8.72721","10.9917,8.69094","11.0221,8.65468","11.0323,8.65468","11.1034,8.58215","11.1542,8.55798","11.1948,8.52172","11.2355,8.48545","11.2863,8.44919","11.2863,8.4371","11.3675,8.38875","11.398,8.36458","11.4285,8.3404","11.4488,8.31623","11.4793,8.29205","11.4793,8.29205","11.5199,8.25579","11.5402,8.21953","11.5707,8.19535","11.5809,8.17118","11.6012,8.13492","11.6012,8.13492","11.6418,8.11074","11.6621,8.08657","11.6824,8.06239","11.6926,8.03822","11.6926,8.01404","11.6926,8.01404","11.7028,7.97778","11.7129,7.9536","11.7231,7.94152","11.7332,7.91734","11.7536,7.89316","11.7536,7.89316","11.784,7.8569","11.7942,7.83273","11.8145,7.82064","11.8348,7.80855","11.845,7.79646","11.845,7.79646","11.8856,7.78438","11.9059,7.78438","11.9161,7.77229","11.9263,7.7602","11.9466,7.74811","11.9466,7.74811","11.977,7.72394","11.9974,7.71185","12.0177,7.69976","12.0278,7.69976","12.0482,7.68768","12.0482,7.68768","12.0685,7.67559","12.0888,7.67559","12.0989,7.6635","12.1091,7.65141","12.1294,7.63933","12.1294,7.63933","12.1497,7.62724","12.1701,7.61515","12.1904,7.60306","12.2107,7.59098","12.231,7.57889","12.231,7.57889","12.2716,7.55471","12.292,7.54263","12.3224,7.54263","12.3529,7.53054","12.3732,7.53054","12.3732,7.53054","12.424,7.51845","12.4545,7.51845","12.4951,7.53054","12.5155,7.53054","12.5459,7.53054","12.5459,7.53054","12.5459,7.53054","12.5561,7.53054","12.5764,7.54263","12.5967,7.55471","12.6272,7.5668","12.6272,7.5668","12.678,7.59098","12.7085,7.60306","12.7491,7.61515","12.7897,7.62724",,,,,,,,,,,,,,,,,,,,,,,,,,,,,,,,,,,,,,,,,,,,,,,,,,,,,,,,,,,,,,,,,,,,,,,,,,,,,,,,,,,,,,,,,,,,,,,,,,,,,,,,,,,,,,,,,,,,,,,,,,,,,,,,,,,,,,
"7.53772,9.96013","7.54787,9.94805","7.56819,9.94805","7.58851,9.92387","7.58851,9.92387","7.62914,9.88761","7.66978,9.86343","7.71041,9.86343","7.76121,9.86343","7.79168,9.87552","7.812,9.87552","7.90343,9.92387","7.94406,9.94805","7.9847,9.97222","8.03549,9.98431","8.1066,9.9964","8.11676,9.9964","8.16755,10.0085","8.23866,9.9964","8.23866,9.9964","8.23866,10.0085","8.23866,9.9964","8.23866,9.9964","8.23866,10.0085","8.2285,9.9964","8.2285,10.0085","8.2285,9.9964","8.2285,10.0085","8.2285,10.0085","8.2285,9.9964","8.2285,10.0085","8.2285,10.0085","8.2285,9.9964","8.2285,10.0085","8.2285,9.9964","8.2285,10.0085","8.2285,9.9964","8.2285,10.0085","10.1586,9.76673","10.2501,9.73047","10.2602,9.73047","10.2907,9.71838","10.3009,9.71838","10.3212,9.71838","10.3313,9.71838","10.3313,9.71838","10.3313,9.71838","10.3313,9.71838","10.3415,9.71838","10.3313,9.71838","10.3415,9.71838","10.3313,9.71838","10.3313,9.71838","10.3313,9.71838","10.3415,9.71838","11.5199,8.95687","11.5707,8.90852","11.6418,8.84808","11.6316,8.84808","11.7434,8.75138","11.784,8.70303","11.8145,8.64259","11.8551,8.59424","11.8958,8.54589","11.8958,8.54589","11.9669,8.46128","11.9872,8.41293","12.0278,8.36458","12.038,8.31623","11.5199,8.95687","11.5199,8.95687","11.5199,8.95687","11.5199,8.95687","11.5301,8.95687","11.5402,8.95687","11.5301,8.95687","11.5301,8.95687","11.5301,8.95687","11.5301,8.95687","11.5301,8.95687","11.5301,8.95687","11.5301,8.95687","11.5301,8.95687","11.5301,8.95687","11.5301,8.95687","11.5301,8.95687","11.5301,8.95687","11.5301,8.95687","11.5301,8.95687","11.5402,8.95687","11.5301,8.95687","12.2716,8.03822","12.2716,8.03822","12.2818,8.02613","12.2818,8.01404","12.292,8.01404","12.3021,8.01404","12.3021,8.01404","12.3021,8.00195","12.3021,7.98987","12.3021,7.98987","12.3021,7.97778","12.3021,7.96569","12.3123,7.96569","12.3123,7.9536","12.3224,7.9536","12.3224,7.9536","12.3326,7.9536","12.3428,7.9536","12.3428,7.9536","12.3631,7.9536","12.3631,7.9536","12.3631,7.94152","12.3732,7.94152","12.3834,7.94152","12.3732,7.92943","12.3631,7.91734","12.3428,7.90525","12.3428,7.89316","12.3123,7.88108","12.292,7.86899","12.2716,7.8569","12.2615,7.84481","12.2615,7.84481","12.2615,7.84481","12.2615,7.84481","12.2716,7.83273","12.2818,7.82064","12.2818,7.80855","12.2818,7.79646","12.2818,7.79646","12.2818,7.77229","12.292,7.74811","12.3123,7.72394","12.3326,7.71185","12.3529,7.69976","12.3631,7.69976","12.4037,7.69976","12.4342,7.71185","12.4545,7.71185","12.485,7.72394","12.5155,7.73603","12.5155,7.73603","12.5662,7.73603","12.5967,7.73603","12.6272,7.74811","12.6577,7.7602","12.7085,7.77229","12.7186,7.78438","12.7593,7.82064",,,,,,,,,,,,,,,,,,,,,,,,,,,,,,,,,,,,,,,,,,,,,,,,,,,,,,,,,,,,,,,,,,,,,,,,,,,,,,,,,,,,,,,,,,,,,,,,,,,,,,,,,,,,,,,,,,,,,,,
"8.03549,10.1294","8.08628,10.0931","8.13708,10.0568","8.19803,10.0206","8.19803,10.0206","8.31993,9.93596","8.38088,9.8997","8.46215,9.86343","8.53326,9.85135","8.61453,9.82717","8.61453,9.82717","8.76691,9.81508","8.85834,9.81508","8.94977,9.803","9.0412,9.77882","9.14278,9.75465","9.14278,9.74256","9.17326,9.74256","9.17326,9.74256","9.19357,9.73047","9.25453,9.69421","9.26469,9.68212","9.25453,9.68212","9.25453,9.7063","9.94531,9.27114","10.0469,9.21071","10.1485,9.13818","10.2501,9.08983","10.3618,9.00522","10.5244,8.86017","10.6158,8.78764","10.6869,8.71512","10.7478,8.64259","10.7783,8.61842","10.7783,8.61842","10.9002,8.50963","10.9612,8.4371","11.0323,8.38875","11.0932,8.32832","11.1542,8.27997","11.1542,8.27997","11.2761,8.18327","11.337,8.13492","11.4082,8.0503","11.4691,7.98987","11.5301,7.94152","11.5301,7.94152","11.6316,7.83273","11.7129,7.7602","11.7637,7.71185","11.8247,7.67559","11.8755,7.65141","11.8755,7.65141","11.9669,7.63933","11.9669,7.6635","12.0075,7.65141","12.0583,7.62724","12.1193,7.60306","12.1193,7.60306","12.231,7.57889","12.2818,7.55471","12.3428,7.54263","12.3935,7.51845","12.4545,7.48219","12.4545,7.48219","12.5866,7.42175","12.6678,7.39758","12.7389,7.38549","12.7897,7.3734","12.8507,7.3734","12.8507,7.3734","12.9421,7.43384","12.9726,7.4701","13.0234,7.53054","13.0437,7.57889","13.064,7.63933","13.064,7.65141","13.1148,7.78438",,,,,,,,,,,,,,,,,,,,,,,,,,,,,,,,,,,,,,,,,,,,,,,,,,,,,,,,,,,,,,,,,,,,,,,,,,,,,,,,,,,,,,,,,,,,,,,,,,,,,,,,,,,,,,,,,,,,,,,,,,,,,,,,,,,,,,,,,,,,,,,,,,,,,,,,,,,,,,,,,,,,,,,,,,,,,,,,,,,,,,,,,,,,,,,
"6.86724,9.73047","6.88756,9.71838","6.89772,9.7063","6.9282,9.69421","6.91804,9.69421","6.96883,9.67003","6.97899,9.65795","7.01962,9.64586","7.03994,9.63377","7.07042,9.63377","7.06026,9.63377","7.11105,9.62168","7.13137,9.62168","7.15169,9.62168","7.18216,9.62168","7.21264,9.62168","7.21264,9.62168","7.26343,9.62168","7.29391,9.62168","7.31423,9.62168","7.3447,9.62168","7.38534,9.62168","7.38534,9.62168","7.44629,9.62168","7.47676,9.6096","7.5174,9.6096","7.54787,9.59751","7.59867,9.58542","7.59867,9.58542","7.66978,9.56125","7.72057,9.54916","7.75105,9.53707","7.80184,9.52498","7.83232,9.5129","7.84247,9.5129","7.91359,9.50081","7.96438,9.48872","7.99485,9.48872","8.03549,9.47663","8.07612,9.47663","8.07612,9.47663","8.15739,9.46455","8.19803,9.46455","8.2285,9.45246","8.26914,9.45246","8.30977,9.45246","8.30977,9.45246","8.39104,9.45246","8.44184,9.45246","8.49263,9.45246","8.53326,9.45246","8.56374,9.45246","8.5739,9.45246","8.64501,9.45246","8.6958,9.45246","8.71612,9.44037","8.74659,9.44037","8.79739,9.42828","8.79739,9.42828","8.8685,9.40411","8.91929,9.39202","8.95993,9.37993","8.9904,9.36785","9.05135,9.35576","9.05135,9.35576","9.14278,9.33158","9.17326,9.30741","9.22405,9.29532","9.25453,9.28323","9.30532,9.25906","9.29516,9.25906","9.38659,9.24697","9.43738,9.23488","9.48818,9.22279","9.51865,9.19862","9.56944,9.18653","9.55929,9.18653","9.65071,9.15027","9.69135,9.13818","9.73198,9.12609","9.77262,9.11401","9.81325,9.10192","9.81325,9.10192","9.88436,9.07774","9.91484,9.05357","9.94531,9.04148","9.97579,9.02939","9.99611,9.01731","9.99611,9.01731","10.0571,8.99313","10.0875,8.98104","10.1282,8.95687","10.1586,8.94478","10.1688,8.92061","10.179,8.92061","10.2298,8.88434","10.2704,8.87226","10.3009,8.86017","10.311,8.83599","10.3517,8.82391","10.3517,8.82391","10.4025,8.79973","10.4228,8.78764","10.4431,8.77556","10.4634,8.76347","10.4939,8.76347","10.504,8.76347","10.5447,8.75138","10.5752,8.75138","10.6056,8.73929","10.6259,8.73929","10.6463,8.72721","10.6463,8.72721","10.7072,8.72721","10.7377,8.73929","10.7783,8.73929","10.7986,8.73929","10.819,8.73929","10.8291,8.73929","10.8596,8.73929","10.9002,8.73929","10.9205,8.73929","10.9409,8.73929","10.9612,8.73929","10.9612,8.73929","10.9815,8.72721","11.0018,8.72721","11.012,8.71512","11.0221,8.71512","11.0323,8.70303","11.0323,8.70303","11.0424,8.69094","11.0628,8.67886","11.0729,8.66677","11.0729,8.65468","11.0729,8.64259","11.0729,8.64259","11.0932,8.61842","11.1034,8.60633","11.1136,8.59424","11.1237,8.59424","11.1339,8.58215","11.1237,8.58215","11.1542,8.57007","11.1644,8.55798","11.1847,8.54589","11.1948,8.5338","11.205,8.52172","11.2151,8.52172","11.2355,8.50963","11.2558,8.49754","11.2659,8.48545","11.2863,8.47337","11.3066,8.46128","11.3066,8.46128","11.3269,8.4371","11.337,8.4371","11.3472,8.42502","11.3574,8.41293","11.3574,8.40084","11.3574,8.40084","11.3777,8.38875","11.3777,8.36458","11.3777,8.36458","11.3777,8.3404","11.3878,8.32832","11.3878,8.32832","11.398,8.30414","11.3878,8.27997","11.3878,8.26788","11.3878,8.2437","11.3878,8.23162","11.3878,8.23162","11.3777,8.19535","11.3675,8.17118","11.3777,8.15909","11.3675,8.13492","11.3675,8.12283","11.3675,8.12283","11.3675,8.08657","11.3675,8.07448","11.3675,8.06239","11.3675,8.0503","11.3777,8.03822","11.3675,8.03822","11.3777,8.01404","11.3878,8.00195","11.398,7.98987","11.398,7.97778","11.4082,7.96569","11.4183,7.96569","11.4285,7.9536","11.4488,7.94152","11.459,7.92943","11.4691,7.92943","11.4894,7.91734","11.4894,7.91734","11.5199,7.90525","11.5301,7.90525","11.5504,7.89316","11.5605,7.88108","11.5707,7.88108","11.5809,7.88108","11.591,7.8569","11.6113,7.8569","11.6215,7.84481","11.6113,7.83273","11.6316,7.83273","11.6316,7.83273","11.6418,7.80855","11.6418,7.79646","11.652,7.78438","11.6621,7.77229","11.6621,7.7602","11.6621,7.7602","11.6824,7.73603","11.6824,7.71185","11.6926,7.69976","11.7129,7.67559","11.7231,7.6635","11.7129,7.65141","11.7434,7.61515","11.7434,7.59098","11.7536,7.5668","11.7739,7.54263","11.784,7.51845","11.7739,7.51845","11.8145,7.48219","11.8348,7.45801","11.845,7.43384","11.8551,7.42175","11.8856,7.40966","11.8755,7.40966","11.9161,7.38549","11.9364,7.3734","11.9567,7.36131","11.9872,7.34923","11.9974,7.33714","12.0075,7.33714","12.038,7.32505","12.0685,7.31296","12.0786,7.31296","12.1091,7.31296","12.1193,7.31296","12.1294,7.31296","12.1701,7.31296","12.1904,7.30088","12.2107,7.30088","12.2412,7.30088","12.2716,7.30088","12.2716,7.30088","12.3123,7.28879","12.3428,7.2767","12.3834,7.2767","12.4139,7.26461","12.4342,7.26461","12.4342,7.26461","12.4951,7.25253","12.5256,7.24044","12.5764,7.24044","12.6069,7.24044","12.6475,7.24044","12.6475,7.24044","12.7085,7.24044","12.7491,7.24044","12.7796,7.25253","12.7999,7.26461","12.8304,7.26461","12.8405,7.26461"
