"7.3717,4.2575","7.3811,4.2586","7.3828,4.2586","7.3782,4.2551","7.3813,4.261","7.3879,4.2655","7.3865,4.269","7.3867,4.2584","7.3773,4.2655","7.3812,4.2501","7.3786,4.2554","7.3904,4.2498","7.3991,4.2433","7.4149,4.2336","7.4254,4.2235","7.4288,4.2198","7.4277,4.2278","7.4365,4.2175","7.4393,4.2051","7.451,4.2026","7.4814,4.2045","7.4924,4.1993","7.4838,4.2078","7.5128,4.191","7.529,4.1907","7.5816,4.1943","7.6158,4.1972","7.6531,4.2023","7.6483,4.199","7.681,4.205","7.729,4.2071","7.8117,4.2198","7.8412,4.2298","7.8764,4.2384","7.8798,4.2342","7.9162,4.2549","7.9466,4.2682","8.0252,4.3055","8.0674,4.3212","8.1096,4.3413","8.1099,4.3404","8.1519,4.3574","8.1863,4.372","8.2725,4.4212","8.3095,4.4527","8.347,4.4824","8.3477,4.4793","8.385,4.5075","8.4263,4.5408","8.5068,4.5778","8.5536,4.5989","8.5965,4.6213","8.5958,4.622","8.6381,4.6398","8.6852,4.6649","8.7757,4.7165","8.8133,4.7405","8.8652,4.7664","8.8629,4.7646","8.8923,4.79","8.9237,4.8121","8.9901,4.8792","9.0208,4.8924","9.0511,4.9217","9.0408,4.9207","9.0648,4.9424","9.1029,4.9566","9.1486,4.9877","9.1771,5.0008","9.2123,5.0281","9.2217,5.0225","9.2496,5.0536","9.274,5.0736","9.3401,5.1149","9.3714,5.1252","9.4053,5.1468","9.406,5.1471","9.4435,5.1603","9.4828,5.185","9.561,5.2164","9.5945,5.2323","9.6277,5.2519","9.6273,5.2555","9.6668,5.2686","9.7011,5.2811","9.7805,5.3367","9.8238,5.3492","9.8462,5.376","9.8574,5.3773","9.8927,5.4036","9.9379,5.418","9.9849,5.4657","10.0096,5.4956","10.0309,5.5171","10.0327,5.514","10.0686,5.5414","10.0973,5.5633","10.164,5.6101","10.1982,5.6544","10.2229,5.6828","10.2092,5.6937","10.2512,5.7148","10.2707,5.7479","10.3393,5.8011","10.3812,5.8272","10.3976,5.8469","10.3956,5.8494","10.4194,5.8609","10.4487,5.8838","10.5118,5.9245","10.5408,5.9433","10.5725,5.9583","10.5601,5.9619","10.5906,5.9699","10.6249,5.9898","10.6927,6.0243","10.7204,6.0358","10.7513,6.061","10.7499,6.0593","10.7757,6.0783","10.7957,6.0964","10.8274,6.1159","10.8406,6.1383","10.8536,6.1527","10.8575,6.1569","10.8709,6.168","10.8969,6.1827","10.9182,6.2092","10.92,6.226","10.942,6.2333","10.9485,6.2301","10.9557,6.2298","10.9613,6.2578","10.9723,6.2771","10.9873,6.2949","10.996,6.3099","10.9954,6.3037","11.0205,6.3176","11.0132,6.3303","11.0393,6.3569","11.0369,6.37","11.0614,6.3809","11.0713,6.3829","11.0764,6.4012","11.08,6.394","11.0965,6.4206","11.0964,6.4354","11.1193,6.4369","11.1164,6.4443","11.1188,6.4476","11.1333,6.4596","11.1478,6.4708","11.1553,6.4799","11.17,6.4856","11.1694,6.4844","11.1786,6.4906","11.1772,6.4874","11.1909,6.4984","11.1926,6.5054","11.1939,6.5131","11.196,6.5169","11.199,6.5255","11.2011,6.5337","11.2033,6.5505","11.2114,6.5605","11.2084,6.5741","11.208,6.572","11.2099,6.5859","11.2129,6.5973","11.2185,6.6171","11.223,6.6287","11.2229,6.6344","11.221,6.6321","11.2316,6.645","11.2386,6.6533","11.2453,6.6675","11.2461,6.6686","11.252,6.6732","11.2536,6.6767","11.2574,6.6831","11.2636,6.6878","11.2786,6.6889","11.2852,6.6905","11.2966,6.6892","11.2975,6.6873","11.3056,6.6896","11.309,6.6881","11.3303,6.6814","11.3429,6.6852","11.3493,6.6851","11.348,6.6861","11.3607,6.6895","11.368,6.6953","11.3861,6.6849","11.3874,6.6943","11.398,6.6962","11.3849,6.6959","11.3968,6.6928","11.3989,6.6962","11.4215,6.7003","11.4116,6.7027","11.4183,6.7077","11.4187,6.7081","11.4248,6.7225","11.4328,6.7239","11.461,6.7275","11.4585,6.7418","11.4514,6.7492","11.4563,6.7437","11.459,6.7465","11.4709,6.7544","11.4698,6.7692","11.4746,6.7789","11.4797,6.7926","11.481,6.796","11.4834,6.7955","11.4917,6.8005","11.4842,6.8351","11.4765,6.8392","11.4825,6.8502","11.4826,6.854","11.483,6.8573","11.4852,6.8669","11.4916,6.8812","11.5058,6.8878","11.5078,6.8995","11.5146,6.8996","11.5147,6.9109","11.5338,6.9122","11.544,6.9321","11.5535,6.9339","11.5792,6.9316","11.5749,6.9261","11.5766,6.9402","11.5974,6.9334","11.6365,6.9394","11.649,6.9448","11.6726,6.9394","11.6671,6.9473","11.688,6.9401","11.7031,6.9533","11.7228,6.9533","11.7331,6.9635","11.7449,6.9545","11.75,6.9554","11.7595,6.9532","11.7711,6.9532","11.8096,6.9579","11.813,6.967","11.8309,6.9723","11.831,6.9732","11.8488,6.9719","11.8655,6.9824","11.9051,6.9875","11.9312,7.0038","11.9521,7.0083","11.9463,7.0043","11.9729,7.0176","11.9977,7.036","12.0427,7.0591","12.0611,7.065","12.0866,7.0781","12.0938,7.0812","12.1128,7.0878","12.1427,7.0929","12.1774,7.1084","12.2062,7.1098","12.2353,7.1168","12.2248,7.1146","12.2538,7.1182","12.275,7.1237","12.3167,7.1177","12.337,7.107","12.3605,7.1062","12.3618,7.106","12.3891,7.0974","12.4105,7.0898","12.4555,7.0709","12.4816,7.0625","12.5035,7.0491","12.5052,7.0494","12.5243,7.0366","12.5487,7.0318","12.5946,7.0157","12.623,7.0119","12.6508,7.0099","12.6431,7.0059","12.6738,7.0005","12.6972,6.9973",,,,,,,,,,,,,,,,,,,,,,,,,,,,,,,,,,,,,,,,,,,,,,,,,,,,,,,,,,,,,,,,,,,,,,,,,,,,,,,,
"7.7213,4.5183","7.7343,4.531","7.7329,4.5278","7.7435,4.5427","7.7492,4.5377","7.7497,4.5476","7.7519,4.5487","7.7713,4.5701","7.7811,4.5709","7.794,4.577","7.7952,4.5844","7.8025,4.5871","7.8179,4.5961","7.8438,4.6112","7.8674,4.6264","7.8898,4.6287","7.8833,4.6295","7.9143,4.6443","7.9329,4.6421","7.9864,4.6692","8.018,4.6664","8.0558,4.6778","8.0563,4.6831","8.0947,4.6763","8.1211,4.6727","8.206,4.6668","8.2568,4.6762","8.3071,4.6803","8.3056,4.6778","8.3686,4.6869","8.4132,4.6851","8.5199,4.7045","8.5782,4.7111","8.642,4.73","8.6327,4.7271","8.6859,4.7529","8.722,4.78","8.8363,4.8295","8.8839,4.8573","8.939,4.873","8.9219,4.8644","8.9665,4.8634","9.0205,4.8677","9.1375,4.8966","9.1967,4.9253","9.2434,4.947","9.2481,4.9419","9.2862,4.9444","9.3435,4.9603","9.4379,4.9764","9.4984,4.9931","9.5421,4.981","9.5497,4.9836","9.5999,4.9762","9.6544,4.9866","9.7579,5.0047","9.7979,5.0182","9.8504,5.0295","9.8494,5.0302","9.895,5.0599","9.9306,5.0675","10.0428,5.1146","10.078,5.1223","10.1294,5.1458","10.1333,5.1331","10.1666,5.1445","10.2222,5.1584","10.295,5.1882","10.3388,5.217","10.3767,5.2362","10.3792,5.2334","10.4219,5.2556","10.4707,5.276","10.5427,5.3105","10.5864,5.3358","10.6146,5.3448","10.6125,5.3457","10.659,5.3591","10.6943,5.3829","10.7654,5.4225","10.8003,5.4321","10.8314,5.4572","10.8301,5.4523","10.8682,5.4674","10.9042,5.4854","10.9631,5.5238","11.0025,5.5547","11.0294,5.573","11.0255,5.5756","11.0507,5.6001","11.0758,5.6246","11.1188,5.6769","11.152,5.6982","11.1637,5.723","11.1651,5.7234","11.1886,5.744","11.1994,5.7711","11.2361,5.8198","11.247,5.8459","11.2587,5.868","11.2585,5.8649","11.2697,5.8851","11.2897,5.909","11.3253,5.947","11.3412,5.9674","11.3561,5.983","11.3547,5.982","11.3616,5.9944","11.3764,6.0053","11.4096,6.0282","11.4279,6.0386","11.4388,6.0516","11.4383,6.0482","11.4553,6.0517","11.4757,6.0613","11.5019,6.0786","11.5223,6.0823","11.5433,6.0924","11.5394,6.0917","11.5559,6.1006","11.5756,6.1094","11.605,6.132","11.6147,6.1389","11.6278,6.1471","11.6263,6.1449","11.6356,6.1581","11.6454,6.1735","11.6643,6.1922","11.6682,6.2046","11.672,6.21","11.6738,6.2117","11.6762,6.2169","11.6745,6.2236","11.6819,6.2466","11.6826,6.2558","11.6756,6.2621","11.6757,6.2647","11.6765,6.2693","11.672,6.2791","11.6679,6.292","11.6647,6.3017","11.6721,6.3085","11.6704,6.3116","11.6609,6.316","11.6539,6.3154","11.6597,6.3257","11.6612,6.3325","11.6613,6.3387","11.6604,6.3382","11.6668,6.3417","11.6737,6.3438","11.6843,6.3491","11.6893,6.3486","11.6957,6.35","11.6932,6.3478","11.6999,6.3503","11.6966,6.3507","11.716,6.3546","11.719,6.3553","11.7264,6.3636","11.7294,6.3668","11.7427,6.3663","11.7418,6.3737","11.7423,6.3662","11.7394,6.3646","11.7419,6.3651","11.7479,6.3697","11.7432,6.3744","11.7536,6.3772","11.7511,6.368","11.7586,6.3653","11.7557,6.3603","11.7594,6.361","11.7601,6.3615","11.7611,6.3599","11.7684,6.3506","11.7624,6.349","11.7639,6.3424","11.7676,6.3418","11.7689,6.3419","11.7697,6.3483","11.7807,6.3407","11.7809,6.3398","11.7847,6.3373","11.7919,6.336","11.7956,6.3339","11.7961,6.3344","11.7968,6.3404","11.8027,6.3402","11.8012,6.3386","11.7982,6.3393","11.8014,6.3433","11.8031,6.3515","11.8088,6.3526","11.8038,6.355","11.8056,6.3596","11.8024,6.3555","11.8076,6.3621","11.801,6.3711","11.7957,6.3841","11.7925,6.3925","11.7897,6.4012","11.7907,6.401","11.7927,6.4141","11.7885,6.4172","11.7884,6.4339","11.7877,6.4407","11.7831,6.454","11.7847,6.4519","11.7892,6.463","11.7915,6.4706","11.7975,6.4881","11.8095,6.5005","11.8132,6.5121","11.8145,6.5147","11.8245,6.5218","11.8321,6.5313","11.8523,6.5549","11.8539,6.5588","11.8728,6.573","11.87,6.5698","11.8803,6.5749","11.898,6.5887","11.9235,6.6027","11.9333,6.6113","11.9449,6.6257","11.9435,6.6181","11.947,6.6301","11.9551,6.644","11.9793,6.6697","11.9882,6.671","12.008,6.6779","12.0077,6.6868","12.018,6.697","12.0372,6.702","12.0588,6.7221","12.0639,6.7354","12.0736,6.7444","12.0732,6.747","12.0955,6.762","12.0936,6.7615","12.1236,6.7772","12.139,6.7852","12.1533,6.7913","12.1586,6.8002","12.1682,6.7928","12.1825,6.8","12.217,6.8095","12.2431,6.8221","12.2662,6.8294","12.2622,6.8311","12.2876,6.8327","12.3104,6.8488","12.3676,6.8672","12.3853,6.8698","12.421,6.868","12.4214,6.8711","12.4475,6.8707","12.4703,6.8657","12.529,6.8823","12.569,6.8798","12.6029,6.8857","12.5996,6.8856","12.6276,6.888","12.6589,6.8874","12.714,6.8848","12.7409,6.8817","12.7709,6.8731","12.7726,6.8717","12.806,6.8749","12.8316,6.8697","12.8993,6.8711","12.9265,6.8693","12.9629,6.8728","12.9636,6.8758","12.9981,6.871","13.0328,6.8722",,,,,,,,,,,,,,,,,,,,,,,,,,,,,,,,,,,,,,,,,,,,,,,,,,,,,,,,,,,,,,,,,,,,,,,,,,,,,,,,,,,,,,,,,,,,
"5.9929,4.522","5.9851,4.5176","5.9807,4.5162","5.9963,4.5039","5.9954,4.5124","5.9861,4.5147","5.9833,4.5154","5.9856,4.5122","5.9853,4.5106","5.9902,4.5078","5.9884,4.5033","5.9865,4.5002","5.9895,4.498","5.9902,4.475","5.9929,4.4743","5.9952,4.4552","5.995,4.4616","6.0078,4.4572","6.0099,4.4473","6.0276,4.4316","6.0408,4.4262","6.0645,4.408","6.0598,4.4073","6.074,4.3934","6.0891,4.3959","6.1257,4.3969","6.1457,4.395","6.1666,4.3985","6.1601,4.3884","6.1881,4.3926","6.2024,4.4024","6.2631,4.4147","6.299,4.4182","6.3191,4.4143","6.3235,4.4152","6.3545,4.4205","6.3864,4.4407","6.4792,4.471","6.5054,4.4719","6.5587,4.4894","6.5485,4.4909","6.6013,4.4975","6.637,4.5255","6.7322,4.5736","6.7744,4.5883","6.822,4.6039","6.8171,4.6112","6.8634,4.6276","6.9109,4.6449","7.0051,4.6559","7.0608,4.6647","7.1124,4.6715","7.1149,4.6686","7.1635,4.6709","7.2166,4.674","7.332,4.6885","7.3756,4.6633","7.433,4.6837","7.4336,4.6768","7.4933,4.6762","7.5401,4.6802","7.644,4.7208","7.7059,4.7179","7.7462,4.7509","7.7628,4.7474","7.8064,4.7723","7.8515,4.7764","7.9638,4.8109","8.0164,4.8375","8.0821,4.8382","8.0848,4.838","8.1322,4.8608","8.1904,4.8702","8.3012,4.8942","8.3445,4.8937","8.4164,4.9054","8.4108,4.8997","8.4678,4.9111","8.5229,4.9307","8.6288,4.9668","8.6783,4.9681","8.7168,4.9827","8.7137,4.9889","8.7551,4.9933","8.7996,5.0013","8.8747,5.0388","8.9304,5.0696","8.9632,5.0833","8.9651,5.0899","9.0155,5.1063","9.0551,5.1259","9.1162,5.1651","9.1676,5.1804","9.1949,5.1838","9.1985,5.1876","9.2409,5.2104","9.265,5.2184","9.3367,5.248","9.3712,5.2668","9.4111,5.2671","9.3941,5.2754","9.4304,5.285","9.4815,5.2925","9.5401,5.3197","9.5868,5.3217","9.6282,5.3339","9.6085,5.341","9.6395,5.3442","9.688,5.3571","9.7614,5.3841","9.7839,5.3955","9.8156,5.4076","9.8154,5.407","9.8482,5.4142","9.876,5.4381","9.9378,5.4762","9.9714,5.4816","10.0001,5.5004","9.9947,5.5035","10.028,5.5143","10.0516,5.5338","10.1111,5.5616","10.1305,5.5752","10.1432,5.5946","10.1464,5.5973","10.18,5.6101","10.1928,5.6321","10.2399,5.6527","10.2698,5.6784","10.2891,5.68","10.2914,5.687","10.3187,5.6946","10.3437,5.7068","10.3994,5.7309","10.4216,5.7396","10.4416,5.7537","10.4477,5.746","10.4766,5.7412","10.5008,5.7533","10.5604,5.766","10.5779,5.7604","10.6077,5.7644","10.6093,5.7701","10.6329,5.7727","10.6516,5.767","10.7145,5.7801","10.7205,5.7788","10.7455,5.7799","10.7471,5.7798","10.7759,5.7845","10.7908,5.7935","10.8464,5.799","10.854,5.8019","10.879,5.8153","10.8818,5.816","10.8995,5.8265","10.915,5.8291","10.9455,5.8491","10.9756,5.8684","10.9806,5.8698","10.9862,5.8816","11.0084,5.8923","11.0141,5.8962","11.0549,5.9129","11.0702,5.9262","11.0874,5.9343","11.088,5.9334","11.1048,5.9361","11.1234,5.9333","11.1438,5.9439","11.1634,5.9526","11.1899,5.949","11.1857,5.9582","11.2061,5.947","11.2236,5.9546","11.2504,5.946","11.2619,5.9466","11.2861,5.9347","11.2863,5.9393","11.29,5.936","11.315,5.9415","11.3363,5.9353","11.3504,5.9325","11.3653,5.9333","11.3608,5.9331","11.3756,5.9294","11.3695,5.9286","11.4028,5.9231","11.4134,5.9294","11.4092,5.9199","11.4107,5.9297","11.4247,5.9243","11.4347,5.9288","11.4409,5.9347","11.4444,5.9376","11.4429,5.9217","11.4512,5.9185","11.4518,5.9159","11.4449,5.9303","11.4552,5.9179","11.4497,5.9337","11.4565,5.9395","11.4441,5.9437","11.4547,5.938","11.4423,5.9406","11.4445,5.9465","11.4485,5.9479","11.4419,5.9459","11.4372,5.9543","11.4344,5.9541","11.4369,5.9487","11.4345,5.9661","11.4363,5.9721","11.4352,5.9833","11.4361,5.9754","11.4269,5.9798","11.4237,5.9891","11.4259,6.0092","11.4124,6.0198","11.4147,6.0256","11.4167,6.0287","11.4088,6.0336","11.402,6.0426","11.3953,6.0566","11.3896,6.0664","11.3829,6.0781","11.386,6.0769","11.3804,6.0859","11.3807,6.0993","11.3836,6.1164","11.3775,6.1276","11.3812,6.1338","11.378,6.1366","11.3774,6.1473","11.3908,6.1549","11.3899,6.1724","11.3961,6.1863","11.3985,6.1836","11.4001,6.196","11.4052,6.1857","11.3943,6.1942","11.4058,6.2123","11.4158,6.2155","11.423,6.2141","11.4183,6.2171","11.4271,6.218","11.4366,6.2249","11.4525,6.2331","11.4572,6.2338","11.4661,6.2269","11.4747,6.233","11.4876,6.2314","11.4878,6.2363","11.5034,6.2179","11.5208,6.2224","11.5361,6.2264","11.5451,6.2176","11.5461,6.2283","11.5471,6.2156","11.5887,6.2252","11.5907,6.2187","11.6045,6.2291","11.6115,6.2327","11.6007,6.2241","11.6103,6.2253","11.6335,6.2348","11.6349,6.25","11.6343,6.2511","11.6263,6.2439","11.6422,6.2633","11.6317,6.2611","11.6486,6.2748","11.6466,6.2797","11.6385,6.3007","11.6368,6.2959","11.6461,6.31","11.6455,6.3357","11.6363,6.3704","11.6447,6.3872","11.639,6.4039","11.6397,6.3997","11.6283,6.4228","11.6292,6.4413","11.6215,6.4681","11.6063,6.4855","11.6046,6.5118","11.6043,6.5153","11.6111,6.5322","11.5982,6.5378","11.5985,6.5795","11.6027,6.5895","11.602,6.6106","11.6012,6.6117","11.609,6.6228","11.6029,6.628","11.6231,6.6479","11.6278,6.666","11.6454,6.6865","11.6372,6.6754","11.6575,6.691","11.6663,6.7073","11.6971,6.7274","11.7151,6.7458","11.7305,6.7535","11.7288,6.7479","11.7454,6.7611","11.7725,6.7558","11.8062,6.7724","11.8204,6.7901","11.8488,6.796","11.8501,6.7942","11.8703,6.8056","11.8986,6.815","11.9395,6.8322","11.9616,6.8456","11.9833,6.8567","11.9788,6.854","12.0028,6.8562","12.0321,6.8763","12.0793,6.9085","12.0879,6.9186","12.1065,6.9303","12.1149,6.9328","12.1235,6.9426","12.1531,6.9583","12.193,6.9762","12.2196,6.9892","12.251,7.0033","12.2511,6.9992","12.2847,7.005","12.3078,7.0104","12.3699,7.018","12.4027,7.0189","12.4353,7.0201","12.4345,7.0209","12.4688,7.0184","12.4947,7.0155","12.5663,6.9997","12.6015,6.9969","12.6268,6.9908","12.6311,6.9945","12.6644,6.9871","12.6908,6.9836","12.7633,6.9748","12.8038,6.9749","12.8413,6.9579","12.8356,6.9591",,,,,,,,,,,,,,,,,,,,,,
"7.0762,4.8019","7.0743,4.8072","7.0777,4.8077","7.0777,4.8105","7.0796,4.8046","7.0834,4.8081","7.0813,4.808","7.0926,4.8076","7.0895,4.8109","7.0912,4.8134","7.0923,4.8138","7.095,4.8137","7.0988,4.8142","7.1096,4.8193","7.1195,4.8238","7.1308,4.8276","7.132,4.8281","7.1508,4.8389","7.1756,4.8516","7.2313,4.873","7.2681,4.8752","7.319,4.8808","7.3218,4.8844","7.372,4.8854","7.4269,4.8825","7.5645,4.8839","7.6406,4.8919","7.7234,4.9004","7.7213,4.8999","7.8188,4.9204","7.9133,4.9416","8.0953,4.9989","8.1834,5.0315","8.274,5.068","8.2716,5.0648","8.3757,5.1122","8.4639,5.1445","8.6531,5.2094","8.7524,5.2257","8.8529,5.2461","8.8496,5.2429","8.9374,5.2607","9.0128,5.2706","9.1435,5.3195","9.194,5.3479","9.2662,5.3916","9.266,5.3896","9.333,5.426","9.419,5.4725","9.5889,5.5479","9.6797,5.5883","9.7599,5.6174","9.7605,5.6178","9.8385,5.6393","9.9058,5.6636","10.0477,5.7223","10.1008,5.749","10.1709,5.7771","10.1699,5.7802","10.2283,5.8036","10.2867,5.8383","10.4152,5.9144","10.4735,5.9437","10.537,5.9761","10.5358,5.9746","10.5958,6.0041","10.6551,6.0438","10.7532,6.0805","10.8224,6.115","10.8798,6.1367","10.8806,6.1341","10.9352,6.1558","10.9877,6.1613","11.0785,6.176","11.1215,6.1825","11.1673,6.1961","11.1672,6.1968","11.2221,6.2203","11.2631,6.2461","11.3293,6.2932","11.3535,6.3121","11.3799,6.338","11.3817,6.3374","11.4056,6.3559","11.4345,6.3691","11.4912,6.3999","11.5247,6.4145","11.5451,6.426","11.5474,6.4263","11.5768,6.4459","11.6015,6.4491","11.6564,6.4618","11.6762,6.4649","11.6998,6.4682","11.6987,6.4644","11.7266,6.4696","11.7391,6.4701","11.7867,6.4686","11.8122,6.473","11.8266,6.4788","11.8229,6.4783","11.8412,6.4818","11.8517,6.4804","11.8835,6.4872","11.8912,6.5118","11.9012,6.5106","11.9017,6.5255","11.9022,6.5161","11.9133,6.509","11.9252,6.5212","11.9398,6.5221","11.9414,6.5284","11.9402,6.514","11.9596,6.5104","11.9689,6.5227","11.9921,6.5357","12.0065,6.5229","12.0184,6.543","12.0184,6.5521","12.0308,6.5732","12.0406,6.56","12.0638,6.5969","12.0687,6.6028","12.0713,6.6158","12.0691,6.6143","12.0643,6.6271","12.0638,6.6429","12.0694,6.6714","12.0673,6.6818","12.095,6.6972","12.0968,6.7027","12.1029,6.7104","12.1197,6.713","12.1489,6.73","12.1621,6.7333","12.1777,6.7264","12.1784,6.7267","12.2006,6.7285","12.2156,6.7228","12.2649,6.728","12.2817,6.7303","12.2969,6.7312","12.2989,6.7306","12.3086,6.7279","12.3179,6.7243","12.342,6.7206","12.3582,6.7208","12.3797,6.7169","12.3781,6.7193","12.3975,6.7058","12.4097,6.7008","12.4488,6.6808","12.4618,6.6747","12.4842,6.668","12.4825,6.6683","12.4985,6.6592","12.5045,6.651","12.5414,6.6328","12.559,6.6264","12.5815,6.6165","12.5807,6.6157","12.6073,6.604","12.6162,6.5905","12.6447,6.565","12.6615,6.5461","12.6783,6.5359","12.6784,6.5341","12.6978,6.5278","12.7276,6.5125","12.7694,6.4963","12.8121,6.4803","12.8431,6.4732","12.8474,6.4688","12.8946,6.4664","12.9399,6.4681",,,,,,,,,,,,,,,,,,,,,,,,,,,,,,,,,,,,,,,,,,,,,,,,,,,,,,,,,,,,,,,,,,,,,,,,,,,,,,,,,,,,,,,,,,,,,,,,,,,,,,,,,,,,,,,,,,,,,,,,,,,,,,,,,,,,,,,,,,,,,,,,,,,,,,,,,,,,,,,,,,,,,,,,,,,,,,,,,,,,,,,,,,,,,,,,,,
"7.3405,5.1472","7.3445,5.144","7.3447,5.1512","7.3429,5.1484","7.3487,5.1503","7.3447,5.1505","7.3384,5.1571","7.3416,5.1707","7.3351,5.1787","7.3311,5.1875","7.3386,5.1851","7.3365,5.1959","7.3301,5.2106","7.3416,5.2239","7.3494,5.2348","7.3513,5.2482","7.3409,5.2392","7.3583,5.2617","7.3562,5.2792","7.3905,5.3128","7.403,5.3106","7.4247,5.3406","7.4241,5.3378","7.445,5.351","7.4813,5.355","7.5573,5.3772","7.6065,5.3888","7.666,5.3866","7.6628,5.3833","7.7217,5.399","7.784,5.4059","7.9275,5.4134","8.0056,5.4254","8.067,5.4267","8.0807,5.4282","8.135,5.4326","8.1959,5.4434","8.3255,5.4764","8.384,5.5134","8.4489,5.5508","8.4535,5.5458","8.5042,5.5741","8.5646,5.6058","8.6879,5.6597","8.7472,5.6875","8.8159,5.711","8.8075,5.7086","8.8771,5.7317","8.9515,5.7527","9.0877,5.7881","9.1701,5.8104","9.246,5.8155","9.2455,5.8124","9.3206,5.8182","9.3893,5.8295","9.5456,5.8767","9.5968,5.9012","9.6683,5.9466","9.6726,5.9401","9.7315,5.9731","9.7998,6.0056","9.9314,6.0634","9.9951,6.0763","10.0565,6.1001","10.068,6.0911","10.1188,6.115","10.1778,6.1272","10.2724,6.1583","10.3387,6.1686","10.3884,6.1824","10.3787,6.1856","10.4346,6.2057","10.485,6.228","10.5514,6.2852","10.5925,6.3008","10.6231,6.3103","10.6177,6.318","10.668,6.3273","10.6917,6.3472","10.7693,6.3897","10.8096,6.4069","10.8448,6.4065","10.8529,6.4156","10.8864,6.4238","10.9209,6.4153","10.976,6.4531","11.0117,6.4678","11.0291,6.483","11.0325,6.4792","11.0643,6.4946","11.0816,6.5189","11.1364,6.5565","11.1556,6.573","11.1756,6.5857","11.1714,6.5848","11.196,6.6005","11.2084,6.6178","11.2437,6.6529","11.2721,6.6778","11.2802,6.6838","11.2884,6.6787","11.3065,6.6812","11.328,6.6919","11.3565,6.6964","11.3768,6.7018","11.386,6.7083","11.3902,6.7047","11.404,6.7012","11.4093,6.7061","11.4694,6.7276","11.4878,6.7382","11.5042,6.7517","11.4962,6.7552","11.5138,6.7565","11.5271,6.7752","11.5591,6.7985","11.5749,6.8213","11.5786,6.8331","11.5904,6.8316","11.5971,6.8273","11.6252,6.8459","11.652,6.8578","11.6574,6.8643","11.6654,6.8636","11.6721,6.8722","11.6778,6.8633","11.6903,6.8838","11.7082,6.8746","11.7141,6.887","11.714,6.8893","11.7274,6.8903","11.7355,6.8997","11.7342,6.9028","11.7584,6.916","11.7521,6.9161","11.7653,6.9193","11.7638,6.9199","11.7692,6.9081","11.7639,6.9172","11.8171,6.8906","11.8267,6.8936","11.8491,6.8939","11.8495,6.8952","11.8657,6.89","11.8815,6.8869","11.9104,6.8656","11.9344,6.8542","11.9407,6.8437","11.9432,6.8254","11.9388,6.8184","11.9619,6.7954","12.0249,6.7589","12.0508,6.7575","12.072,6.7438","12.0742,6.7493","12.0905,6.737","12.0951,6.7325","12.1363,6.704","12.1438,6.6772","12.1644,6.6473","12.1636,6.66","12.1748,6.62","12.1898,6.6054","12.2187,6.5631","12.243,6.5527","12.2478,6.5617","12.2496,6.554","12.2653,6.5541","12.2808,6.5688","12.2977,6.5768","12.3135,6.5725","12.3101,6.5693","12.3107,6.5812","12.326,6.5783","12.3335,6.5794","12.3481,6.5924","12.3488,6.5986","12.3672,6.6119","12.3657,6.6113","12.3641,6.6169","12.3815,6.6381","12.412,6.6736","12.4377,6.6879","12.4548,6.6992","12.4456,6.7006","12.4844,6.7132","12.5037,6.7249","12.5696,6.7339","12.5985,6.7361","12.6311,6.7244","12.6337,6.7225","12.6713,6.72","12.7079,6.7062","12.7756,6.6955","12.8155,6.6907","12.8507,6.6694","12.8553,6.6738","12.8792,6.6726","12.9142,6.6655","12.9886,6.6383","13.0096,6.625","13.0473,6.607","13.047,6.6046",,,,,,,,,,,,,,,,,,,,,,,,,,,,,,,,,,,,,,,,,,,,,,,,,,,,,,,,,,,,,,,,,,,,,,,,,,,,,,,,,,,,,,,,,,,,,,,,,,,,,,,,,,,,,,,,,,,,,,,,,,,,,,,,,,,,,,,,,,,,,,,,,,,,,,,,,,,,,,,,,,,,,,
"7.7455,5.2772","7.7533,5.2763","7.7557,5.2901","7.7608,5.2894","7.7579,5.2827","7.767,5.2845","7.7671,5.2821","7.7861,5.2927","7.7968,5.2939","7.8154,5.301","7.8136,5.2988","7.8307,5.3012","7.8492,5.3089","7.8927,5.3157","7.9192,5.32","7.9555,5.3183","7.9549,5.3205","7.9977,5.3264","8.0403,5.3307","8.141,5.3753","8.1986,5.3929","8.2521,5.4247","8.2502,5.4268","8.3013,5.4512","8.3692,5.4725","8.5089,5.5031","8.5726,5.5042","8.6444,5.5132","8.6441,5.5105","8.7114,5.5147","8.7914,5.516","8.9424,5.503","9.0208,5.4961","9.0924,5.4886","9.0933,5.4903","9.1735,5.4879","9.2395,5.4912","9.3875,5.5121","9.4679,5.5251","9.5466,5.5478","9.5501,5.548","9.6353,5.5726","9.7122,5.5898","9.8763,5.6343","9.9567,5.6523","10.0497,5.6738","10.0483,5.6778","10.1331,5.6947","10.2269,5.7119","10.4019,5.7252","10.4909,5.751","10.5744,5.7623","10.5717,5.7613","10.6513,5.7829","10.7269,5.814","10.8594,5.8729","10.9137,5.9005","10.981,5.9413","10.9803,5.9396","11.0422,5.9709","11.0919,5.9873","11.2034,6.0689","11.2653,6.093","11.3265,6.1212","11.329,6.1187","11.3747,6.1539","11.4362,6.1823","11.5224,6.2432","11.566,6.2738","11.6094,6.3123","11.6139,6.3109","11.6448,6.3451","11.6773,6.3755","11.725,6.4276","11.7474,6.438","11.7743,6.4563","11.77,6.4608","11.796,6.4752","11.8224,6.4915","11.8696,6.5344","11.8926,6.5551","11.9162,6.5702","11.9151,6.5659","11.9407,6.5778","11.9561,6.5944","11.9835,6.6197","12.0055,6.6343","12.0106,6.6422","12.0079,6.6373","12.0344,6.6622","12.0537,6.6707","12.1025,6.6702","12.1283,6.6737","12.1557,6.6789","12.1511,6.6751","12.1806,6.6668","12.2109,6.6783","12.2844,6.7007","12.3131,6.7051","12.3459,6.7122","12.3441,6.7043","12.384,6.6975","12.4404,6.6978","12.5358,6.6839","12.5873,6.6888","12.6308,6.683","12.6266,6.6867","12.6595,6.6829","12.6998,6.6767","12.7798,6.6711","12.8172,6.6641","12.8559,6.6521",,,,,,,,,,,,,,,,,,,,,,,,,,,,,,,,,,,,,,,,,,,,,,,,,,,,,,,,,,,,,,,,,,,,,,,,,,,,,,,,,,,,,,,,,,,,,,,,,,,,,,,,,,,,,,,,,,,,,,,,,,,,,,,,,,,,,,,,,,,,,,,,,,,,,,,,,,,,,,,,,,,,,,,,,,,,,,,,,,,,,,,,,,,,,,,,,,,,,,,,,,,,,,,,,,,,,,,,,,,,,,,,,,,,,,,,,,,,,,,,,,,,,,,,,,,,,,,,,
"6.6542,5.2658","6.6406,5.2625","6.6438,5.2591","6.6416,5.2548","6.641,5.2558","6.6452,5.2521","6.6366,5.2494","6.637,5.2447","6.6321,5.2432","6.6313,5.2399","6.6313,5.2434","6.6285,5.2451","6.6233,5.24","6.6069,5.238","6.6084,5.2347","6.6118,5.2398","6.6203,5.2345","6.6192,5.2325","6.621,5.2306","6.6229,5.2335","6.6441,5.2409","6.6491,5.2436","6.6544,5.2456","6.6631,5.2444","6.6782,5.248","6.713,5.2538","6.7343,5.2504","6.7686,5.2545","6.7673,5.2558","6.8015,5.2559","6.8527,5.2542","6.9391,5.2472","6.9812,5.2442","7.0132,5.2402","7.0153,5.239","7.0629,5.237","7.1103,5.2288","7.2234,5.2191","7.2844,5.2114","7.3483,5.2153","7.3473,5.2135","7.4274,5.2231","7.5058,5.238","7.6655,5.2773","7.7358,5.2864","7.8062,5.2979","7.8083,5.2971","7.8849,5.3008","7.9557,5.3032","8.1048,5.2845","8.2064,5.2796","8.2711,5.273","8.2744,5.2707","8.3475,5.266","8.4153,5.2694","8.5597,5.2884","8.6298,5.3074","8.7101,5.3309","8.7109,5.3292","8.7802,5.3566","8.8456,5.38","8.9726,5.4285","9.0352,5.4496","9.0959,5.4719","9.099,5.4719","9.1592,5.4954","9.2296,5.5134","9.3395,5.5537","9.4021,5.5813","9.4602,5.6042","9.4564,5.6041","9.5181,5.6251","9.5726,5.6342","9.6866,5.6736","9.7294,5.6882","9.7879,5.7112","9.7845,5.7112","9.8455,5.7439","9.9016,5.7795","10.0016,5.8531","10.0549,5.886","10.1037,5.9138","10.1059,5.9124","10.1521,5.939","10.1951,5.9606","10.2886,6.0103","10.3421,6.0375","10.3826,6.0611","10.3849,6.0625","10.4333,6.0823","10.4762,6.1059","10.5599,6.1452","10.601,6.1711","10.6347,6.1849","10.6347,6.1855","10.6678,6.2056","10.7051,6.2326","10.7778,6.2846","10.8091,6.3133","10.8461,6.3377","10.8444,6.3393","10.8648,6.3589","10.8983,6.379","10.9571,6.42","10.9786,6.4345","11.0093,6.4494","10.9941,6.4392","11.0201,6.4591","11.0373,6.4686","11.0994,6.4947","11.1209,6.5134","11.1313,6.508","11.1354,6.5156","11.1445,6.5178","11.1653,6.5279","11.2035,6.5545","11.2139,6.5627","11.2358,6.5794","11.2222,6.5743","11.2576,6.5903","11.2706,6.6004","11.2907,6.6273","11.3077,6.6339","11.3214,6.6459","11.3172,6.6486","11.3534,6.6625","11.3521,6.6737","11.3944,6.6921","11.4235,6.7041","11.4348,6.7106","11.4329,6.7131","11.4437,6.7117","11.4647,6.7157","11.4924,6.7238","11.5019,6.7336","11.5109,6.7445","11.5104,6.7399","11.524,6.7502","11.5229,6.7623","11.5416,6.7786","11.5426,6.7859","11.5637,6.7918","11.5664,6.7992","11.5699,6.8067","11.5661,6.8109","11.5764,6.822","11.5892,6.8251","11.601,6.8354","11.6006,6.8368","11.5978,6.842","11.6106,6.8497","11.6093,6.8664","11.6303,6.8718","11.629,6.8846","11.6285,6.884","11.6419,6.8877","11.6558,6.9054","11.6757,6.9062","11.6772,6.9021","11.6953,6.9052","11.699,6.9117","11.7029,6.9104","11.7042,6.9131","11.7397,6.9193","11.7616,6.9168","11.7644,6.9136","11.7604,6.9175","11.7744,6.9152","11.7847,6.9141","11.7996,6.9052","11.8088,6.9006","11.8182,6.887","11.8194,6.8985","11.833,6.8847","11.8553,6.8977","11.8689,6.8893","11.8737,6.8768","11.8981,6.8801","11.887,6.8796","11.8901,6.8726","11.9048,6.8698","11.9061,6.8628","11.8973,6.857","11.9084,6.8598","11.9148,6.8642","11.9209,6.8544","11.9081,6.8497","11.9202,6.8574","11.9322,6.8575","11.9304,6.8494","11.929,6.8509","11.9403,6.848","11.9534,6.8534","11.9616,6.8406","11.972,6.8467","11.9895,6.8409","11.9837,6.8374","11.9964,6.8425","12.0112,6.8398","12.0179,6.8348","12.0285,6.8411","12.0328,6.8416","12.0351,6.8498","12.0461,6.8423","12.0495,6.8482","12.0858,6.8592","12.1026,6.872","12.1149,6.8673","12.114,6.8698","12.1304,6.8642","12.1649,6.8415","12.2024,6.8468","12.221,6.8395","12.2518,6.8321","12.2497,6.8255","12.2816,6.8122","12.2957,6.8101","12.3542,6.8011","12.3802,6.7914","12.4241,6.7857","12.423,6.7835","12.4591,6.781","12.4878,6.7792","12.5457,6.7773","12.5784,6.7889","12.6031,6.7886","12.6065,6.7936","12.6134,6.7834","12.6383,6.7777","12.7079,6.7709","12.7399,6.7546","12.7672,6.7371","12.767,6.7406","12.7934,6.7318","12.8305,6.7172","12.8726,6.684","12.8975,6.678",,,,,,,,,,,,,,,,,,,,,,,,,,,,,,,,,,,,,,,,,,,,,,,,,,,,,,,,,,,,,,,,,,,,,,,,,,,,,,,,,,,,,,,,,,,,,,,,,,,,,,,,,,,,,,,,,,,,,,,,,,,,,,,,,,,,
"6.2416,5.7654","6.2496,5.786","6.251,5.7912","6.2534,5.7948","6.2584,5.7995","6.2543,5.8041","6.2588,5.8091","6.256,5.8352","6.2654,5.8398","6.2587,5.8443","6.2737,5.8425","6.2695,5.8541","6.2784,5.8524","6.2825,5.8746","6.2977,5.8825","6.2934,5.8848","6.2916,5.8754","6.2911,5.8911","6.3144,5.9006","6.3205,5.9134","6.3383,5.9138","6.3595,5.9151","6.354,5.9175","6.3637,5.9224","6.3891,5.9259","6.4343,5.9262","6.4646,5.9326","6.4844,5.9274","6.4872,5.9257","6.5274,5.9253","6.56,5.9217","6.6326,5.9146","6.6534,5.901","6.6903,5.8972","6.7029,5.8933","6.7286,5.8822","6.755,5.8827","6.8168,5.861","6.8417,5.8601","6.8827,5.8635","6.8885,5.8528","6.9206,5.8545","6.953,5.8477","7.0183,5.8433","7.0629,5.8492","7.0924,5.8493","7.0973,5.863","7.1404,5.8693","7.1578,5.8689","7.2429,5.8843","7.2851,5.8823","7.3152,5.8895","7.3107,5.8905","7.3591,5.8939","7.4023,5.8807","7.4706,5.8972","7.5151,5.8875","7.5511,5.8898","7.5503,5.8884","7.5979,5.8859","7.6408,5.8832","7.7216,5.8772","7.761,5.879","7.8082,5.8802","7.8225,5.8775","7.8527,5.8885","7.9037,5.8901","7.9742,5.9096","8.0239,5.9123","8.0785,5.9235","8.0716,5.9236","8.1213,5.9331","8.1785,5.9328","8.2579,5.9379","8.2996,5.9337","8.3495,5.9306","8.3529,5.9262","8.4026,5.9293","8.45,5.9337","8.5573,5.9408","8.6008,5.9348","8.6381,5.9452","8.6428,5.9493","8.6984,5.9452","8.7369,5.9398","8.8094,5.9416","8.8578,5.9663","8.9083,5.9748","8.8939,5.971","8.9405,5.9874","9.0022,6.0039","9.0634,6.0243","9.1129,6.0413","9.168,6.0375","9.158,6.0351","9.2162,6.0377","9.2415,6.0521","9.3337,6.0671","9.3708,6.0772","9.4176,6.0871","9.4155,6.0807","9.4468,6.089","9.4952,6.0995","9.5754,6.0995","9.6097,6.1076","9.6506,6.1115","9.6459,6.1157","9.677,6.1271","9.7214,6.1478","9.7838,6.1814","9.8109,6.2012","9.8356,6.2196","9.8395,6.2175","9.8661,6.228","9.8873,6.2417","9.9661,6.2685","9.9955,6.2801","10.0217,6.2898","10.0156,6.3004","10.0371,6.3067","10.076,6.3148","10.1167,6.3252","10.1494,6.3348","10.1683,6.3405","10.1683,6.3355","10.1874,6.336","10.214,6.341","10.2662,6.3486","10.2964,6.3514","10.3224,6.3635","10.3135,6.3638","10.336,6.3706","10.371,6.3777","10.4129,6.4066","10.4294,6.4225","10.4515,6.4299","10.4401,6.4401","10.4565,6.4496","10.4605,6.466","10.483,6.4776","10.5061,6.4952","10.5189,6.5058","10.5221,6.5017","10.5334,6.5131","10.5492,6.5126","10.5667,6.5238","10.5799,6.5343","10.5841,6.5423","10.5924,6.5429","10.5969,6.5487","10.598,6.5394","10.632,6.5418","10.6324,6.5569","10.6494,6.5556","10.6478,6.5663","10.6593,6.5651","10.6502,6.5758","10.6729,6.5965","10.6577,6.6065","10.6647,6.6159","10.6696,6.6157","10.6734,6.627","10.6837,6.626","10.6846,6.6393","10.693,6.6488","10.6898,6.6443","10.6861,6.6382","10.695,6.6477","10.7067,6.6404","10.7037,6.6391","10.7164,6.6494","10.71,6.6479","10.713,6.645","10.7172,6.6495","10.7217,6.6473","10.7211,6.6485","10.7184,6.6482","10.7279,6.6444","10.7295,6.6475","10.7255,6.6519","10.7283,6.6572","10.7285,6.653","10.7285,6.6518","10.7322,6.6456","10.7232,6.6469","10.7393,6.6578","10.7381,6.6414","10.7426,6.6527","10.7466,6.6456","10.7417,6.6451","10.7396,6.6418","10.7417,6.6407","10.7441,6.645","10.7615,6.6461","10.7528,6.641","10.7486,6.6352","10.7518,6.6422","10.7557,6.6329","10.751,6.6413","10.769,6.6428","10.7629,6.6363","10.7748,6.6346","10.7719,6.6364","10.7766,6.6423","10.784,6.6343","10.8146,6.6221","10.8189,6.6266","10.83,6.6219","10.8366,6.6115","10.8453,6.6045","10.8613,6.5971","10.8812,6.5891","10.8927,6.5724","10.9049,6.5745","10.9146,6.5726","10.9113,6.5683","10.9215,6.5611","10.9543,6.5563","10.9589,6.5639","10.979,6.5578","10.984,6.5623","10.9885,6.5465","11.0003,6.5617","11.0208,6.5639","11.0375,6.5709","11.0345,6.5735","11.0249,6.5737","11.0446,6.5877","11.0599,6.586","11.067,6.5984","11.0738,6.6117","11.0815,6.6055","11.0856,6.6068","11.0844,6.6127","11.1008,6.6212","11.1275,6.6331","11.1419,6.6284","11.1629,6.6283","11.1551,6.6292","11.1653,6.6357","11.1778,6.6279","11.2297,6.6231","11.2504,6.6227","11.2713,6.6261","11.2818,6.6345","11.2885,6.6326","11.3237,6.6432","11.3555,6.6526","11.3744,6.6464","11.3815,6.6658","11.3873,6.6623","11.3933,6.6589","11.4092,6.6834","11.4447,6.6733","11.4491,6.6923","11.4689,6.698","11.477,6.6942","11.4851,6.7058","11.5232,6.7061","11.5563,6.7043","11.5719,6.7012","11.6083,6.696","11.5963,6.6973","11.6173,6.6964","11.6487,6.6933","11.6906,6.717","11.7209,6.7228","11.7352,6.732","11.741,6.7218","11.7465,6.7458","11.7824,6.7518","11.8128,6.7617","11.8399,6.7568","11.8673,6.7669","11.877,6.7702","11.8925,6.7784","11.9241,6.7735","11.9795,6.7582","12.0175,6.7732","12.0322,6.7539","12.0357,6.762","12.0628,6.7619","12.092,6.7674","12.1513,6.7619","12.1756,6.7779","12.1916,6.7706","12.1828,6.7676","12.205,6.7837","12.2385,6.7773","12.2916,6.7842","12.3192,6.7789","12.3558,6.7802","12.3467,6.7898","12.3796,6.7893","12.4098,6.7846","12.4704,6.8063","12.5121,6.8052","12.5255,6.8117","12.527,6.802","12.5482,6.8133","12.5747,6.8198","12.615,6.801","12.6373,6.7883","12.66,6.7908","12.6647,6.7918","12.6885,6.7919","12.7245,6.7782","12.7789,6.7515","12.797,6.7364","12.8304,6.7235","12.824,6.7281","12.8505,6.7169","12.8918,6.7198","12.9637,6.6931","12.9774,6.7012",,,,,,,,,,,,,,,,,,,,,,,,,,,,,,,,,,,,,,,,,,,,,,,,,,,,,,
"7.5305,5.7227","7.5259,5.7236","7.5394,5.724","7.5512,5.7196","7.5503,5.7214","7.5594,5.7227","7.5715,5.7148","7.5971,5.7186","7.6189,5.7212","7.6446,5.7248","7.6414,5.7207","7.669,5.7192","7.6816,5.7344","7.7296,5.742","7.7619,5.7431","7.8024,5.7576","7.8102,5.752","7.8461,5.7642","7.8837,5.7718","7.988,5.7994","8.0383,5.8061","8.1208,5.8276","8.1149,5.8189","8.1909,5.82","8.2588,5.8131","8.4375,5.8266","8.5079,5.8419","8.5959,5.8573","8.5951,5.8587","8.6665,5.8803","8.7479,5.9085","8.9031,5.9652","8.9917,5.9937","9.0722,6.0098","9.071,6.0091","9.157,6.0234","9.2303,6.0445","9.3816,6.0471","9.4876,6.0615","9.5795,6.0872","9.5822,6.0748","9.672,6.0934","9.7504,6.0979","9.9389,6.1269","10.0212,6.1538","10.1125,6.1728","10.1183,6.1728","10.2034,6.1909","10.2899,6.2127","10.4311,6.2497","10.5348,6.2563","10.6073,6.2601","10.6074,6.2605","10.6895,6.2734","10.7681,6.2942","10.9159,6.3531","10.9748,6.3706","11.0549,6.3933","11.0528,6.3978","11.1069,6.4138","11.1709,6.4186","11.288,6.4733","11.3594,6.4763","11.4177,6.498","11.4194,6.4941","11.4657,6.5178","11.5394,6.536","11.6294,6.5703","11.6718,6.5957","11.7077,6.6112","11.7175,6.6053","11.7722,6.6142","11.8163,6.6295","11.9,6.6421","11.9342,6.6588","11.9879,6.6566","11.9938,6.6614","12.0398,6.666","12.0845,6.6763","12.1481,6.689","12.1934,6.6934","12.2146,6.6972","12.2178,6.6979","12.2571,6.6901","12.309,6.686","12.4005,6.6895","12.4447,6.698","12.476,6.6964","12.4794,6.7053","12.5191,6.7129","12.5609,6.7105","12.6462,6.6974","12.7096,6.7105","12.7547,6.7002","12.7535,6.7022","12.8144,6.688","12.8513,6.6858","12.9372,6.6406","12.9957,6.6096","13.0393,6.5973","13.0298,6.5964","13.0722,6.5653","13.0999,6.534",,,,,,,,,,,,,,,,,,,,,,,,,,,,,,,,,,,,,,,,,,,,,,,,,,,,,,,,,,,,,,,,,,,,,,,,,,,,,,,,,,,,,,,,,,,,,,,,,,,,,,,,,,,,,,,,,,,,,,,,,,,,,,,,,,,,,,,,,,,,,,,,,,,,,,,,,,,,,,,,,,,,,,,,,,,,,,,,,,,,,,,,,,,,,,,,,,,,,,,,,,,,,,,,,,,,,,,,,,,,,,,,,,,,,,,,,,,,,,,,,,,,,,,,,,,,,,,,,,,,,,,,,,
"7.6867,6.2556","7.7122,6.2473","7.7318,6.2546","7.7458,6.2447","7.7569,6.2521","7.7711,6.2521","7.7901,6.2547","7.863,6.2638","7.8945,6.2677","7.9275,6.2691","7.9283,6.2576","7.9789,6.2616","8.0242,6.2652","8.1401,6.2435","8.21,6.2191","8.2881,6.1897","8.2857,6.1931","8.3647,6.1658","8.4677,6.1449","8.6348,6.1141","8.7368,6.0929","8.8112,6.0905","8.8179,6.0907","8.9027,6.0997","8.9965,6.0929","9.1713,6.0979","9.2956,6.1063","9.4037,6.105","9.4054,6.0998","9.5263,6.0858","9.6253,6.0895","9.823,6.1","9.9357,6.0985","10.0422,6.1094","10.0422,6.1092","10.1586,6.1258","10.2407,6.1503","10.4162,6.2242","10.5748,6.2628","10.675,6.3131","10.6873,6.3246","10.8083,6.3561","10.9179,6.3946","11.1018,6.4495","11.2608,6.4747","11.3651,6.4982","11.3751,6.4879","11.4637,6.5083","11.5577,6.5287","11.7147,6.5816","11.8229,6.5862","11.8993,6.596","11.9066,6.6102","11.9659,6.628","12.0367,6.6524","12.1308,6.6747","12.1743,6.6802","12.2317,6.6865","12.2298,6.6897","12.2676,6.6842","12.2981,6.6878","12.3535,6.7088","12.3917,6.7346","12.418,6.7496","12.4099,6.7441","12.4466,6.7632","12.5002,6.7714","12.5858,6.7796","12.6387,6.7854","12.6958,6.7894","12.7004,6.7837","12.7523,6.7873","12.8108,6.8004","12.8928,6.7882",,,,,,,,,,,,,,,,,,,,,,,,,,,,,,,,,,,,,,,,,,,,,,,,,,,,,,,,,,,,,,,,,,,,,,,,,,,,,,,,,,,,,,,,,,,,,,,,,,,,,,,,,,,,,,,,,,,,,,,,,,,,,,,,,,,,,,,,,,,,,,,,,,,,,,,,,,,,,,,,,,,,,,,,,,,,,,,,,,,,,,,,,,,,,,,,,,,,,,,,,,,,,,,,,,,,,,,,,,,,,,,,,,,,,,,,,,,,,,,,,,,,,,,,,,,,,,,,,,,,,,,,,,,,,,,,,,,,,,,,,,,,,,,,,,,,,,,
"7.2479,6.3703","7.2581,6.3684","7.2721,6.371","7.2837,6.371","7.2826,6.3763","7.2978,6.3736","7.306,6.3771","7.3536,6.366","7.3724,6.3571","7.3995,6.3453","7.4,6.3477","7.4194,6.3361","7.4502,6.3122","7.523,6.2893","7.5569,6.2905","7.6004,6.2919","7.5972,6.2926","7.6468,6.2959","7.7082,6.2958","7.807,6.3252","7.8563,6.3468","7.9109,6.3841","7.9192,6.3892","7.9699,6.396","8.0437,6.4324","8.1652,6.4824","8.2339,6.4739","8.3081,6.479","8.3091,6.4871","8.3804,6.4847","8.4532,6.4834","8.6178,6.4722","8.7027,6.4456","8.7547,6.4492","8.7683,6.4463","8.8386,6.453","8.916,6.4673","9.062,6.5171","9.1324,6.5343","9.1962,6.5665","9.2009,6.5642","9.2592,6.5808","9.3251,6.5606","9.4527,6.5716","9.5208,6.571","9.5931,6.5688","9.5964,6.5589","9.677,6.5638","9.7407,6.5646","9.8895,6.5693","9.9482,6.569","10.0089,6.5654","10.0109,6.5635","10.0677,6.5868","10.1358,6.594","10.2598,6.6173","10.3152,6.6161","10.3783,6.604","10.3831,6.623","10.4441,6.6256","10.4986,6.6245","10.6318,6.6354","10.6746,6.626","10.7238,6.6233","10.7274,6.6299","10.7722,6.6205","10.8294,6.6227","10.9256,6.6505","10.9728,6.6706","11.021,6.691","11.0216,6.6913","11.0743,6.7016","11.1207,6.7087","11.2107,6.7097","11.2521,6.7064","11.2877,6.6984","11.291,6.697","11.3309,6.6965","11.3613,6.6906","11.4281,6.7067","11.4565,6.7097","11.4823,6.713","11.4838,6.7151","11.5128,6.7222","11.5329,6.7215","11.5727,6.7328","11.5991,6.7398","11.6157,6.7407","11.6155,6.7408","11.6403,6.7514","11.65,6.7495","11.686,6.7437","11.7051,6.7375","11.7128,6.7252","11.7159,6.7298","11.7353,6.7288","11.7427,6.7129","11.7909,6.7021","11.8173,6.699","11.8416,6.7044","11.8383,6.7085","11.8607,6.704","11.8929,6.6971","11.9458,6.6932","11.978,6.6737","11.991,6.6508","11.999,6.6477","12.0019,6.6204","12.0228,6.6044","12.0776,6.5898","12.0847,6.5921","12.1065,6.5872","12.1141,6.5853","12.1291,6.5716","12.1617,6.568","12.2041,6.5674","12.247,6.5539","12.2889,6.5527","12.2857,6.5537","12.3172,6.5497","12.3431,6.5494","12.4013,6.5504","12.425,6.5453","12.4433,6.5481","12.4457,6.5416","12.4653,6.5386","12.4859,6.5351","12.5219,6.5109","12.5291,6.5017","12.5416,6.495","12.5381,6.492","12.547,6.4824","12.5595,6.4697","12.5829,6.4474","12.592,6.4407","12.6098,6.4343","12.6124,6.4373","12.6339,6.4299","12.6576,6.4192","12.7276,6.4227","12.7461,6.4173","12.7881,6.4272","12.7904,6.4288","12.8199,6.4231","12.8488,6.4228","12.9026,6.4166","12.921,6.4181","12.9339,6.4067","12.9327,6.409","12.9409,6.4036","12.9554,6.4103","12.971,6.3685","12.9873,6.3392","13.0186,6.308","13.0181,6.3065",,,,,,,,,,,,,,,,,,,,,,,,,,,,,,,,,,,,,,,,,,,,,,,,,,,,,,,,,,,,,,,,,,,,,,,,,,,,,,,,,,,,,,,,,,,,,,,,,,,,,,,,,,,,,,,,,,,,,,,,,,,,,,,,,,,,,,,,,,,,,,,,,,,,,,,,,,,,,,,,,,,,,,,,,,,,,,,,,,,,,,,,,,,,,,,,,,,,,,,,,,,,,,,,,,,,,,
"5.8958,6.6298","5.8955,6.6144","5.8875,6.6063","5.8956,6.5959","5.8901,6.5955","5.8895,6.581","5.897,6.5744","5.9104,6.5405","5.9254,6.5339","5.9386,6.5169","5.9429,6.5222","5.9515,6.5219","5.9706,6.5158","6.0009,6.5031","6.023,6.4949","6.0642,6.4869","6.0644,6.4906","6.0944,6.4882","6.1145,6.4878","6.1975,6.5027","6.2276,6.5053","6.2763,6.5172","6.2737,6.5223","6.3036,6.5238","6.3579,6.5429","6.451,6.5674","6.5111,6.5939","6.5732,6.6213","6.5693,6.6215","6.631,6.638","6.6861,6.6714","6.798,6.6979","6.8713,6.7156","6.9282,6.7119","6.9377,6.7269","7.0052,6.7279","7.0599,6.7461","7.1914,6.773","7.2493,6.7737","7.3124,6.7893","7.3125,6.7872","7.3804,6.8067","7.4424,6.8358","7.5787,6.9028","7.6412,6.9457","7.7026,6.9896","7.7065,6.9816","7.774,7.0132","7.8407,7.0522","7.9705,7.0878","8.0566,7.1196","8.1274,7.1293","8.1304,7.1309","8.1913,7.1557","8.2589,7.1686","8.3871,7.2149","8.443,7.2226","8.5096,7.2431","8.5091,7.2404","8.5576,7.2637","8.6272,7.2924","8.716,7.3413","8.7627,7.3674","8.8015,7.3879","8.801,7.3857","8.8353,7.4069","8.8863,7.4193","8.9641,7.4392","9.0092,7.4536","9.0519,7.4688","9.0497,7.4695","9.0927,7.4819","9.1406,7.491","9.2317,7.505","9.2696,7.5045","9.3211,7.505","9.3214,7.5061","9.3672,7.5119","9.4128,7.5189","9.5055,7.5617","9.543,7.5752","9.5931,7.5872","9.5868,7.5923","9.6332,7.6035","9.676,7.6187","9.7514,7.6515","9.7987,7.6676","9.8304,7.6809","9.827,7.6815","9.869,7.7007","9.9037,7.716","9.9671,7.7382","10.0078,7.7503","10.0364,7.7631","10.04,7.7573","10.0737,7.7604","10.1025,7.7782","10.1676,7.7725","10.2068,7.7712","10.2373,7.7676","10.2312,7.7664","10.2612,7.759","10.3018,7.753","10.3577,7.735","10.3905,7.7371","10.4161,7.7391","10.4162,7.7404","10.4348,7.7311","10.4691,7.7281","10.5226,7.7278","10.5433,7.7281","10.5666,7.723","10.5659,7.7208","10.587,7.7162","10.6112,7.7234","10.6574,7.7254","10.6763,7.7199","10.6972,7.7291","10.7024,7.7299","10.7151,7.7229","10.741,7.7181","10.7709,7.7245","10.7729,7.7242","10.7912,7.7183","10.7902,7.7252","10.806,7.7212","10.8182,7.7238","10.8415,7.7134","10.8501,7.7019","10.8564,7.7007","10.861,7.7014","10.8652,7.6938","10.8707,7.6895","10.8836,7.6751","10.888,7.6637","10.8882,7.6552","10.8915,7.6562","10.8959,7.6526","10.9017,7.6389","10.9167,7.6099","10.9297,7.6076","10.9402,7.5964","10.9412,7.6076","10.9443,7.5909","10.9552,7.5907","10.974,7.5858","10.984,7.5918","10.9962,7.5968","10.9971,7.5881","11.0095,7.5949","11.0233,7.6003","11.041,7.6199","11.0531,7.6224","11.0537,7.6277","11.0632,7.6345","11.0741,7.6387","11.0807,7.6445","11.1042,7.6567","11.1121,7.654","11.1277,7.6696","11.1267,7.6759","11.1406,7.6697","11.1333,7.6835","11.1662,7.6868","11.1673,7.686","11.1719,7.6802","11.1718,7.6804","11.181,7.6799","11.1831,7.6811","11.1891,7.6745","11.2014,7.663","11.2127,7.6533","11.2123,7.6535","11.2151,7.6483","11.2178,7.6362","11.2431,7.607","11.2417,7.5912","11.25,7.5719","11.2696,7.5734","11.2709,7.5632","11.2715,7.5414","11.2966,7.4992","11.3045,7.4797","11.3182,7.4624","11.3101,7.4632","11.3234,7.434","11.3384,7.4175","11.3532,7.3824","11.372,7.3695","11.3744,7.343","11.377,7.3413","11.3781,7.333","11.3856,7.3223","11.4135,7.3043","11.4197,7.2958","11.4339,7.3","11.4277,7.2959","11.4365,7.2942","11.4573,7.2886","11.4788,7.2811","11.49,7.2815","11.4962,7.2849","11.4941,7.2932","11.5055,7.291","11.5333,7.299","11.5553,7.2975","11.5664,7.3022","11.583,7.3031","11.582,7.3016","11.5911,7.2969","11.6218,7.3056","11.6493,7.3073","11.6723,7.2951","11.6944,7.289","11.697,7.2919","11.7157,7.276","11.7354,7.2648","11.7861,7.2489","11.8079,7.2356","11.8328,7.232","11.8377,7.2357","11.861,7.227","11.8949,7.2195","11.9585,7.1991","11.9886,7.2072","12.015,7.1961","12.0247,7.1995","12.05,7.2015","12.0804,7.2127","12.1602,7.2188","12.1943,7.2148","12.2348,7.2293","12.2339,7.2234","12.2635,7.2338","12.3247,7.2669","12.4216,7.3081","12.4648,7.3257","12.5165,7.3525","12.537,7.3563","12.581,7.3745","12.6255,7.3944","12.7272,7.444","12.7663,7.4623","12.8079,7.462","12.816,7.464","12.8664,7.4748","12.9088,7.4809","12.9949,7.4809",,,,,,,,,,,,,,,,,,,,,,,,,,,,,,,,,,,,,,,,,,,,,,,,,,,,,,,,,,,,,,,,,,,,,,,,,,,,,,,,,,,,,,,,,,,,,,,,,,,,,,,,,,,,,,,,,,,,,,,,,
"7.5529,6.8215","7.5724,6.7878","7.6029,6.7837","7.6286,6.7738","7.6261,6.7759","7.6527,6.7654","7.6804,6.7569","7.7544,6.7397","7.799,6.7289","7.8456,6.719","7.8428,6.7093","7.8977,6.7152","7.958,6.7089","8.1064,6.7069","8.1908,6.7315","8.2705,6.7429","8.2741,6.7501","8.3501,6.7606","8.4239,6.7628","8.5509,6.7499","8.6222,6.751","8.6676,6.7152","8.6784,6.7343","8.7401,6.7213","8.8078,6.7056","8.9325,6.6565","9.0083,6.6415","9.0819,6.6382","9.0817,6.6347","9.1516,6.6352","9.2305,6.6445","9.3982,6.6655","9.4768,6.6853","9.5526,6.6905","9.5623,6.6936","9.642,6.6848","9.7226,6.6904","9.8693,6.6869","9.9264,6.6589","9.9926,6.6421","10.0064,6.6481","10.0737,6.6355","10.154,6.6169","10.3027,6.5984","10.377,6.6006","10.4637,6.6113","10.4666,6.6162","10.5371,6.6358","10.6131,6.6574","10.7527,6.6939","10.843,6.7187","10.9204,6.7238","10.9257,6.7272","11.0062,6.7262","11.0822,6.7305","11.2452,6.6985","11.3098,6.695","11.3946,6.6912","11.3969,6.6969","11.4677,6.6967","11.53,6.7066","11.6639,6.7503","11.7348,6.7631","11.7993,6.7753","11.7964,6.7763","11.8551,6.7743","11.9125,6.7666","12.0056,6.7196","12.0651,6.705","12.1234,6.6783","12.1203,6.6782","12.1721,6.6529","12.2273,6.6343","12.3144,6.6015","12.3587,6.5886","12.4056,6.5912","12.4061,6.5879","12.4504,6.6055","12.4968,6.6177","12.5818,6.6637","12.611,6.6774","12.6439,6.675","12.645,6.6759","12.6768,6.66","12.7045,6.6328","12.7678,6.5718","12.8113,6.5326","12.8368,6.4844","12.8383,6.4841",,,,,,,,,,,,,,,,,,,,,,,,,,,,,,,,,,,,,,,,,,,,,,,,,,,,,,,,,,,,,,,,,,,,,,,,,,,,,,,,,,,,,,,,,,,,,,,,,,,,,,,,,,,,,,,,,,,,,,,,,,,,,,,,,,,,,,,,,,,,,,,,,,,,,,,,,,,,,,,,,,,,,,,,,,,,,,,,,,,,,,,,,,,,,,,,,,,,,,,,,,,,,,,,,,,,,,,,,,,,,,,,,,,,,,,,,,,,,,,,,,,,,,,,,,,,,,,,,,,,,,,,,,,,,,,,,,,,,,,,
"7.0981,7.1671","7.1042,7.1616","7.117,7.1694","7.1225,7.1664","7.1292,7.1665","7.1326,7.1622","7.1426,7.1613","7.1735,7.1515","7.1822,7.152","7.207,7.1508","7.2028,7.1467","7.2236,7.1395","7.2399,7.1406","7.2936,7.1075","7.3343,7.0886","7.3685,7.0721","7.3692,7.0682","7.4183,7.062","7.4711,7.0532","7.5831,7.0477","7.6475,7.0504","7.7159,7.0727","7.7159,7.0828","7.7695,7.1129","7.8393,7.1422","7.9843,7.1957","8.046,7.2203","8.1286,7.2385","8.1207,7.2365","8.1929,7.2663","8.2736,7.2768","8.422,7.3061","8.5055,7.3185","8.5892,7.3224","8.6004,7.3255","8.6827,7.3356","8.7597,7.3507","8.9059,7.3903","9.0067,7.4182","9.0878,7.4265","9.0826,7.4346","9.1572,7.4517","9.2263,7.4663","9.3625,7.4676","9.4554,7.4949","9.5389,7.5052","9.5429,7.5139","9.6128,7.5012","9.6942,7.5124","9.8347,7.5026","9.9242,7.5283","10.0028,7.5203","9.9981,7.521","10.0604,7.5315","10.1359,7.5363","10.2667,7.5517","10.3357,7.5533","10.4127,7.568","10.4208,7.564","10.4718,7.5607","10.5265,7.5568","10.6407,7.5428","10.699,7.5458","10.7696,7.5228","10.7521,7.5278","10.8032,7.5102","10.8654,7.486","10.9554,7.4389","11.0122,7.4281","11.059,7.4286","11.0538,7.4239","11.1008,7.4232","11.1486,7.4061","11.2275,7.3913","11.278,7.3938","11.3085,7.3954","11.303,7.3958","11.3434,7.3942","11.3722,7.3926","11.4418,7.3807","11.4721,7.3554","11.5089,7.3352","11.5064,7.3406","11.5415,7.3019","11.5604,7.2792","11.605,7.2452","11.6456,7.229","11.6619,7.2146","11.6587,7.2092","11.6874,7.1976","11.7193,7.1888","11.7566,7.1494","11.7876,7.1331","11.8274,7.1007","11.8257,7.1043","11.8524,7.0982","11.8839,7.0668","11.9716,7.0823","12.0064,7.0711","12.0175,7.0737","12.0211,7.076","12.0474,7.0686","12.0924,7.0805","12.1407,7.0769","12.1709,7.074","12.2044,7.0694","12.1937,7.0646","12.224,7.0572","12.254,7.0399","12.3457,7.0367","12.4002,7.0341","12.4362,7.0312","12.4244,7.0376","12.4729,7.0314","12.509,7.0391","12.583,7.0527","12.6298,7.0561","12.6657,7.0563","12.6704,7.0614","12.6818,7.0529","12.7276,7.0672","12.8093,7.0751","12.8515,7.0867","12.8983,7.0963","12.9035,7.0965","12.9521,7.1136","12.9997,7.1338","13.0999,7.1575","13.1482,7.1741",,,,,,,,,,,,,,,,,,,,,,,,,,,,,,,,,,,,,,,,,,,,,,,,,,,,,,,,,,,,,,,,,,,,,,,,,,,,,,,,,,,,,,,,,,,,,,,,,,,,,,,,,,,,,,,,,,,,,,,,,,,,,,,,,,,,,,,,,,,,,,,,,,,,,,,,,,,,,,,,,,,,,,,,,,,,,,,,,,,,,,,,,,,,,,,,,,,,,,,,,,,,,,,,,,,,,,,,,,,,,,,,,,,,,,,,,,,,,,,,
"6.0276,7.6323","6.0284,7.6347","6.0412,7.6373","6.0422,7.6422","6.0481,7.6437","6.0524,7.6461","6.0603,7.6555","6.0862,7.6718","6.0937,7.6739","6.114,7.6831","6.1109,7.6783","6.1237,7.7007","6.1442,7.7037","6.2111,7.7221","6.2568,7.7235","6.3158,7.7232","6.31,7.7204","6.3751,7.7086","6.4439,7.696","6.5995,7.6595","6.6712,7.6405","6.758,7.6046","6.7665,7.6211","6.838,7.5896","6.923,7.5743","7.0959,7.5811","7.2111,7.5845","7.2894,7.6337","7.2919,7.6249","7.3803,7.6625","7.4817,7.7122","7.6493,7.7695","7.7324,7.7681","7.831,7.8009","7.8288,7.7901","7.9272,7.802","8.02,7.8025","8.1836,7.7805","8.3127,7.8053","8.4138,7.7992","8.4282,7.8036","8.5153,7.8213","8.6367,7.8435","8.8165,7.9024","8.9104,7.9166","9.0099,7.946","9.0047,7.9335","9.0852,7.954","9.1752,7.9448","9.3208,7.9161","9.4413,7.9155","9.5059,7.8898","9.5117,7.8867","9.5937,7.8622","9.6611,7.8515","9.807,7.8369","9.8902,7.8222","9.9846,7.7992","9.9905,7.8028","10.056,7.7795","10.1155,7.7609","10.2551,7.7593","10.3394,7.7781","10.4175,7.7866","10.4101,7.7833","10.4786,7.7889","10.5567,7.7753","10.6667,7.7762","10.7409,7.7573","10.7809,7.7515","10.7794,7.7467","10.8254,7.7332","10.8706,7.7137","10.9712,7.7006","11.0102,7.6845","11.0574,7.6634","11.0556,7.6634","11.1058,7.6576","11.1517,7.6547","11.2273,7.6403","11.2575,7.6356","11.2952,7.636","11.2957,7.6317","11.3243,7.6159","11.3539,7.6092","11.4317,7.5851","11.4758,7.5745","11.4942,7.5435","11.495,7.5458","11.5263,7.5226","11.5525,7.4979","11.5774,7.4523","11.6004,7.4217","11.6146,7.3869","11.6074,7.383","11.6314,7.3508","11.6475,7.3144","11.6956,7.2831","11.7142,7.2511","11.7375,7.2426","11.7372,7.2488","11.7689,7.2293","11.7807,7.2117","11.8374,7.2003","11.88,7.1825","11.9196,7.1748","11.9179,7.1726","11.9454,7.1728","11.9769,7.1702","12.042,7.1929","12.0605,7.201","12.0843,7.2055","12.0857,7.207","12.1099,7.2111","12.1375,7.2178","12.2033,7.2276","12.2215,7.2282","12.2507,7.2374","12.244,7.2323","12.2704,7.2389","12.2902,7.2436","12.3398,7.2616","12.359,7.2632","12.3969,7.2688","12.4008,7.2715","12.4348,7.2745","12.4861,7.3021","12.5529,7.3147","12.603,7.3194","12.6351,7.3293","12.6347,7.3383","12.6701,7.3493","12.7072,7.362","12.7952,7.3833","12.8457,7.3893","12.8928,7.3938","12.8923,7.3902",,,,,,,,,,,,,,,,,,,,,,,,,,,,,,,,,,,,,,,,,,,,,,,,,,,,,,,,,,,,,,,,,,,,,,,,,,,,,,,,,,,,,,,,,,,,,,,,,,,,,,,,,,,,,,,,,,,,,,,,,,,,,,,,,,,,,,,,,,,,,,,,,,,,,,,,,,,,,,,,,,,,,,,,,,,,,,,,,,,,,,,,,,,,,,,,,,,,,,,,,,,,,,,,,,,,,,,,,,,,,,,,,,,,,,,,
"7.6091,7.5815","7.6353,7.558","7.6574,7.5701","7.6651,7.5588","7.6711,7.56","7.6882,7.5521","7.7127,7.5583","7.765,7.5175","7.8179,7.5113","7.8608,7.4729","7.8589,7.4756","7.9091,7.4655","7.9751,7.4609","8.1195,7.4677","8.1869,7.5059","8.2695,7.5305","8.2729,7.5288","8.3395,7.5494","8.4413,7.5895","8.6092,7.6081","8.7171,7.6281","8.8236,7.6411","8.8173,7.632","8.9211,7.6361","9.0071,7.6233","9.1749,7.6168","9.3328,7.5979","9.4267,7.6","9.4299,7.5984","9.5273,7.6029","9.6308,7.6044","9.8009,7.6167","9.9338,7.6182","10.0387,7.6173","10.0524,7.623","10.1481,7.6346","10.265,7.6211","10.4335,7.5995","10.5895,7.5908","10.6955,7.5809","10.6888,7.5758","10.7781,7.5459","10.8972,7.5237","11.0778,7.4978","11.1898,7.4942","11.2893,7.4639","11.2913,7.4796","11.3879,7.4805","11.4875,7.4642","11.6579,7.4306","11.7893,7.448","11.8557,7.413","11.862,7.422","11.9413,7.4102","12.009,7.4157","12.1422,7.4017","12.1831,7.3728","12.243,7.3744","12.2643,7.3804","12.3112,7.3605","12.3453,7.3495","12.4621,7.3052","12.523,7.2997","12.5975,7.3201","12.5798,7.3158","12.6468,7.3265","12.7374,7.3435","12.846,7.3674",,,,,,,,,,,,,,,,,,,,,,,,,,,,,,,,,,,,,,,,,,,,,,,,,,,,,,,,,,,,,,,,,,,,,,,,,,,,,,,,,,,,,,,,,,,,,,,,,,,,,,,,,,,,,,,,,,,,,,,,,,,,,,,,,,,,,,,,,,,,,,,,,,,,,,,,,,,,,,,,,,,,,,,,,,,,,,,,,,,,,,,,,,,,,,,,,,,,,,,,,,,,,,,,,,,,,,,,,,,,,,,,,,,,,,,,,,,,,,,,,,,,,,,,,,,,,,,,,,,,,,,,,,,,,,,,,,,,,,,,,,,,,,,,,,,,,,,,,,,,,
"7.5622,8.2354","7.5867,8.225","7.6154,8.2367","7.6231,8.2258","7.6238,8.2284","7.6216,8.2325","7.637,8.2301","7.6775,8.2189","7.6996,8.1993","7.7359,8.1727","7.74,8.1842","7.7793,8.1666","7.8344,8.1508","7.9565,8.1512","8.0275,8.1544","8.089,8.1727","8.0924,8.1759","8.1614,8.1905","8.2349,8.2088","8.3855,8.2436","8.4496,8.2454","8.5197,8.2585","8.5191,8.2515","8.5908,8.2595","8.6751,8.2622","8.8244,8.2587","8.9039,8.2541","8.9866,8.2489","8.9857,8.2488","9.064,8.2404","9.1462,8.2288","9.3259,8.1953","9.4142,8.1878","9.4966,8.1783","9.495,8.1771","9.5848,8.1717","9.6653,8.1631","9.8131,8.1391","9.9001,8.1278","9.9782,8.1103","9.9795,8.1091","10.0516,8.0961","10.1225,8.0739","10.2717,8.0418","10.3336,8.0223","10.4143,8.0141","10.4119,8.0181","10.476,8.0062","10.5572,7.9884","10.6946,7.9469","10.7592,7.9229","10.8274,7.8908","10.8302,7.894","10.8812,7.8677","10.9499,7.8533","11.0612,7.8047","11.108,7.765","11.1723,7.7546","11.1857,7.7598","11.2297,7.7325","11.2843,7.6982","11.3985,7.6693","11.4564,7.6515","11.503,7.6457","11.5021,7.6376","11.5424,7.6088","11.5973,7.6055","11.6755,7.5599","11.7071,7.5466","11.7502,7.5244","11.7481,7.5295","11.7866,7.511","11.8235,7.4929","11.8677,7.4618","11.887,7.4491","11.9003,7.4349","11.9034,7.4371","11.9278,7.4271","11.9524,7.4179","12.0236,7.3988","12.0429,7.3877","12.0646,7.3796","12.0683,7.3823","12.0977,7.3689","12.1247,7.3508","12.1779,7.3393","12.2202,7.3393","12.2468,7.3367","12.2486,7.3363","12.2896,7.3386","12.3278,7.3333","12.4114,7.3317","12.4597,7.3374","12.4983,7.3364","12.4966,7.3344","12.5435,7.3393","12.5837,7.3489","12.6808,7.3551","12.7175,7.3584","12.7609,7.3565","12.7546,7.3544","12.7973,7.3562","12.8402,7.3611","12.9271,7.3834","12.9695,7.414","13.0162,7.4292","13.0089,7.4376","13.0453,7.4511","13.088,7.4787",,,,,,,,,,,,,,,,,,,,,,,,,,,,,,,,,,,,,,,,,,,,,,,,,,,,,,,,,,,,,,,,,,,,,,,,,,,,,,,,,,,,,,,,,,,,,,,,,,,,,,,,,,,,,,,,,,,,,,,,,,,,,,,,,,,,,,,,,,,,,,,,,,,,,,,,,,,,,,,,,,,,,,,,,,,,,,,,,,,,,,,,,,,,,,,,,,,,,,,,,,,,,,,,,,,,,,,,,,,,,,,,,,,,,,,,,,,,,,,,,,,,,,,,,,,,,,,,,,,,
"6.0631,8.038","6.0579,8.0338","6.0634,8.0397","6.0628,8.0347","6.069,8.033","6.0638,8.0294","6.0692,8.0308","6.0802,8.0241","6.0619,8.0204","6.0715,8.0122","6.0704,8.006","6.0715,8.004","6.0875,7.9862","6.1092,7.9513","6.1204,7.9439","6.1435,7.9262","6.1596,7.9234","6.1906,7.9232","6.2286,7.9185","6.3255,7.9302","6.387,7.9334","6.4443,7.9524","6.4436,7.9561","6.5049,7.9701","6.5639,7.9774","6.6873,7.9998","6.7503,7.9974","6.8096,7.9991","6.8081,7.9964","6.867,7.9953","6.9201,7.9899","7.033,7.9876","7.0964,7.976","7.1404,7.9703","7.1538,7.9618","7.2028,7.9541","7.2505,7.9492","7.361,7.9149","7.4231,7.9004","7.4948,7.9002","7.4828,7.8951","7.5488,7.8988","7.6177,7.9099","7.7461,7.9001","7.8315,7.9175","7.8998,7.9224","7.8868,7.9234","7.9617,7.9217","8.0383,7.9201","8.173,7.901","8.2488,7.8917","8.3093,7.8814","8.3128,7.8773","8.382,7.8552","8.4408,7.8387","8.5951,7.8176","8.6451,7.7955","8.7158,7.7813","8.7152,7.7817","8.789,7.7747","8.8607,7.7663","9.0127,7.786","9.0745,7.7986","9.146,7.8033","9.1395,7.7954","9.2115,7.7977","9.2868,7.799","9.4066,7.7941","9.4757,7.8006","9.5463,7.7861","9.5418,7.7872","9.6161,7.7863","9.6884,7.7666","9.8018,7.7298","9.8583,7.7318","9.9089,7.7268","9.9094,7.728","9.9692,7.7274","10.0262,7.7298","10.1679,7.7373","10.2005,7.7444","10.2524,7.7395","10.2615,7.7473","10.313,7.7512","10.3481,7.7606","10.4382,7.7642","10.5003,7.762","10.5311,7.7498","10.5299,7.7526","10.5725,7.7505","10.618,7.7418","10.7023,7.7182","10.7347,7.7108","10.7502,7.6923","10.7458,7.6975","10.775,7.683","10.8008,7.6663","10.8581,7.6394","10.876,7.6373","10.9019,7.6333","10.9028,7.6328","10.9267,7.6198","10.9564,7.6333","10.9893,7.6458","11.0232,7.6468","11.0558,7.6386","11.0517,7.6398","11.0538,7.6379","11.0793,7.6286","11.1304,7.6248","11.1522,7.6161","11.1759,7.5983","11.1875,7.5934","11.1984,7.5807","11.2335,7.5487","11.2663,7.5017","11.2811,7.4791","11.3017,7.4562","11.3037,7.4466","11.3201,7.418","11.3426,7.3897","11.3707,7.3688","11.3759,7.3622","11.3887,7.3464","11.3999,7.3555","11.4062,7.3456","11.4149,7.3647","11.4367,7.3391","11.4606,7.3402","11.4714,7.341","11.4824,7.3365","11.4913,7.3467","11.5244,7.3307","11.5547,7.3341","11.5656,7.3229","11.5759,7.3116","11.5745,7.3158","11.585,7.3044","11.5882,7.3011","11.621,7.295","11.6356,7.3021","11.6452,7.3126","11.6414,7.3081","11.6473,7.3111","11.6526,7.3034","11.6719,7.3177","11.6867,7.3224","11.6954,7.3117","11.6948,7.2988","11.713,7.3124","11.7237,7.3182","11.7631,7.3132","11.7743,7.2912","11.7895,7.2809","11.7895,7.2867","11.7914,7.268","11.7998,7.2568","11.8181,7.2273","11.8205,7.2127","11.8227,7.1982","11.8242,7.2037","11.8335,7.1905","11.8502,7.179","11.8517,7.1636","11.8331,7.1558","11.8502,7.1517","11.8557,7.1466","11.8655,7.1497","11.8854,7.141","11.8958,7.1339","11.9127,7.1245","11.9104,7.1186","11.9305,7.121","11.9409,7.1078","11.9562,7.0986","11.9849,7.0709","11.98,7.0606","12.0087,7.0541","12.0115,7.0574","12.023,7.0357","12.0321,7.0392","12.0671,7.0158","12.0721,7.0145","12.0919,7.001","12.091,6.9968","12.0997,6.9862","12.1126,6.9691","12.1361,6.9694","12.142,6.9607","12.1587,6.9531","12.1563,6.9494","12.18,6.9574","12.1971,6.9574","12.2275,6.9557","12.2477,6.9593","12.2837,6.9568","12.2719,6.9663","12.3084,6.9752","12.3256,6.9715","12.3798,6.9786","12.4047,6.9722","12.4441,6.9607","12.4411,6.9611","12.4701,6.9495","12.4927,6.9212","12.5602,6.8652","12.6055,6.8398","12.6414,6.8113","12.6412,6.8029","12.6653,6.7944","12.709,6.7671","12.7669,6.7263","12.819,6.6915","12.8444,6.6915","12.8512,6.6823","12.9066,6.6733","12.9376,6.6594","13.015,6.6454","13.0461,6.6415",,,,,,,,,,,,,,,,,,,,,,,,,,,,,,,,,,,,,,,,,,,,,,,,,,,,,,,,,,,,,,,,,,,,,,,,,,,,,,,,,,,,,,,,,,,,,,,,,,,,,,,,,,,,,,,,,,,,,,,,,,,,,,,,,,,,,,,,,,,,,,,,,,,,,,
"6.8299,8.7377","6.8501,8.742","6.8611,8.7464","6.8672,8.7424","6.8742,8.7458","6.8775,8.7414","6.8885,8.7424","6.9239,8.7289","6.9438,8.7211","6.9732,8.7172","6.9721,8.7172","6.9982,8.7148","7.0218,8.7094","7.0769,8.6901","7.1061,8.6793","7.1354,8.6601","7.1465,8.658","7.1756,8.6478","7.2103,8.6346","7.2864,8.5808","7.3103,8.5496","7.3525,8.5211","7.3535,8.5184","7.3937,8.4862","7.4436,8.4616","7.5343,8.3919","7.5812,8.3691","7.6386,8.3585","7.6409,8.356","7.6951,8.3545","7.7634,8.3457","7.8867,8.3395","7.955,8.3192","8.0215,8.3152","8.0258,8.307","8.1035,8.2874","8.1665,8.281","8.2964,8.2397","8.344,8.2471","8.3827,8.2485","8.3818,8.2463","8.4283,8.2558","8.473,8.2578","8.5454,8.2695","8.5819,8.2756","8.6429,8.2857","8.6315,8.2867","8.6771,8.2905","8.7263,8.2893","8.8161,8.2907","8.8812,8.2974","8.9348,8.3044","8.9358,8.3014","8.9963,8.3129","9.0598,8.3326","9.1789,8.3844","9.2262,8.4045","9.2939,8.4262","9.297,8.4246","9.3513,8.4277","9.4065,8.4355","9.5388,8.4495","9.6038,8.4514","9.6706,8.4512","9.6714,8.452","9.7333,8.4473","9.8049,8.441","9.9203,8.4131","9.9867,8.4021","10.0569,8.3982","10.0544,8.3998","10.1173,8.3848","10.1876,8.3823","10.3127,8.384","10.3648,8.3801","10.407,8.3771","10.4065,8.3744","10.4512,8.3695","10.4895,8.3669","10.5547,8.3456","10.5862,8.3273","10.6162,8.3053","10.6158,8.3044","10.6495,8.2803","10.6697,8.2528","10.7057,8.2052","10.7307,8.1846","10.7432,8.1652","10.742,8.1664","10.7687,8.1519","10.7905,8.1392","10.8393,8.1392","10.8601,8.1452","10.886,8.1411","10.8856,8.1405","10.9109,8.1407","10.9253,8.1431","10.9759,8.1396","10.9942,8.1367","11.0127,8.1398","11.0096,8.1389","11.0265,8.1395","11.0536,8.1394","11.0966,8.1457","11.1118,8.1418","11.1268,8.1345","11.1257,8.1392","11.1295,8.1287","11.1491,8.1166","11.1861,8.0991","11.198,8.0866","11.221,8.0849","11.2198,8.091","11.2428,8.0828","11.2695,8.0726","11.3099,8.0781","11.3248,8.0631","11.3557,8.0556","11.3632,8.0634","11.3744,8.0574","11.3984,8.0415","11.4232,8.0326","11.4355,8.0319","11.447,8.0104","11.453,8.0182","11.4606,8.0083","11.471,7.99","11.4897,7.9738","11.5011,7.9585","11.5003,7.9547","11.5122,7.9556","11.5239,7.9476","11.523,7.9494","11.562,7.9454","11.57,7.9357","11.5892,7.9214","11.5852,7.919","11.594,7.9095","11.5945,7.9038","11.6198,7.8845","11.618,7.8779","11.6265,7.856","11.6276,7.8612","11.6331,7.8397","11.6403,7.8258","11.6605,7.8071","11.6761,7.7976","11.6871,7.7909","11.6885,7.7803","11.7081,7.7852","11.7094,7.7823","11.7426,7.7781","11.733,7.7765","11.7505,7.7689","11.7486,7.7708","11.7613,7.763","11.765,7.759","11.78,7.7495","11.7778,7.7353","11.7775,7.7378","11.78,7.7397","11.7829,7.7243","11.7874,7.7049","11.7992,7.6684","11.7983,7.6536","11.817,7.6441","11.8169,7.6409","11.834,7.6353","11.8493,7.6326","11.8757,7.6193","11.895,7.61","11.8926,7.6039","11.8954,7.6012","11.904,7.5816","11.9105,7.5636","11.9279,7.5258","11.9168,7.5165","11.9255,7.4942","11.9273,7.4925","11.9256,7.4835","11.9311,7.4654","11.9565,7.4435","11.9523,7.4482","11.9534,7.4391","11.9576,7.4372","11.9669,7.4378","11.9767,7.4274","11.9952,7.433","12.0209,7.4383","12.0337,7.4267","12.0376,7.4269","12.0498,7.4302","12.0725,7.4382","12.1168,7.4262","12.1281,7.4295","12.1558,7.4139","12.1537,7.4208","12.162,7.4162","12.1734,7.4081","12.1937,7.397","12.2017,7.3937","12.2099,7.3891","12.2103,7.3889","12.2322,7.3872","12.251,7.3786","12.2909,7.3868","12.307,7.3957","12.3383,7.3984","12.339,7.3968","12.3605,7.3961","12.3926,7.3967","12.4501,7.4093","12.4873,7.3996","12.5368,7.42","12.5332,7.426","12.5843,7.4376","12.625,7.4569","12.7265,7.4971","12.7542,7.5009","12.8069,7.5125","12.8025,7.5035","12.8412,7.514","12.8997,7.526","12.9925,7.5252","13.041,7.5369","13.0907,7.5434","13.075,7.5406",,,,,,,,,,,,,,,,,,,,,,,,,,,,,,,,,,,,,,,,,,,,,,,,,,,,,,,,,,,,,,,,,,,,,,,,,,,,,,,,,,,,,,,,,,,,,,,,,,,,,,,,,,,,,,,,,,,,,,,,,,,,,,,,,,,,,,,,,,,,,,
"7.3488,8.9276","7.3482,8.9157","7.3502,8.8975","7.3533,8.9093","7.3574,8.904","7.3528,8.9067","7.3604,8.8994","7.3742,8.8971","7.388,8.8986","7.4019,8.8956","7.4081,8.8944","7.4246,8.9173","7.4351,8.9122","7.4727,8.9123","7.4966,8.915","7.5298,8.9115","7.5351,8.9042","7.5639,8.9071","7.5972,8.8982","7.6649,8.8567","7.7068,8.8352","7.7519,8.8158","7.753,8.8073","7.8062,8.7915","7.8585,8.7632","7.9474,8.6803","8.019,8.6398","8.0672,8.6012","8.0593,8.6026","8.1281,8.5812","8.1706,8.542","8.2951,8.5357","8.3655,8.5005","8.4281,8.5002","8.4259,8.497","8.5048,8.4895","8.5751,8.4754","8.7096,8.4535","8.7792,8.4261","8.8468,8.413","8.8499,8.3987","8.916,8.3875","8.9854,8.3551","9.1132,8.3243","9.1884,8.2867","9.2452,8.2836","9.2459,8.2772","9.3112,8.2636","9.3891,8.2664","9.515,8.235","9.5887,8.254","9.6583,8.2254","9.6632,8.2405","9.7247,8.2167","9.7894,8.2195","9.9125,8.2157","9.9666,8.1936","10.0244,8.1951","10.0326,8.202","10.0841,8.1825","10.1352,8.1906","10.241,8.1852","10.3037,8.1844","10.3631,8.1799","10.3558,8.1816","10.4116,8.1608","10.4561,8.1556","10.5189,8.1221","10.5553,8.1161","10.5948,8.1139","10.5997,8.115","10.6327,8.114","10.6784,8.1246","10.745,8.1351","10.7652,8.1289","10.7948,8.1267","10.8001,8.1229","10.8392,8.1252","10.8688,8.1124","10.9424,8.0688","10.9723,8.052","10.9837,8.019","10.9942,8.0237","11.024,7.9882","11.0354,7.9536","11.0538,7.9214","11.0903,7.9056","11.0986,7.8741","11.0892,7.8776","11.1154,7.8514","11.1309,7.8417","11.1707,7.8147","11.1866,7.8124","11.1925,7.7897","11.1979,7.7944","11.2116,7.7816","11.2241,7.7573","11.284,7.7378","11.3062,7.72","11.3381,7.6965","11.3283,7.6947","11.3505,7.6706","11.3828,7.6522","11.4274,7.626","11.4509,7.6001","11.4631,7.5922","11.4738,7.5789","11.4771,7.5654","11.5021,7.5466","11.5305,7.5007","11.5365,7.4798","11.5584,7.457","11.556,7.4558","11.5734,7.4499","11.5911,7.4317","11.6084,7.404","11.6278,7.3922","11.6377,7.3829","11.6381,7.3805","11.6617,7.3465","11.6769,7.3318","11.7174,7.2812","11.7242,7.2626","11.724,7.2478","11.7341,7.2507","11.7402,7.226","11.7643,7.2042","11.7816,7.1688","11.789,7.157","11.8049,7.1546","11.8074,7.1625","11.8208,7.1535","11.8339,7.1588","11.8473,7.1516","11.8547,7.1549","11.8609,7.1432","11.8657,7.1381","11.8987,7.133","11.8965,7.1311","11.9274,7.1228","11.9431,7.1106","11.9638,7.1066","11.9672,7.1056","11.9696,7.1012","11.9866,7.0917","12.008,7.096","12.0424,7.0952","12.0574,7.1004","12.054,7.0985","12.0746,7.1075","12.0902,7.1097","12.12,7.1201","12.1296,7.1318","12.1385,7.1685","12.1343,7.163","12.1493,7.1757","12.1538,7.1865","12.1958,7.1939","12.2172,7.1938","12.2464,7.1909","12.2452,7.1883","12.2792,7.1852","12.305,7.1719","12.3788,7.1545","12.418,7.1474","12.4549,7.1427","12.4536,7.1476","12.5034,7.1562","12.5446,7.1557","12.6285,7.1866","12.6816,7.195","12.71,7.2068","12.7144,7.2077","12.7536,7.2241","12.7923,7.2331","12.8593,7.2457","12.888,7.2542",,,,,,,,,,,,,,,,,,,,,,,,,,,,,,,,,,,,,,,,,,,,,,,,,,,,,,,,,,,,,,,,,,,,,,,,,,,,,,,,,,,,,,,,,,,,,,,,,,,,,,,,,,,,,,,,,,,,,,,,,,,,,,,,,,,,,,,,,,,,,,,,,,,,,,,,,,,,,,,,,,,,,,,,,,,,,,,,,,,,,,,,,,,,,,,,
"7.7704,9.0048","7.7782,9.0035","7.7781,8.9964","7.7827,8.9963","7.786,8.9941","7.7863,8.9953","7.7926,8.9891","7.8067,8.9834","7.8168,8.972","7.8338,8.973","7.8279,8.9678","7.8463,8.9564","7.8603,8.9424","7.8988,8.906","7.93,8.8862","7.9534,8.8621","7.9526,8.8637","7.992,8.8434","8.0278,8.8194","8.1288,8.7839","8.1749,8.7664","8.2366,8.7563","8.2396,8.7554","8.2985,8.7494","8.3574,8.75","8.4911,8.7326","8.5479,8.7251","8.6193,8.7137","8.6162,8.7191","8.6789,8.712","8.7502,8.7146","8.8747,8.7023","8.9405,8.6867","8.9939,8.6668","8.987,8.6652","9.0506,8.6511","9.1127,8.6346","9.2395,8.6176","9.3125,8.6084","9.386,8.6029","9.384,8.6069","9.4567,8.6074","9.524,8.5982","9.6564,8.5913","9.7246,8.5753","9.8008,8.5651","9.8004,8.5626","9.8648,8.5508","9.9323,8.5399","10.0483,8.4969","10.1072,8.4749","10.1609,8.4548","10.1576,8.4517","10.2228,8.4297","10.2797,8.4145","10.3873,8.3949","10.4271,8.3692","10.4868,8.3509","10.4867,8.3525","10.5443,8.3347","10.5879,8.3122","10.699,8.2869","10.7486,8.264","10.7893,8.2418","10.7895,8.2415","10.8271,8.2197","10.875,8.1985","10.9537,8.1474","10.9977,8.1395","11.0373,8.124","11.037,8.124","11.0775,8.1141","11.1158,8.0995","11.1782,8.0755","11.1978,8.0645","11.2312,8.0478","11.2323,8.0515","11.2548,8.0394","11.2779,8.035","11.3339,8.0155","11.361,8.0042","11.3757,7.9913","11.3862,7.9927","11.4007,7.9769","11.4182,7.9597","11.4545,7.9321","11.4788,7.9169","11.4924,7.902","11.4909,7.8967","11.5185,7.8949","11.536,7.8811","11.5782,7.8629","11.5898,7.8581","11.611,7.8451","11.6063,7.8431","11.6243,7.8349","11.6367,7.8269","11.6739,7.8076","11.6836,7.7965","11.6943,7.7821","11.6906,7.7812","11.6968,7.7668","11.7121,7.7546","11.7228,7.7238","11.731,7.7081","11.7324,7.6901","11.7331,7.6914","11.7324,7.6699","11.7445,7.6528","11.7657,7.6249","11.7715,7.6117","11.7954,7.5972","11.7947,7.5997","11.8051,7.5816","11.8215,7.5682","11.8503,7.5518","11.8639,7.5279","11.8731,7.5162","11.8732,7.5142","11.8837,7.4917","11.8914,7.476","11.894,7.4523","11.8935,7.4321","11.9042,7.4241","11.9032,7.4216","11.9109,7.407","11.9172,7.398","11.9471,7.375","11.9612,7.3668","11.9651,7.3572","11.9663,7.3545","11.9751,7.3372","11.9941,7.3195","12.0289,7.297","12.0392,7.2815","12.0577,7.2663","12.0581,7.2612","12.0753,7.247","12.0901,7.2351","12.1448,7.2218","12.1639,7.2159","12.1836,7.2025","12.1853,7.2021","12.1999,7.1877","12.2218,7.1785","12.2784,7.1306","12.2968,7.1176","12.3295,7.0976","12.3315,7.1015","12.352,7.0856","12.4,7.075","12.4661,7.0807","12.4935,7.0837","12.5446,7.094","12.5287,7.0971","12.5648,7.1056","12.6014,7.1266","12.6567,7.1595","12.689,7.1796","12.7293,7.1937","12.7104,7.1924","12.7449,7.2116","12.7723,7.2267","12.8329,7.2716","12.8584,7.2812","12.8856,7.299","12.8854,7.2975","12.9083,7.3107","12.9523,7.3282","13.0006,7.3639","13.052,7.371","13.0596,7.3813","13.0596,7.3809","13.0954,7.4023","13.1303,7.4172","13.1968,7.4603",,,,,,,,,,,,,,,,,,,,,,,,,,,,,,,,,,,,,,,,,,,,,,,,,,,,,,,,,,,,,,,,,,,,,,,,,,,,,,,,,,,,,,,,,,,,,,,,,,,,,,,,,,,,,,,,,,,,,,,,,,,,,,,,,,,,,,,,,,,,,,,,,,,,,,,,,,,,,,,,,,,,,,,,,,,,,,,,,,,,,,,,,,,,,,,,,
"6.5841,9.2706","6.5951,9.2725","6.5978,9.2765","6.5977,9.2714","6.598,9.2748","6.5969,9.2813","6.6081,9.2755","6.6097,9.2655","6.6152,9.2636","6.6206,9.2482","6.6154,9.2655","6.6244,9.2614","6.6343,9.2512","6.6567,9.2307","6.6795,9.2332","6.6912,9.2304","6.6866,9.2321","6.7097,9.2194","6.7278,9.2333","6.7748,9.2165","6.8148,9.2186","6.8457,9.2242","6.8392,9.2147","6.8666,9.223","6.9076,9.2312","6.9581,9.2309","6.9853,9.2317","7.0163,9.2305","7.0125,9.2305","7.0387,9.2316","7.0744,9.2204","7.1434,9.2123","7.1753,9.206","7.2109,9.1876","7.2156,9.1811","7.2494,9.1636","7.292,9.1604","7.3619,9.126","7.4196,9.1182","7.4544,9.0905","7.4508,9.093","7.4967,9.0837","7.5366,9.0585","7.6281,9.026","7.6664,9.0269","7.7129,9.0238","7.7158,9.028","7.7667,9.0259","7.8172,9.0299","7.9178,9.0192","7.9752,9.0339","8.0194,9.0217","8.0284,9.0281","8.0725,9.0084","8.1288,9.0156","8.224,9.0135","8.2698,8.9945","8.327,8.9951","8.3346,9.0016","8.3764,8.9958","8.4257,8.9894","8.5299,8.9727","8.5877,8.9684","8.6409,8.957","8.6458,8.9467","8.6926,8.9387","8.7413,8.9244","8.8289,8.8982","8.8861,8.9283","8.9461,8.919","8.9409,8.9208","9.0,8.9263","9.0483,8.9401","9.1453,8.9399","9.1872,8.9278","9.2619,8.9233","9.2501,8.9404","9.2989,8.9222","9.3522,8.923","9.4431,8.921","9.5085,8.9165","9.5616,8.907","9.5642,8.915","9.608,8.9046","9.6507,8.888","9.7362,8.8747","9.8031,8.8566","9.8312,8.8371","9.8335,8.8404","9.881,8.8297","9.9253,8.8191","9.9975,8.8026","10.0553,8.8139","10.0921,8.8094","10.0904,8.8031","10.1417,8.8061","10.1689,8.8119","10.2509,8.7964","10.2985,8.783","10.3344,8.775","10.3385,8.7744","10.3749,8.7593","10.4142,8.7445","10.481,8.7314","10.5285,8.7258","10.5589,8.7163","10.5584,8.7087","10.5783,8.6986","10.6117,8.688","10.679,8.6465","10.7046,8.6402","10.7251,8.6299","10.7305,8.6287","10.7606,8.6201","10.7911,8.6008","10.8539,8.5884","10.877,8.5715","10.9042,8.5607","10.8998,8.5655","10.9288,8.5629","10.9612,8.5533","11.0216,8.5344","11.0305,8.5274","11.0658,8.5275","11.0589,8.5291","11.0862,8.5261","11.1233,8.5243","11.165,8.5172","11.2031,8.5187","11.2159,8.5178","11.2177,8.5228","11.244,8.5157","11.2654,8.5185","11.3167,8.5087","11.3357,8.5119","11.3471,8.5009","11.3511,8.4966","11.3739,8.4876","11.3823,8.4853","11.4257,8.4748","11.4298,8.4584","11.4431,8.4511","11.4476,8.4537","11.4506,8.434","11.4486,8.4264","11.4568,8.3919","11.4628,8.3906","11.4717,8.3816","11.4682,8.3823","11.4745,8.3779","11.4836,8.362","11.4888,8.3311","11.494,8.3147","11.5011,8.3171","11.497,8.3097","11.4998,8.2983","11.5054,8.2893","11.5177,8.2602","11.5238,8.2543","11.5371,8.2547","11.5364,8.2486","11.5367,8.2372","11.5412,8.2339","11.5668,8.2304","11.5774,8.2246","11.5838,8.2204","11.5844,8.2196","11.6002,8.2221","11.6076,8.2197","11.6182,8.2082","11.6244,8.2071","11.6335,8.1888","11.6401,8.1966","11.6466,8.1797","11.6549,8.1825","11.6572,8.1612","11.6603,8.1486","11.6756,8.1373","11.6667,8.1476","11.667,8.1308","11.6623,8.1305","11.6647,8.0975","11.6613,8.0888","11.6587,8.0822","11.6574,8.0891","11.6573,8.0652","11.6449,8.0579","11.6495,8.0326","11.6448,8.0306","11.6386,8.0178","11.6333,8.0188","11.6344,8.0116","11.6307,7.9982","11.6183,7.9739","11.6171,7.9773","11.6156,7.9492","11.6246,7.9544","11.5978,7.9324","11.6155,7.9291","11.6226,7.9064","11.6103,7.8885","11.6168,7.8866","11.6227,7.8936","11.6347,7.8843","11.6354,7.8631","11.6469,7.8501","11.6761,7.8447","11.6824,7.8362","11.6773,7.8358","11.6847,7.8302","11.6963,7.8216","11.7304,7.8283","11.7404,7.8213","11.753,7.8356","11.7567,7.8299","11.7673,7.8241","11.772,7.833","11.8046,7.8259","11.8006,7.8316","11.8089,7.815","11.8162,7.8095","11.8147,7.8047","11.8263,7.7985","11.8218,7.7906","11.8158,7.7739","11.8089,7.7721","11.8173,7.7694","11.8141,7.7593","11.806,7.7559","11.7943,7.7384","11.784,7.7187","11.7649,7.7132","11.7811,7.721","11.7682,7.7096","11.7555,7.694","11.7347,7.6732","11.7405,7.6711","11.7329,7.6578","11.7324,7.6563","11.7237,7.6421","11.717,7.6308","11.7257,7.6034","11.7226,7.5942","11.726,7.5873","11.722,7.5862","11.7273,7.5764","11.7237,7.5591","11.7445,7.5437","11.7396,7.5387","11.7564,7.5382","11.7594,7.5333","11.7711,7.5318","11.7716,7.5288","11.8,7.5181","11.8132,7.5214","11.8211,7.5184","11.8334,7.5126","11.8421,7.5249","11.8432,7.5185","11.8747,7.5204","11.8829,7.5158","11.8968,7.5202","11.9159,7.5038","11.906,7.498","11.9151,7.4991","11.9463,7.4906","11.9611,7.4806","11.9715,7.4591","11.9642,7.4649","11.9848,7.4655","11.9878,7.43","12.026,7.4206","12.0188,7.4004","12.0343,7.3836","12.0262,7.3876","12.0488,7.3688","12.0592,7.3672","12.0819,7.3377","12.0865,7.3246","12.1046,7.31","12.1087,7.3178","12.1129,7.2955","12.1398,7.2943","12.1604,7.2873","12.1841,7.2823","12.1908,7.2854","12.1897,7.275","12.2065,7.2718","12.2196,7.2826","12.259,7.2691","12.2823,7.2805","12.3109,7.2779","12.3061,7.2799","12.3207,7.2889","12.3336,7.2855","12.3719,7.3053","12.3743,7.3162","12.3859,7.3155","12.3925,7.3153","12.4146,7.3247","12.4173,7.3134","12.4629,7.315","12.478,7.3309","12.4898,7.3355","12.4896,7.3285","12.5056,7.3298","12.5207,7.3102","12.5762,7.3231","12.5791,7.3261","12.6111,7.3396","12.611,7.3292","12.6452,7.346","12.6669,7.3424","12.7222,7.3519","12.7631,7.3319","12.7888,7.3415","12.788,7.322","12.8097,7.3235","12.8442,7.329","12.8869,7.3146","12.9249,7.2936","12.9526,7.3066","12.9605,7.3069","12.9711,7.3088","13.0141,7.2972","13.0593,7.3149","13.0859,7.3064","13.126,7.323","13.1194,7.3245","13.1417,7.323","13.1647,7.3324","13.2192,7.3526","13.2387,7.3624","13.2685,7.3621","13.2645,7.3636","13.2787,7.3739","13.3157,7.3931","13.353,7.4292","13.3819,7.443","13.3948,7.4624","13.4064,7.4685","13.4297,7.4888","13.4409,7.4834","13.4948,7.521","13.5169,7.5408","13.5569,7.5493","13.5513,7.551","13.5728,7.5624","13.6047,7.5784","13.6514,7.6181","13.6753,7.6225",,,,,,,,,,,,,,,,,,
"7.003,9.8402","7.0223,9.8284","7.0388,9.8198","7.0515,9.8107","7.0448,9.8121","7.0717,9.8125","7.0782,9.7926","7.1288,9.793","7.1474,9.7863","7.1739,9.7824","7.1742,9.7793","7.2004,9.7724","7.2312,9.7728","7.2849,9.7878","7.33,9.7893","7.3635,9.7815","7.3645,9.7777","7.4065,9.7783","7.4497,9.7801","7.5387,9.7694","7.568,9.7711","7.6246,9.7549","7.6306,9.7535","7.683,9.7495","7.7245,9.7347","7.8101,9.7016","7.8752,9.6846","7.9268,9.6709","7.9319,9.6602","7.9786,9.6413","8.0411,9.6213","8.1416,9.6037","8.2245,9.5893","8.2679,9.5823","8.2653,9.5801","8.3339,9.5705","8.3942,9.5668","8.5243,9.5456","8.5849,9.5275","8.659,9.5075","8.6577,9.512","8.7246,9.4911","8.7972,9.4606","8.9289,9.4088","8.9989,9.3914","9.0697,9.3659","9.0785,9.3573","9.1413,9.3286","9.2101,9.3035","9.3499,9.2624","9.4294,9.2547","9.4922,9.2491","9.4844,9.2329","9.5761,9.2115","9.6385,9.1936","9.7631,9.1414","9.8403,9.1229","9.9061,9.0979","9.9047,9.0954","9.9792,9.0684","10.0382,9.0387","10.1647,8.9925","10.2299,8.9543","10.2867,8.9335","10.2888,8.9332","10.3517,8.9122","10.4141,8.8964","10.5323,8.8575","10.5832,8.8258","10.6468,8.8041","10.6562,8.8038","10.7149,8.7678","10.7547,8.7487","10.8547,8.6839","10.893,8.6494","10.9402,8.6229","10.9463,8.617","10.9889,8.5971","11.0266,8.5719","11.1249,8.5327","11.1577,8.5209","11.1985,8.5006","11.2051,8.5004","11.24,8.4708","11.2759,8.4429","11.3383,8.3973","11.3867,8.3865","11.419,8.3758","11.4202,8.3722","11.471,8.3693","11.5095,8.3629","11.5846,8.3429","11.6138,8.3339","11.641,8.3321","11.6408,8.3154","11.6743,8.3061","11.6918,8.291","11.7362,8.2636","11.7596,8.243","11.7659,8.2236","11.7553,8.2269","11.7779,8.2046","11.7891,8.1864","11.8037,8.1522","11.8152,8.1448","11.8188,8.1288","11.8213,8.1289","11.8175,8.1105","11.8437,8.0987","11.8639,8.0734","11.8714,8.075","11.8733,8.0603","11.8745,8.0604","11.8798,8.04","11.8917,8.0276","11.8898,8.018","11.8762,7.9983","11.8797,7.998","11.8723,7.9958","11.8738,7.9818","11.8876,7.9641","11.8765,7.9351","11.8903,7.9127","11.8946,7.9076","11.8986,7.9048","11.903,7.8939","11.9114,7.8767","11.9265,7.8685","11.9407,7.8589","11.9299,7.8487","11.9368,7.8454","11.9419,7.8311","11.9393,7.8275","11.9376,7.8012","11.9452,7.7869","11.9368,7.7763","11.9361,7.7775","11.9373,7.7573","11.929,7.7482","11.9346,7.7086","11.9457,7.7048","11.9413,7.6876","11.9542,7.6854","11.95,7.6782","11.9607,7.6605","11.9695,7.6441","11.992,7.641","11.994,7.636","12.0074,7.6374","12.0162,7.6277","12.0241,7.6064","12.0466,7.5879","12.06,7.5804","12.0884,7.5658","12.0788,7.5673","12.0886,7.5492","12.0945,7.5282","12.1388,7.5061","12.1432,7.4962","12.1691,7.496","12.1603,7.4967","12.1868,7.4915","12.2006,7.4832","12.2322,7.5055","12.2311,7.4971","12.2453,7.4993","12.2399,7.5005","12.2489,7.497","12.2634,7.5062","12.265,7.5122","12.2651,7.507","12.2747,7.4979","12.282,7.4959","12.2895,7.488","12.3063,7.4829","12.3228,7.4725","12.3353,7.4553","12.3565,7.4423","12.3605,7.4424","12.3526,7.4367","12.3757,7.4387","12.3979,7.4206","12.4058,7.4313","12.4181,7.4186","12.4203,7.4257","12.4202,7.4213","12.4325,7.4216","12.474,7.418","12.5034,7.4375","12.5335,7.434","12.5282,7.435","12.5686,7.4288","12.6026,7.4232","12.6862,7.4256","12.7245,7.4248","12.765,7.4369","12.7644,7.432","12.7922,7.4352","12.8126,7.4556","12.8728,7.4877","12.9025,7.5086","12.9378,7.5202","12.9387,7.526","12.9556,7.5386","12.9776,7.5527","13.0101,7.5678",,,,,,,,,,,,,,,,,,,,,,,,,,,,,,,,,,,,,,,,,,,,,,,,,,,,,,,,,,,,,,,,,,,,,,,,,,,,,,,,,,,,,,,,,,,,,,,,,,,,,,,,,,,,,,,,,,,,,,,,,,,,,,,,,,,,,,,,,,,,,,,,,,,,,,,,,,,,,,,,,,,
"7.8399,9.6807","7.873,9.6823","7.8845,9.6742","7.9035,9.6622","7.9078,9.6705","7.9196,9.6626","7.9455,9.6696","7.9977,9.6763","8.0377,9.6784","8.0792,9.6678","8.0735,9.6737","8.129,9.6641","8.1973,9.6333","8.3376,9.5584","8.3972,9.5241","8.476,9.4912","8.4725,9.4753","8.546,9.4349","8.6204,9.4104","8.7716,9.3273","8.8327,9.294","8.8993,9.266","8.9014,9.2712","8.9832,9.2749","9.0646,9.2753","9.2167,9.2774","9.3082,9.2685","9.3842,9.2559","9.3911,9.2557","9.4756,9.2331","9.5568,9.1945","9.5568,9.1945","9.7629,9.1321","9.9066,9.0056","9.9342,8.9763","10.0358,8.9234","10.1204,8.8838","10.1204,8.8838","10.4123,8.711","10.5198,8.6905","10.5244,8.6855","10.6216,8.6557","10.6959,8.6061","10.8396,8.522","10.9095,8.4635","10.981,8.4131","10.9844,8.4141","11.0521,8.3687","11.1146,8.331","11.2512,8.2333","11.3454,8.1917","11.4086,8.1533","11.4051,8.1548","11.4713,8.1163","11.5205,8.0817","11.6317,7.9943","11.6849,7.9557","11.7448,7.9116","11.7373,7.9101","11.7798,7.8564","11.8177,7.8058","11.9014,7.7423","11.9379,7.7142","11.9896,7.6814","11.9765,7.6822","12.0164,7.6542","12.0594,7.6265","12.1248,7.5845","12.1571,7.551","12.1858,7.5333","12.1807,7.5343","12.2138,7.5092","12.2639,7.4945","12.3259,7.4635","12.3616,7.4555","12.3893,7.4376","12.3989,7.4426","12.4311,7.4253","12.4697,7.4061","12.5327,7.3834","12.5635,7.3638","12.5966,7.3576","12.6002,7.3517","12.6331,7.3396","12.6591,7.3345","12.7237,7.329","12.7817,7.3273","12.8192,7.3328","12.8223,7.3301","12.8875,7.3501","12.9494,7.3701","13.081,7.4058","13.1667,7.4232","13.2214,7.4533","13.2209,7.4487",,,,,,,,,,,,,,,,,,,,,,,,,,,,,,,,,,,,,,,,,,,,,,,,,,,,,,,,,,,,,,,,,,,,,,,,,,,,,,,,,,,,,,,,,,,,,,,,,,,,,,,,,,,,,,,,,,,,,,,,,,,,,,,,,,,,,,,,,,,,,,,,,,,,,,,,,,,,,,,,,,,,,,,,,,,,,,,,,,,,,,,,,,,,,,,,,,,,,,,,,,,,,,,,,,,,,,,,,,,,,,,,,,,,,,,,,,,,,,,,,,,,,,,,,,,,,,,,,,,,,,,,,,,,,,,,,,
"7.668,10.087","7.6983,10.0728","7.7252,10.0614","7.7367,10.0504","7.7519,10.0503","7.7708,10.0436","7.796,10.0412","7.8726,10.0285","7.9161,10.0141","7.9546,10.0052","7.9526,10.0032","8.0059,10.0042","8.0473,9.9944","8.1373,10.0167","8.1795,10.0158","8.2207,10.0199","8.2287,10.0059","8.2649,10.0142","8.3054,10.0022","8.3972,9.9603","8.4483,9.9364","8.5131,9.9147","8.5022,9.905","8.5571,9.8844","8.6291,9.8509","8.7467,9.784","8.8088,9.7489","8.8679,9.7048","8.8698,9.6961","8.9325,9.6628","9.015,9.6169","9.1527,9.5399","9.2584,9.525","9.3329,9.492","9.3476,9.493","9.4322,9.4569","9.5085,9.4242","9.6729,9.3484","9.7646,9.2855","9.8486,9.2591","9.8473,9.2513","9.9125,9.2185","9.9736,9.1878","10.103,9.0967","10.1794,9.0632","10.2622,9.0329","10.2509,9.0279","10.3383,8.994","10.4137,8.9539","10.5588,8.8727","10.6435,8.8453","10.7138,8.8164","10.7068,8.8032","10.7755,8.7608","10.8418,8.7208","10.9473,8.6193","11.0156,8.5569","11.0698,8.5103","11.069,8.5157","11.115,8.4605","11.1615,8.4171","11.2714,8.354","11.3274,8.3199","11.3983,8.2761","11.3803,8.2758","11.4334,8.2436","11.4904,8.2078","11.5676,8.1248","11.6054,8.0923","11.637,8.0572","11.64,8.0514","11.6719,8.0226","11.7121,7.9848","11.7677,7.9339","11.7846,7.8986","11.8127,7.8727","11.8038,7.8762","11.8339,7.8465","11.8646,7.8388","11.907,7.795","11.9091,7.7702","11.9219,7.7735","11.921,7.7678","11.9264,7.7606","11.9464,7.7444","11.9468,7.7216","11.9533,7.7044","11.9671,7.6925","11.9538,7.6902","11.9871,7.6821","11.9923,7.6638","12.0294,7.6331","12.0349,7.6299","12.0388,7.6001","12.0495,7.6088","12.0739,7.5994","12.085,7.5945","12.1331,7.5787","12.1469,7.5588","12.165,7.5593","12.1812,7.5577","12.2013,7.5556","12.2262,7.5508","12.2696,7.553","12.2976,7.5844","12.3057,7.5913","12.3167,7.5854","12.3116,7.5959","12.3175,7.6069","12.3467,7.6365","12.3631,7.6561","12.3731,7.6621","12.3725,7.6695","12.3753,7.671","12.3963,7.6917","12.3901,7.7283","12.3963,7.7313","12.4094,7.7554","12.4093,7.7538","12.409,7.768","12.4329,7.7818","12.4643,7.7973","12.4772,7.7998","12.4933,7.7743","12.5024,7.7896","12.516,7.7802","12.5393,7.7832","12.5821,7.7552","12.6206,7.7522","12.6505,7.738","12.6515,7.7335","12.6706,7.7229","12.7264,7.7156","12.8033,7.7253","12.8549,7.7403","12.9035,7.7542",,,,,,,,,,,,,,,,,,,,,,,,,,,,,,,,,,,,,,,,,,,,,,,,,,,,,,,,,,,,,,,,,,,,,,,,,,,,,,,,,,,,,,,,,,,,,,,,,,,,,,,,,,,,,,,,,,,,,,,,,,,,,,,,,,,,,,,,,,,,,,,,,,,,,,,,,,,,,,,,,,,,,,,,,,,,,,,,,,,,,,,,,,,,,,,,,,,,,,,,,,,,,,,,,,,,,,,,,,,,,,,,,,,,,,,,,
"6.061,8.7088","6.0799,8.6892","6.0892,8.6842","6.1012,8.6736","6.1088,8.671","6.104,8.666","6.1151,8.6587","6.1483,8.638","6.155,8.6288","6.1765,8.6215","6.1745,8.6244","6.1863,8.608","6.2014,8.6057","6.2327,8.571","6.2575,8.5779","6.2772,8.5591","6.2846,8.5493","6.3059,8.546","6.3284,8.5368","6.3805,8.5215","6.4225,8.5084","6.4543,8.5118","6.4444,8.5025","6.4743,8.4955","6.5144,8.4948","6.5791,8.4867","6.6243,8.4844","6.678,8.4838","6.6699,8.4798","6.7207,8.4842","6.7665,8.491","6.8701,8.4904","6.9329,8.4947","6.9848,8.4964","6.9796,8.4925","7.0283,8.4931","7.0811,8.4965","7.1881,8.5064","7.2429,8.5219","7.2991,8.5171","7.2909,8.5059","7.3516,8.5085","7.3982,8.495","7.4782,8.5066","7.5344,8.5094","7.589,8.4933","7.5897,8.4862","7.6382,8.4921","7.6838,8.4915","7.7713,8.4959","7.8214,8.5014","7.8653,8.4983","7.863,8.4993","7.904,8.5066","7.9513,8.4992","8.0377,8.5129","8.0586,8.4908","8.115,8.4955","8.1238,8.5016","8.1691,8.4975","8.2117,8.4951","8.2991,8.4985","8.3448,8.4876","8.3776,8.4829","8.3871,8.487","8.4242,8.4718","8.4692,8.4772","8.5525,8.4517","8.5984,8.443","8.6383,8.4253","8.6424,8.4305","8.6791,8.4105","8.7299,8.3922","8.812,8.3518","8.85,8.3314","8.895,8.3118","8.892,8.3149","8.935,8.3025","8.9723,8.2969","9.0611,8.2856","9.1025,8.2837","9.1376,8.2763","9.1345,8.2775","9.1763,8.2688","9.2073,8.2544","9.2846,8.2502","9.3276,8.2483","9.355,8.2398","9.3521,8.2466","9.3985,8.2459","9.4338,8.2451","9.5081,8.2592","9.5364,8.2665","9.5675,8.2627","9.5694,8.265","9.5989,8.2604","9.613,8.2552","9.6622,8.2524","9.6864,8.2589","9.7109,8.257","9.7101,8.2565","9.7228,8.2549","9.7552,8.2518","9.7939,8.2451","9.8197,8.2408","9.8348,8.2301","9.8365,8.2338","9.8518,8.2185","9.8794,8.2116","9.9195,8.1935","9.9387,8.185","9.9607,8.172","9.9632,8.1739","9.9844,8.1634","10.0166,8.1559","10.0705,8.137","10.0866,8.1249","10.1204,8.1268","10.1111,8.1178","10.1468,8.1155","10.1722,8.1145","10.2027,8.107","10.2213,8.1104","10.2413,8.1065","10.2352,8.1025","10.2562,8.1031","10.2621,8.1069","10.3037,8.1082","10.3112,8.1046","10.3322,8.1132","10.331,8.1113","10.3399,8.1084","10.3611,8.1184","10.3914,8.1289","10.4046,8.1296","10.4155,8.1357","10.4148,8.1358","10.4351,8.1359","10.4552,8.143","10.4967,8.1573","10.5175,8.1696","10.5477,8.1709","10.5485,8.1722","10.5608,8.1737","10.5789,8.1756","10.6057,8.1741","10.625,8.1786","10.64,8.1787","10.6377,8.1789","10.6542,8.1743","10.6671,8.1749","10.6918,8.1688","10.7028,8.1576","10.7149,8.1538","10.7185,8.154","10.7307,8.1469","10.7424,8.1387","10.77,8.1255","10.7727,8.1122","10.7866,8.1022","10.7892,8.1054","10.7979,8.0941","10.8033,8.0854","10.8253,8.0697","10.832,8.0536","10.8401,8.0412","10.8368,8.0412","10.8461,8.0379","10.8673,8.0264","10.8842,8.0089","10.8943,8.0092","10.9053,7.9959","10.9067,7.9947","10.9192,7.9905","10.9205,7.9816","10.9376,7.9736","10.947,7.9707","10.9718,7.958","10.955,7.9642","10.958,7.9645","10.9858,7.9748","10.9994,7.9633","11.0095,7.9653","11.0256,7.9716","11.0296,7.98","11.0475,7.9694","11.041,7.9759","11.0727,7.9778","11.0794,7.9885","11.0811,7.9828","11.0798,7.9863","11.0896,7.9987","11.1088,8.0075","11.1207,8.0183","11.1276,8.0281","11.1274,8.0309","11.1304,8.0316","11.133,8.0372","11.1348,8.0439","11.1514,8.0547","11.1491,8.06","11.1633,8.0551","11.1634,8.0555","11.1701,8.0595","11.1729,8.0581","11.1861,8.0543","11.1878,8.0499","11.1887,8.0456","11.1898,8.0456","11.1939,8.0428","11.2072,8.0348","11.2216,8.0217","11.2394,8.0129","11.2412,8.0081","11.2431,8.0065","11.2487,7.99","11.2518,7.9783","11.2665,7.9556","11.2633,7.9494","11.2736,7.9374","11.2742,7.9371","11.2733,7.9244","11.2725,7.9118","11.2635,7.8929","11.2725,7.8792","11.2655,7.8726","11.2708,7.8746","11.2708,7.8636","11.2639,7.8604","11.2583,7.8293","11.2575,7.8148","11.2645,7.8024","11.2609,7.8027","11.2564,7.7973","11.2618,7.7864","11.2683,7.7614","11.2605,7.7597","11.2603,7.7388","11.2633,7.7407","11.263,7.7284","11.2647,7.7117","11.2862,7.7081","11.2961,7.7","11.2965,7.697","11.2978,7.6966","11.2942,7.6866","11.3031,7.6849","11.3239,7.6863","11.3235,7.6868","11.3363,7.6921","11.3439,7.6936","11.3479,7.6932","11.35,7.6993","11.3673,7.701","11.3766,7.7042","11.3737,7.71","11.3826,7.7052","11.384,7.7057","11.3851,7.7031","11.4005,7.7039","11.4051,7.6989","11.4092,7.6994","11.4122,7.693","11.4158,7.6941","11.4203,7.692","11.4241,7.679","11.4312,7.6696","11.44,7.6691","11.4412,7.6694","11.4468,7.6612","11.454,7.6531","11.4585,7.6312","11.4748,7.618","11.4861,7.6106","11.4837,7.611","11.4957,7.5922","11.5009,7.5784","11.5163,7.5492","11.5255,7.5387","11.5348,7.5197","11.5332,7.5187","11.5384,7.5075","11.5479,7.4961","11.5565,7.4754","11.572,7.4619","11.5765,7.4523","11.5755,7.4537","11.5837,7.4455","11.5816,7.4429","11.591,7.4337","11.5956,7.4371","11.599,7.4322","11.5966,7.4349","11.5979,7.4364","11.596,7.433","11.6016,7.445","11.6041,7.4464","11.6003,7.4545","11.6035,7.4519","11.6027,7.4556","11.5984,7.4582","11.5963,7.4639","11.5977,7.4553","11.5956,7.4589","11.5972,7.4582","11.5942,7.4551","11.5992,7.4493","11.5981,7.4273","11.5968,7.4218","11.5989,7.4043","11.6,7.4045","11.5979,7.3968","11.6,7.3873","11.5966,7.3599","11.5968,7.3437","11.5982,7.3272","11.5981,7.3273","11.5937,7.31","11.5949,7.2956","11.6046,7.2611","11.6146,7.2534","11.6085,7.2379","11.6179,7.241","11.6242,7.2252","11.6385,7.2105","11.6521,7.1941","11.6753,7.1847","11.6918,7.177","11.6874,7.1817","11.7039,7.1706","11.7224,7.1696","11.7619,7.1544","11.7799,7.1508","11.8043,7.1551","11.8025,7.153","11.8248,7.1502","11.8572,7.1491","11.905,7.1533","11.9276,7.1474","11.9525,7.1497","11.9523,7.1463","11.9764,7.1455","12.0007,7.1306","12.0422,7.1243","12.0933,7.1181","12.119,7.118","12.1153,7.1131","12.1412,7.1107","12.1852,7.1146","12.2395,7.0999","12.2946,7.1227","12.3351,7.133","12.3235,7.1302","12.3647,7.1241","12.4043,7.1473","12.4557,7.1579","12.4969,7.1766","12.5376,7.1879","12.5296,7.1882","12.5649,7.2032","12.6046,7.2338","12.6675,7.2634","12.7033,7.2685","12.7272,7.263","12.7455,7.2928","12.7869,7.2988","12.8275,7.311","12.8859,7.2997","12.9134,7.3185"
