"7.7294,4.1611","7.7245,4.159","7.7249,4.1578","7.7234,4.1562","7.725,4.166","7.7221,4.1685","7.7303,4.1697","7.7386,4.1657","7.7224,4.1687","7.7168,4.1688","7.7278,4.1642","7.7234,4.1598","7.6936,4.1611","7.6976,4.1555","7.6943,4.167","7.6894,4.1638","7.6914,4.1549","7.6844,4.1718","7.6761,4.1715","7.6721,4.1705","7.6781,4.1771","7.6685,4.1746","7.6738,4.1819","7.6783,4.1878","7.6731,4.195","7.68,4.196","7.6803,4.202","7.6812,4.2061","7.6817,4.1995","7.6682,4.1976","7.6879,4.2168","7.6918,4.2276","7.6958,4.2331","7.7079,4.2425","7.722,4.2452","7.7327,4.2499","7.7476,4.2816","7.7672,4.2899","7.7962,4.292","7.8204,4.3163","7.8105,4.3063","7.8334,4.3234","7.8951,4.344","7.9212,4.3471","7.9666,4.3683","7.9994,4.3637","7.9931,4.3694","8.037,4.3758","8.111,4.3744","8.1445,4.3744","8.1893,4.3814","8.221,4.3969","8.2227,4.3872","8.2532,4.4012","8.327,4.4141","8.3685,4.4269","8.4003,4.4344","8.4381,4.4403","8.4485,4.4435","8.4872,4.4639","8.5467,4.4727","8.5821,4.4777","8.6267,4.4898","8.6618,4.5219","8.6649,4.5063","8.694,4.5354","8.7776,4.5702","8.8218,4.5896","8.851,4.6018","8.9132,4.6121","8.9086,4.6028","8.9575,4.6172","9.0599,4.6478","9.107,4.6473","9.1627,4.6622","9.2085,4.6748","9.2002,4.6765","9.262,4.6867","9.374,4.7075","9.4184,4.6965","9.4615,4.7149","9.5335,4.7301","9.5262,4.723","9.5696,4.74","9.6565,4.7798","9.7097,4.811","9.753,4.8351","9.8029,4.8633","9.7914,4.8613","9.8454,4.88","9.9216,4.9077","9.9735,4.9313","10.0132,4.9648","10.0545,4.9881","10.051,4.9846","10.1108,5.0131","10.1886,5.0534","10.2356,5.0536","10.2767,5.0808","10.3254,5.0918","10.3147,5.0867","10.3532,5.108","10.4307,5.1275","10.4987,5.1563","10.5411,5.1803","10.5844,5.1963","10.5829,5.1973","10.6138,5.2235","10.707,5.2531","10.728,5.2847","10.7685,5.32","10.8,5.3363","10.8109,5.3457","10.8554,5.377","10.9128,5.4274","10.9475,5.4514","10.9713,5.4782","11.004,5.5002","11.0035,5.502","11.035,5.5406","11.0877,5.5752","11.1164,5.6035","11.1432,5.6078","11.1748,5.6379","11.1823,5.6406","11.197,5.6471","11.2478,5.6817","11.2862,5.6981","11.3069,5.7309","11.3445,5.7269","11.34,5.7284","11.3592,5.7419","11.412,5.7729","11.441,5.7828","11.4682,5.8098","11.4913,5.8263","11.4849,5.8279","11.5056,5.8439","11.5418,5.8842","11.5485,5.8963","11.566,5.908","11.5771,5.9275","11.5768,5.929","11.5914,5.9528","11.6126,5.9795","11.6088,5.9989","11.6242,6.0103","11.6186,6.0215","11.6211,6.0184","11.6264,6.0272","11.6409,6.0722","11.6378,6.0772","11.6651,6.1125","11.6734,6.1165","11.677,6.1269","11.6895,6.1276","11.6942,6.1577","11.7174,6.1657","11.7244,6.1738","11.736,6.192","11.7472,6.2028","11.7591,6.212","11.7888,6.2303","11.8184,6.2343","11.8269,6.2478","11.8402,6.2577","11.844,6.255","11.8538,6.2738","11.8816,6.2922","11.8846,6.2945","11.8959,6.3184","11.8932,6.3091","11.9001,6.3165","11.903,6.3227","11.9185,6.3405","11.9164,6.3462","11.9123,6.3473","11.927,6.3716","11.9244,6.3687","11.9153,6.3835","11.922,6.3987","11.9266,6.4189","11.913,6.4091","11.9092,6.4205","11.9143,6.4182","11.9155,6.4309","11.9139,6.4455","11.9147,6.4504","11.9191,6.4426","11.9174,6.4405","11.9223,6.4323","11.9295,6.4343","11.9244,6.4184","11.9248,6.4127","11.9325,6.4087","11.9227,6.4007","11.9343,6.3987","11.9294,6.3943","11.9419,6.391","11.9328,6.3836","11.9307,6.3813","11.9338,6.3721","11.9396,6.3824","11.9414,6.3701","11.9466,6.366","11.9442,6.3651","11.9436,6.365","11.9505,6.3687","11.9482,6.3636","11.9538,6.3675","11.9546,6.3604","11.9589,6.3684","11.9482,6.3699","11.9572,6.3706","11.9589,6.3794","11.9537,6.3847","11.9626,6.3918","11.9661,6.4112","11.962,6.4131","11.9683,6.4228","11.9768,6.4199","11.9698,6.4386","11.9755,6.4469","11.9717,6.4574","11.9745,6.4733","11.9606,6.4855","11.9502,6.4857","11.9689,6.4974","11.9609,6.5146","11.9608,6.5322","11.9638,6.5578","11.9702,6.5666","11.9531,6.5704","11.9653,6.5896","11.9666,6.6214","11.966,6.6304","11.9656,6.6618","11.9786,6.6743","11.9654,6.6708","11.9805,6.6911","11.9875,6.7206","12.006,6.7268","12.0262,6.7337","12.0531,6.7362","12.0403,6.7505","12.0669,6.7638","12.1095,6.7738","12.1181,6.768","12.1479,6.7724","12.1761,6.7834","12.1697,6.7699","12.2005,6.7792","12.2486,6.773","12.2699,6.7675","12.2976,6.7774","12.3229,6.7782","12.3408,6.7742","12.3643,6.7671","12.431,6.7683","12.4637,6.7809","12.493,6.7907","12.529,6.7857","12.5228,6.7853","12.5465,6.7916","12.6244,6.7916","12.6569,6.7891","12.6956,6.7929","12.7443,6.8014","12.7331,6.7974","12.783,6.8049","12.8338,6.8085","12.8708,6.8071","12.9163,6.8046","12.9601,6.8059","12.9691,6.809",,,,,,,,,,,,,,,,,,,,,,,,,,,,,,,,,,,,,,,,,,,,,,,,
"6.8622,4.3503","6.8594,4.3522","6.8499,4.3571","6.8531,4.3719","6.8474,4.3629","6.8501,4.362","6.8449,4.3625","6.8409,4.3766","6.8448,4.3779","6.8462,4.3762","6.8344,4.3777","6.8446,4.3706","6.8314,4.3878","6.84,4.4048","6.8464,4.4071","6.8375,4.4273","6.8346,4.4279","6.821,4.4335","6.7963,4.4734","6.7908,4.4867","6.7824,4.501","6.7713,4.514","6.7709,4.5119","6.7582,4.5306","6.7402,4.5564","6.7312,4.5615","6.7276,4.5726","6.7152,4.5871","6.718,4.5822","6.7025,4.5959","6.6914,4.6185","6.675,4.626","6.6759,4.6368","6.6742,4.6452","6.6658,4.6427","6.6608,4.6454","6.6756,4.6491","6.6796,4.6532","6.7138,4.6512","6.7363,4.6461","6.7384,4.647","6.7686,4.657","6.8416,4.6666","6.8809,4.6854","6.931,4.6996","6.9719,4.7059","6.9795,4.7127","7.0136,4.7242","7.1114,4.7428","7.1631,4.7377","7.2252,4.745","7.2602,4.7425","7.2553,4.7484","7.306,4.7405","7.3888,4.7308","7.4322,4.7164","7.4823,4.7188","7.5483,4.7165","7.5377,4.7133","7.5983,4.7079","7.6976,4.679","7.7525,4.6639","7.8171,4.6469","7.876,4.6454","7.8758,4.6385","7.9252,4.6491","8.0165,4.6682","8.0808,4.6803","8.1182,4.6969","8.1671,4.7064","8.1665,4.7027","8.2096,4.716","8.3156,4.744","8.3546,4.7697","8.4014,4.7873","8.4504,4.8038","8.4551,4.8074","8.5084,4.8296","8.6052,4.8499","8.6456,4.8478","8.706,4.8807","8.7702,4.881","8.7658,4.8818","8.8166,4.9048","8.925,4.8907","8.9629,4.9142","9.0215,4.9437","9.0867,4.9658","9.0766,4.9596","9.1181,4.9791","9.2012,5.0389","9.2432,5.0652","9.2711,5.0941","9.3024,5.1258","9.3059,5.1292","9.3459,5.1727","9.4247,5.2393","9.4681,5.2661","9.509,5.295","9.5366,5.3257","9.5263,5.329","9.565,5.347","9.6413,5.3872","9.6844,5.4017","9.726,5.4253","9.7816,5.422","9.7648,5.4249","9.807,5.4385","9.8904,5.4441","9.9323,5.4487","9.9812,5.4612","10.0111,5.4796","10.0221,5.4874","10.0598,5.499","10.1168,5.5268","10.1589,5.5664","10.1805,5.5725","10.2228,5.5986","10.217,5.6026","10.2495,5.6271","10.3097,5.6802","10.352,5.7119","10.3644,5.7462","10.4127,5.7757","10.4152,5.7725","10.4322,5.794","10.4967,5.846","10.5362,5.8553","10.5619,5.861","10.5952,5.8686","10.6007,5.8668","10.6202,5.8642","10.6806,5.8679","10.7082,5.8684","10.743,5.8691","10.7778,5.8589","10.7743,5.8598","10.81,5.8525","10.8624,5.8595","10.884,5.8609","10.908,5.8626","10.9276,5.8724","10.9202,5.8721","10.9412,5.8817","10.977,5.9039","10.9833,5.9332","11.0068,5.9491","10.9987,5.959","11.005,5.9678","11.0203,5.9874","11.0343,6.0294","11.0438,6.0456","11.0473,6.065","11.0696,6.0873","11.0642,6.0896","11.0809,6.0978","11.1014,6.1195","11.1158,6.1173","11.1202,6.1213","11.1464,6.1246","11.1349,6.1237","11.1533,6.1237","11.1846,6.123","11.2231,6.122","11.2335,6.1337","11.2321,6.138","11.2303,6.1349","11.2549,6.1448","11.2718,6.1627","11.2809,6.1734","11.2877,6.197","11.2847,6.2108","11.2873,6.2133","11.2786,6.2202","11.2755,6.2559","11.2794,6.2736","11.2728,6.2982","11.2698,6.3159","11.2813,6.3102","11.2807,6.3347","11.2865,6.3473","11.2857,6.3623","11.2952,6.3668","11.3098,6.3611","11.3096,6.3688","11.3176,6.3564","11.3565,6.3592","11.3617,6.3565","11.3735,6.3627","11.402,6.3538","11.3993,6.3526","11.4164,6.3461","11.4321,6.3454","11.4507,6.3486","11.463,6.35","11.4741,6.364","11.4813,6.3493","11.4777,6.351","11.509,6.3698","11.4838,6.3778","11.4889,6.3732","11.4843,6.3837","11.4869,6.3918","11.4934,6.387","11.4824,6.4117","11.4882,6.4187","11.4745,6.4344","11.4783,6.449","11.4755,6.4523","11.4782,6.4584","11.4883,6.4578","11.5042,6.4711","11.5101,6.4804","11.5135,6.4768","11.503,6.4676","11.5269,6.4709","11.5442,6.4568","11.5553,6.4543","11.5535,6.4445","11.5734,6.4437","11.5742,6.439","11.5695,6.4335","11.5739,6.4303","11.5784,6.4426","11.5851,6.4546","11.5882,6.4569","11.5894,6.4592","11.5926,6.4588","11.5913,6.4801","11.5998,6.4982","11.5968,6.508","11.5968,6.5185","11.5975,6.5194","11.6006,6.5478","11.6084,6.5813","11.6019,6.6016","11.6054,6.6147","11.6266,6.633","11.6114,6.6326","11.6172,6.641","11.6271,6.6662","11.6316,6.6728","11.6437,6.6708","11.6456,6.6773","11.6466,6.6752","11.6542,6.6748","11.6772,6.666","11.6875,6.6517","11.7046,6.6486","11.7278,6.6349","11.7263,6.6399","11.7389,6.6265","11.7778,6.6002","11.8009,6.596","11.8217,6.5827","11.8347,6.5854","11.8303,6.5886","11.8583,6.5845","11.8914,6.5969","11.9118,6.5985","11.9345,6.6073","11.9469,6.6163","11.942,6.617","11.9618,6.6247","12.0039,6.6519","12.0184,6.6991","12.0287,6.7057","12.0632,6.7213","12.0617,6.7225","12.0802,6.747","12.1285,6.7531","12.134,6.7669","12.1646,6.7634","12.1902,6.7688","12.184,6.7659","12.2069,6.7586","12.2715,6.7648","12.2985,6.7386","12.3291,6.7292","12.354,6.7019","12.3644,6.7094","12.3882,6.6967","12.4464,6.662","12.477,6.6462","12.5009,6.648","12.5276,6.6334","12.539,6.6299","12.5646,6.6248","12.6189,6.6139","12.6599,6.6182","12.6785,6.6158","12.6966,6.6101","12.697,6.6155","12.7304,6.6311","12.7872,6.6344","12.8145,6.6447","12.8525,6.6541","12.8642,6.6553","12.871,6.6577","12.9027,6.6519","12.9608,6.6622","12.9798,6.6683","13.0039,6.663","13.0335,6.6595","13.0328,6.6517","13.0606,6.6446","13.1009,6.618","13.1073,6.6037","13.1256,6.5829",,,,,,,,,,,,,,
"7.5993,4.773","7.5956,4.7721","7.5925,4.7657","7.5988,4.7568","7.6012,4.7651","7.5963,4.7649","7.5991,4.7603","7.6004,4.7663","7.5838,4.7647","7.5856,4.7591","7.5848,4.7557","7.5944,4.759","7.6019,4.7546","7.5975,4.7492","7.5981,4.7522","7.6043,4.7438","7.6052,4.7404","7.6119,4.7433","7.622,4.735","7.628,4.7475","7.6252,4.7373","7.6311,4.736","7.6275,4.7302","7.6452,4.741","7.6699,4.7375","7.676,4.7354","7.6954,4.7378","7.7282,4.7326","7.7235,4.737","7.7457,4.7291","7.7971,4.7181","7.8281,4.7241","7.8579,4.6963","7.9045,4.705","7.9109,4.7038","7.9457,4.6913","8.0319,4.6934","8.0849,4.6827","8.1422,4.708","8.2097,4.7142","8.2036,4.7068","8.2512,4.7251","8.3687,4.7389","8.4301,4.7441","8.4915,4.7596","8.5668,4.7721","8.5527,4.7733","8.6178,4.7734","8.727,4.8069","8.8041,4.8047","8.8606,4.8136","8.9373,4.8145","8.9368,4.8167","8.9955,4.8247","9.1429,4.8391","9.2113,4.8531","9.2801,4.8643","9.3405,4.8881","9.3506,4.8831","9.422,4.9201","9.5566,4.9766","9.6345,5.0023","9.6983,5.0255","9.7535,5.0543","9.7676,5.0434","9.8264,5.0756","9.945,5.1131","10.0293,5.1475","10.093,5.1611","10.1633,5.1743","10.1509,5.1682","10.2261,5.1924","10.3504,5.2223","10.4184,5.2314","10.4691,5.2401","10.5228,5.2516","10.5203,5.2446","10.591,5.2648","10.7011,5.2945","10.7402,5.3242","10.8038,5.3669","10.8471,5.3967","10.8592,5.406","10.8901,5.4239","10.9928,5.4844","11.0382,5.4986","11.0854,5.5249","11.1352,5.5494","11.1226,5.5472","11.1737,5.5743","11.2647,5.609","11.2983,5.6272","11.3352,5.6567","11.3724,5.6792","11.3651,5.6818","11.4066,5.7117","11.4724,5.7736","11.5144,5.8075","11.5468,5.8358","11.5705,5.8509","11.5577,5.8487","11.5867,5.8794","11.6339,5.93","11.6596,5.9548","11.6796,5.9857","11.7143,6.0089","11.717,6.0081","11.7394,6.0397","11.768,6.0715","11.7861,6.077","11.8096,6.1019","11.8249,6.1176","11.8109,6.1228","11.831,6.1508","11.845,6.1705","11.864,6.2001","11.8563,6.2055","11.8678,6.231","11.8732,6.2361","11.8728,6.2443","11.8944,6.2816","11.8996,6.2955","11.906,6.306","11.9204,6.3249","11.9203,6.33","11.9182,6.3205","11.9266,6.3507","11.9343,6.3515","11.931,6.3619","11.9321,6.3653","11.9471,6.3665","11.9408,6.3777","11.9456,6.3903","11.9476,6.4179","11.9494,6.4122","11.9576,6.432","11.9527,6.434","11.9615,6.4262","11.9638,6.4507","11.9651,6.4615","11.9831,6.4735","11.9861,6.4854","11.9828,6.4869","12.0003,6.4991","12.021,6.5087","12.0237,6.5069","12.039,6.5184","12.0395,6.5216","12.0411,6.5085","12.062,6.5359","12.0893,6.568","12.1099,6.5772","12.1386,6.5756","12.1386,6.5825","12.1454,6.592","12.1641,6.5941","12.1765,6.5948","12.2079,6.5965","12.233,6.5932","12.2309,6.599","12.2389,6.5941","12.2555,6.5956","12.2913,6.6143","12.3308,6.6046","12.3445,6.6209","12.3536,6.6199","12.3738,6.6175","12.395,6.63","12.453,6.6453","12.477,6.6473","12.5045,6.6405","12.5305,6.6499","12.5286,6.6502","12.5462,6.636","12.592,6.6471","12.611,6.6454","12.619,6.6477","12.6454,6.6412","12.6383,6.6444","12.6415,6.6488","12.6598,6.6541","12.6738,6.6671","12.6954,6.6609","12.7184,6.6673","12.7145,6.6672","12.7476,6.6625","12.8041,6.663","12.8392,6.6571","12.8855,6.6534","12.9146,6.6331","12.9196,6.6342","12.9605,6.6298","13.0312,6.6088","13.0801,6.5776","13.1125,6.5705","13.1501,6.5401","13.152,6.542","13.1879,6.5296","13.2568,6.4646","13.2848,6.4563",,,,,,,,,,,,,,,,,,,,,,,,,,,,,,,,,,,,,,,,,,,,,,,,,,,,,,,,,,,,,,,,,,,,,,,,,,,,,,,,,,,,,,,,,,,,,,,,,,,,,,,,,,,,,,,,,,,,,,,,,,,
"7.7298,5.3312","7.7281,5.3306","7.7272,5.3318","7.7288,5.332","7.7255,5.3302","7.7261,5.3329","7.7215,5.3355","7.7233,5.3392","7.7196,5.343","7.7231,5.3431","7.7224,5.3606","7.7113,5.3531","7.7173,5.3591","7.726,5.3613","7.7157,5.3617","7.7284,5.3415","7.7298,5.3344","7.7293,5.3343","7.7309,5.3402","7.7455,5.3269","7.753,5.326","7.7635,5.3269","7.7589,5.3228","7.7719,5.3211","7.7933,5.3162","7.812,5.31","7.8256,5.3086","7.8479,5.3062","7.8501,5.3072","7.8705,5.3031","7.9213,5.3096","7.9543,5.3133","7.9831,5.3174","8.006,5.3148","8.0084,5.3166","8.0337,5.3183","8.0726,5.3314","8.0919,5.3201","8.1041,5.3249","8.1218,5.3172","8.1167,5.3172","8.1324,5.3129","8.1725,5.3109","8.1831,5.3134","8.1991,5.3176","8.2225,5.3239","8.2234,5.3216","8.2349,5.326","8.2517,5.318","8.2581,5.3185","8.2669,5.3169","8.2748,5.3215","8.2792,5.3146","8.2837,5.3188","8.314,5.3198","8.3402,5.3283","8.3683,5.3356","8.4,5.3503","8.3997,5.3547","8.4321,5.3715","8.5037,5.3865","8.5407,5.3942","8.5805,5.4199","8.6254,5.4305","8.6215,5.44","8.6631,5.4639","8.7704,5.4725","8.8402,5.472","8.8802,5.4797","8.9376,5.4728","8.9309,5.4908","8.9828,5.4898","9.0986,5.4762","9.1366,5.5003","9.1964,5.5073","9.2413,5.5205","9.2348,5.5192","9.279,5.5395","9.3499,5.5962","9.3818,5.5954","9.4196,5.6236","9.489,5.6301","9.4962,5.6125","9.5407,5.6245","9.6395,5.6528","9.6835,5.6683","9.7364,5.6979","9.7863,5.7186","9.7817,5.7258","9.8344,5.7348","9.9115,5.7523","9.9606,5.7733","9.9993,5.7954","10.045,5.8029","10.0424,5.8082","10.0983,5.8257","10.1886,5.8525","10.2416,5.8477","10.2938,5.852","10.3368,5.867","10.3323,5.8611","10.3752,5.8755","10.4643,5.9092","10.5075,5.9275","10.5499,5.9546","10.5939,5.9582","10.5983,5.9688","10.6346,5.977","10.7009,6.023","10.7514,6.0292","10.7903,6.0622","10.8235,6.093","10.8309,6.0831","10.8731,6.1178","10.9476,6.1305","10.9897,6.1595","11.0152,6.1803","11.0686,6.2115","11.0484,6.1912","11.0807,6.2103","11.1553,6.2391","11.1848,6.2424","11.2063,6.2421","11.2345,6.2506","11.2346,6.2564","11.2621,6.2606","11.3166,6.277","11.3382,6.2836","11.3786,6.2942","11.3967,6.3121","11.3925,6.3082","11.4095,6.307","11.4563,6.3537","11.477,6.3621","11.495,6.3887","11.5191,6.4067","11.5215,6.4125","11.5304,6.4408","11.5477,6.4758","11.5686,6.4806","11.585,6.4862","11.6026,6.48","11.5985,6.485","11.6072,6.5187","11.6327,6.5225","11.624,6.5256","11.641,6.5135","11.6394,6.5157","11.6399,6.5178","11.661,6.5293","11.6807,6.5695","11.6819,6.591","11.7109,6.5877","11.722,6.6193","11.7231,6.621","11.7352,6.6304","11.7587,6.6568","11.7748,6.6388","11.7936,6.6577","11.7979,6.6519","11.7933,6.6572","11.8156,6.657","11.8513,6.6666","11.8612,6.6612","11.8657,6.6607","11.8692,6.66","11.8673,6.6566","11.8758,6.6562","11.9088,6.6465","11.9191,6.6334","11.9264,6.6441","11.9712,6.6506","11.9638,6.6594","11.9693,6.6505","12.0219,6.6633","12.0308,6.6651","12.0658,6.6728","12.0832,6.6883","12.0674,6.7061","12.1031,6.7024","12.1341,6.7141","12.1574,6.7075","12.1866,6.6999","12.2185,6.6931","12.2118,6.7045","12.2333,6.6991","12.2667,6.6989","12.2972,6.6832","12.3197,6.6944","12.3357,6.7131","12.3386,6.7029","12.3678,6.7047","12.4246,6.6953","12.4503,6.6917","12.4813,6.7027","12.5146,6.7045","12.5154,6.7019","12.5385,6.7044","12.5977,6.6896","12.6192,6.7049","12.6535,6.6936","12.6854,6.709","12.686,6.6971","12.7093,6.6978","12.7741,6.7156","12.815,6.7153","12.8492,6.7356","12.8935,6.7096","12.8874,6.7162","12.9463,6.7154","13.0402,6.7036","13.0825,6.7037","13.1287,6.6998","13.184,6.6876","13.1814,6.6859","13.2147,6.6588","13.2727,6.61","13.3053,6.5843","13.3327,6.5599","13.3709,6.5354","13.373,6.5348","13.4074,6.5184","13.4562,6.4575","13.4734,6.4212","13.4863,6.4002","13.5029,6.3583","13.5019,6.3561","13.5168,6.3299","13.5591,6.2807","13.5813,6.2618","13.6093,6.2328","13.6269,6.2114","13.6273,6.2113","13.6504,6.1942","13.6787,6.1446","13.7009,6.1212","13.7117,6.1024","13.7222,6.0697","13.7261,6.0737","13.7354,6.051","13.7503,5.9987","13.7533,5.9801","13.7628,5.9553","13.7676,5.9383",,,,,,,,,,,,,,,,,,,,,,,,,,,,,,,,,,,,,,,,,,,,,,,,,,,,,,,,,,,,,,,,,,,,,,,,,,,,,,,
"5.7204,5.9396","5.715,5.9316","5.7137,5.9185","5.6905,5.9018","5.7081,5.9056","5.6918,5.8945","5.6899,5.8642","5.6798,5.8561","5.6854,5.8508","5.6773,5.8316","5.6766,5.8234","5.6782,5.8262","5.6743,5.8029","5.6817,5.7934","5.6847,5.7916","5.6894,5.7905","5.681,5.7942","5.6777,5.7946","5.7042,5.7924","5.7016,5.7905","5.7106,5.7881","5.7145,5.7864","5.7187,5.7887","5.7312,5.7808","5.7451,5.7703","5.7524,5.7689","5.7569,5.7458","5.7672,5.7401","5.7695,5.7441","5.7733,5.7188","5.7851,5.6742","5.8009,5.6508","5.8008,5.6159","5.8166,5.5926","5.8144,5.5894","5.827,5.5542","5.8768,5.4897","5.9024,5.4805","5.9301,5.4717","5.9726,5.4808","5.9705,5.4672","6.012,5.5053","6.1203,5.5943","6.1797,5.626","6.2578,5.6896","6.3333,5.7607","6.3408,5.7683","6.4256,5.8262","6.605,5.8745","6.7347,5.9044","6.8287,5.8812","6.9383,5.8778","6.9392,5.8737","7.0426,5.8539","7.2302,5.8096","7.3565,5.826","7.4556,5.8582","7.5577,5.9105","7.5543,5.9142","7.6572,5.9797","7.8387,6.1084","7.9642,6.1691","8.052,6.2334","8.1818,6.2854","8.1745,6.2966","8.28,6.336","8.4731,6.4102","8.6458,6.4321","8.7479,6.4562","8.861,6.4855","8.8686,6.4883","8.9754,6.5156","9.158,6.5848","9.2863,6.6417","9.3716,6.6478","9.4529,6.6779","9.4504,6.667","9.5506,6.698","9.7388,6.7093","9.8245,6.7014","9.924,6.7016","10.0214,6.7198","10.029,6.7124","10.1044,6.7374","10.2965,6.7489","10.3924,6.7537","10.4642,6.7508","10.5464,6.7439","10.5411,6.7366","10.6086,6.7233","10.7524,6.6716","10.83,6.651","10.874,6.6304","10.9414,6.6484","10.941,6.637","11.0081,6.6587","11.1225,6.6676","11.1903,6.6717","11.2349,6.6641","11.2911,6.6706","11.2837,6.6713","11.3506,6.6666","11.4585,6.6621","11.5197,6.6804","11.5755,6.6947","11.6315,6.7076","11.634,6.7077","11.6767,6.73","11.7792,6.7245","11.8153,6.7351","11.8615,6.7425","11.8969,6.7375","11.8981,6.7376","11.9458,6.7332","12.0049,6.7529","12.0245,6.7392","12.0659,6.7385","12.1003,6.7319","12.091,6.7282","12.1361,6.7211","12.1833,6.6953","12.2119,6.6825","12.2428,6.6656","12.2573,6.6643","12.2579,6.666","12.2823,6.6645","12.3185,6.6413","12.3378,6.6307","12.359,6.6072","12.3824,6.5895","12.3883,6.5876","12.417,6.5654","12.4624,6.5459","12.5006,6.5272","12.5325,6.513","12.5696,6.4947","12.5695,6.4884","12.5954,6.4815","12.6296,6.447","12.6341,6.4412","12.6544,6.4286","12.6658,6.417","12.6605,6.4194","12.677,6.4118","12.7205,6.4182","12.7467,6.4234","12.7843,6.4261","12.814,6.4293","12.8068,6.4379","12.851,6.4455","12.9095,6.4385","12.9322,6.4472","12.9855,6.449","13.0189,6.4349","13.0179,6.4418",,,,,,,,,,,,,,,,,,,,,,,,,,,,,,,,,,,,,,,,,,,,,,,,,,,,,,,,,,,,,,,,,,,,,,,,,,,,,,,,,,,,,,,,,,,,,,,,,,,,,,,,,,,,,,,,,,,,,,,,,,,,,,,,,,,,,,,,,,,,,,,,,,,,,,,,,,,,,,,,,,,,,,,,
"7.491,5.7253","7.4872,5.7214","7.4979,5.7246","7.5034,5.7189","7.5144,5.7276","7.5056,5.7204","7.522,5.7184","7.5403,5.7128","7.5288,5.721","7.5351,5.7076","7.5435,5.7126","7.5457,5.7194","7.5627,5.7147","7.5667,5.7088","7.5849,5.7082","7.5932,5.7007","7.5908,5.7041","7.5991,5.7021","7.6084,5.7082","7.6108,5.7009","7.6125,5.7045","7.6124,5.7027","7.6182,5.7034","7.619,5.7122","7.6183,5.7246","7.639,5.7264","7.6559,5.7277","7.6516,5.7449","7.6685,5.7433","7.6868,5.7548","7.7506,5.7633","7.7876,5.7785","7.8193,5.7761","7.8681,5.7939","7.8813,5.7962","7.9305,5.8114","8.0491,5.8282","8.0998,5.8243","8.1789,5.8365","8.2498,5.8404","8.2346,5.8433","8.3048,5.8558","8.4048,5.8853","8.4699,5.9056","8.5359,5.9055","8.5975,5.9021","8.5858,5.9051","8.6561,5.9","8.8206,5.8795","8.8669,5.86","8.9507,5.8414","9.0296,5.8246","9.0258,5.8266","9.0952,5.8112","9.2329,5.8159","9.3112,5.8241","9.3718,5.8226","9.4423,5.8139","9.4515,5.8227","9.5173,5.8175","9.6492,5.7862","9.723,5.7811","9.8068,5.7679","9.8829,5.7647","9.8852,5.7612","9.9746,5.7508","10.1349,5.7575","10.1923,5.778","10.2589,5.7944","10.342,5.8101","10.3373,5.8004","10.4161,5.8337","10.5561,5.8725","10.6323,5.8968","10.6903,5.9078","10.7487,5.9213","10.7425,5.9301","10.8154,5.9491","10.9514,5.9881","10.9928,5.9877","11.0426,6.0333","11.115,6.06","11.126,6.0477","11.1794,6.0769","11.26,6.1636","11.3239,6.2017","11.3902,6.2327","11.4378,6.2614","11.4308,6.259","11.4931,6.2853","11.6042,6.3203","11.6673,6.3319","11.7128,6.3636","11.7559,6.3895","11.7536,6.3837","11.8092,6.4049","11.8923,6.4713","11.9404,6.4926","11.9964,6.4969","12.0241,6.5104","12.0199,6.5051","12.0528,6.5155","12.1432,6.5188","12.1923,6.5174","12.2438,6.542","12.2832,6.5366","12.2819,6.5371","12.3306,6.5341","12.4127,6.5451","12.4466,6.537","12.5102,6.5446","12.5567,6.5452","12.5492,6.5464","12.6057,6.5392","12.7263,6.4974","12.7719,6.4901","12.8281,6.4438","12.8723,6.4317","12.8793,6.4316","12.9072,6.408","12.9789,6.3943","13.0113,6.3765","13.0574,6.351","13.0922,6.3201","13.1008,6.3356","13.1159,6.3135","13.1763,6.2578","13.2191,6.2397",,,,,,,,,,,,,,,,,,,,,,,,,,,,,,,,,,,,,,,,,,,,,,,,,,,,,,,,,,,,,,,,,,,,,,,,,,,,,,,,,,,,,,,,,,,,,,,,,,,,,,,,,,,,,,,,,,,,,,,,,,,,,,,,,,,,,,,,,,,,,,,,,,,,,,,,,,,,,,,,,,,,,,,,,,,,,,,,,,,,,,,,,,,,,,,,,,,
"6.6659,6.1658","6.6727,6.1549","6.6814,6.1496","6.6976,6.1346","6.6939,6.1445","6.7032,6.1408","6.7271,6.136","6.7373,6.1292","6.7369,6.1333","6.752,6.1165","6.7577,6.114","6.7564,6.1165","6.7668,6.1375","6.7727,6.1386","6.7745,6.1436","6.7737,6.1428","6.7745,6.1367","6.7818,6.1522","6.7827,6.1739","6.7936,6.1832","6.7863,6.2081","6.7967,6.2131","6.7996,6.2218","6.8042,6.214","6.8139,6.2399","6.82,6.2542","6.8254,6.2644","6.8355,6.2708","6.8341,6.2705","6.8534,6.2837","6.8908,6.2967","6.9086,6.2955","6.9256,6.3017","6.9452,6.2919","6.9555,6.3059","6.988,6.3067","7.0612,6.2986","7.1084,6.3101","7.1543,6.295","7.193,6.2857","7.1965,6.2845","7.2496,6.2601","7.3736,6.231","7.4155,6.2035","7.4885,6.1775","7.5396,6.1458","7.548,6.1511","7.6176,6.1254","7.7369,6.1069","7.7966,6.0896","7.8785,6.0945","7.9574,6.1003","7.956,6.1111","8.0179,6.116","8.1586,6.1485","8.2453,6.1616","8.3168,6.1702","8.3912,6.1895","8.389,6.1917","8.4508,6.2036","8.5777,6.1755","8.6531,6.1695","8.7247,6.1592","8.8091,6.1511","8.8008,6.1455","8.8599,6.134","9.0127,6.1295","9.0753,6.11","9.1528,6.1035","9.2279,6.1065","9.2308,6.1151","9.2962,6.1247","9.4491,6.141","9.5159,6.1628","9.5958,6.1567","9.6446,6.1757","9.6573,6.1699","9.729,6.1765","9.8702,6.1895","9.9413,6.1947","10.0162,6.1836","10.1004,6.19","10.0795,6.1809","10.1416,6.1748","10.2574,6.1749","10.3183,6.1803","10.3818,6.2096","10.4289,6.2136","10.4252,6.2128","10.4807,6.2388","10.5574,6.2416","10.6117,6.2532","10.6551,6.2776","10.7046,6.279","10.6999,6.2857","10.7514,6.2979","10.8535,6.3062","10.885,6.3139","10.9289,6.319","10.9596,6.3346","10.951,6.3289","10.9775,6.3411","11.054,6.3606","11.0781,6.3697","11.1161,6.3789","11.1537,6.3928","11.1515,6.3889","11.1853,6.3906","11.2434,6.4193","11.2627,6.4252","11.2998,6.4444","11.3191,6.4567","11.326,6.4623","11.346,6.479","11.3947,6.5257","11.4225,6.5416","11.4398,6.5666","11.4476,6.5843","11.4604,6.5827","11.4697,6.6116","11.5253,6.6662","11.5465,6.6917","11.566,6.71","11.5971,6.7328","11.5996,6.7385","11.6162,6.7488","11.6689,6.7905","11.6847,6.7919","11.7195,6.8075","11.7277,6.812","11.7336,6.8183","11.7513,6.8176","11.7819,6.8351","11.817,6.857","11.8359,6.8723","11.8583,6.8797","11.8614,6.8816","11.8815,6.8977","11.9338,6.9111","11.9441,6.9245","11.9584,6.9316","12.0038,6.9317","11.9976,6.9296","12.0339,6.9331","12.0814,6.9431","12.1056,6.926","12.1272,6.9305","12.146,6.9146","12.149,6.9004","12.1843,6.9023","12.2586,6.8815","12.2953,6.8676","12.3328,6.8593","12.356,6.8437","12.3648,6.8507","12.3973,6.8307","12.4617,6.815","12.5085,6.7919","12.5437,6.7937","12.576,6.7868","12.5875,6.7978","12.6357,6.7805","12.7067,6.7644","12.7567,6.7528","12.7955,6.7413","12.8487,6.7196","12.8285,6.7171","12.864,6.7019","12.9367,6.6392","12.9765,6.6207","13.0,6.6021","13.0334,6.5737",,,,,,,,,,,,,,,,,,,,,,,,,,,,,,,,,,,,,,,,,,,,,,,,,,,,,,,,,,,,,,,,,,,,,,,,,,,,,,,,,,,,,,,,,,,,,,,,,,,,,,,,,,,,,,,,,,,,,,,,,,,,,,,,,,,,,,,,,,,,,,,,,,,,,,,
"7.5223,6.1778","7.5214,6.1845","7.5184,6.1688","7.5206,6.1637","7.5257,6.1676","7.5207,6.1674","7.5294,6.1699","7.534,6.1732","7.528,6.1752","7.5453,6.1737","7.5453,6.1671","7.5539,6.1688","7.5688,6.1721","7.5796,6.1747","7.5889,6.1805","7.6055,6.1803","7.5932,6.173","7.6199,6.1863","7.6576,6.1841","7.6743,6.1947","7.6946,6.1964","7.7149,6.2047","7.7142,6.1981","7.7448,6.2008","7.7945,6.2164","7.8398,6.2238","7.8803,6.2301","7.9217,6.2288","7.9189,6.2257","7.967,6.2267","8.0721,6.2111","8.1451,6.1992","8.2101,6.1801","8.2692,6.1766","8.2799,6.1622","8.3454,6.1602","8.4638,6.1726","8.5167,6.1685","8.5592,6.1956","8.5983,6.215","8.6045,6.2083","8.6471,6.224","8.7025,6.244","8.7357,6.2536","8.7753,6.2499","8.8188,6.2677","8.8148,6.2661","8.8572,6.2734","8.9858,6.2568","9.0462,6.2232","9.1092,6.2312","9.1841,6.2334","9.1835,6.2207","9.2531,6.218","9.3832,6.1869","9.4515,6.1714","9.5345,6.1675","9.5986,6.1604","9.5979,6.1587","9.6601,6.1665","9.7895,6.1561","9.8489,6.1574","9.9145,6.1652","9.9669,6.1764","9.9678,6.1762","10.0321,6.1909","10.1753,6.2322","10.2462,6.2512","10.3007,6.2798","10.3949,6.3125","10.3933,6.3119","10.4828,6.3323","10.619,6.3883","10.7112,6.4368","10.7935,6.463","10.8655,6.482","10.8724,6.4807","10.947,6.5017","11.1138,6.5757","11.1914,6.5574","11.2623,6.5776","11.3515,6.5974","11.3556,6.5963","11.4206,6.6006","11.5538,6.6147","11.6238,6.633","11.7135,6.6575","11.7927,6.674","11.7912,6.6743","11.8637,6.699","11.9661,6.7022","12.0348,6.7202","12.1046,6.7258","12.1623,6.7412","12.1486,6.747","12.2205,6.7598","12.3444,6.7505","12.3952,6.7504","12.4498,6.7321","12.4885,6.7066","12.4852,6.6929","12.52,6.6805","12.6143,6.6165","12.6524,6.593","12.6898,6.5638","12.7474,6.5352","12.759,6.5307","12.7926,6.5099","12.8616,6.4628","12.9074,6.421","12.9557,6.3999","12.9755,6.3934","12.9617,6.3954","13.027,6.3619","13.0927,6.2942","13.13,6.2596",,,,,,,,,,,,,,,,,,,,,,,,,,,,,,,,,,,,,,,,,,,,,,,,,,,,,,,,,,,,,,,,,,,,,,,,,,,,,,,,,,,,,,,,,,,,,,,,,,,,,,,,,,,,,,,,,,,,,,,,,,,,,,,,,,,,,,,,,,,,,,,,,,,,,,,,,,,,,,,,,,,,,,,,,,,,,,,,,,,,,,,,,,,,,,,,,,,,,,,,,,,,,,,
"5.7456,6.5391","5.752,6.5336","5.7548,6.531","5.7549,6.5268","5.7434,6.5131","5.7637,6.5259","5.7644,6.5121","5.7673,6.5222","5.7759,6.5161","5.7875,6.5178","5.7885,6.5134","5.8133,6.5155","5.8548,6.5085","5.8738,6.5105","5.8894,6.5122","5.9064,6.4995","5.9106,6.5017","5.9224,6.5074","5.9514,6.5015","5.9422,6.5085","5.958,6.5251","5.9737,6.5137","5.9682,6.5244","5.9753,6.5293","5.9911,6.5381","5.9754,6.545","5.9801,6.5532","5.9892,6.5602","5.9883,6.558","5.979,6.5656","6.0005,6.5744","5.9997,6.5719","6.007,6.565","6.0056,6.5602","6.008,6.5576","6.0195,6.556","6.0447,6.5166","6.0673,6.5118","6.093,6.4965","6.1098,6.4626","6.1044,6.4508","6.1398,6.4434","6.2111,6.3961","6.2566,6.3738","6.3016,6.3593","6.3695,6.3493","6.3625,6.345","6.4189,6.3491","6.5301,6.3736","6.5926,6.3828","6.6471,6.3922","6.6958,6.4027","6.6933,6.3946","6.7649,6.4205","6.8785,6.4299","6.9517,6.4187","7.0155,6.422","7.0907,6.4261","7.0877,6.4274","7.1499,6.4233","7.2967,6.4097","7.3619,6.4073","7.4406,6.4135","7.5143,6.4273","7.5185,6.4107","7.577,6.4439","7.7372,6.4903","7.8021,6.4833","7.8833,6.5006","7.9414,6.4928","7.9417,6.4984","8.0228,6.5002","8.1587,6.4961","8.2301,6.4992","8.3049,6.4829","8.3735,6.4887","8.3695,6.4829","8.4441,6.4742","8.5948,6.4594","8.639,6.4235","8.7255,6.4196","8.8011,6.4218","8.8068,6.4237","8.8699,6.4188","9.0021,6.4248","9.071,6.4336","9.1354,6.4195","9.1958,6.4066","9.1964,6.4154","9.2662,6.4176","9.3874,6.3882","9.4475,6.3788","9.5071,6.3637","9.5653,6.3689","9.5667,6.3652","9.6421,6.3732","9.7629,6.3733","9.8175,6.3908","9.8796,6.3982","9.9203,6.4175","9.9211,6.4117","9.9607,6.4072","10.0515,6.4282","10.0873,6.4415","10.1341,6.4411","10.1859,6.4436","10.1808,6.4394","10.2157,6.4479","10.2904,6.4552","10.3312,6.4487","10.3761,6.4648","10.4026,6.4539","10.4048,6.4676","10.4385,6.4498","10.5155,6.4745","10.5448,6.4558","10.5703,6.4658","10.6143,6.4636","10.6135,6.4718","10.6303,6.4743","10.681,6.4959","10.7012,6.4927","10.731,6.4967","10.7471,6.4869","10.7411,6.4965","10.7689,6.5004","10.8122,6.5146","10.8219,6.5246","10.8522,6.5199","10.8821,6.5299","10.8733,6.5307","10.8993,6.5232","10.936,6.5222","10.9685,6.528","10.9891,6.525","11.014,6.5307","11.0117,6.5275","11.0424,6.5265","11.0914,6.5537","11.1108,6.549","11.1357,6.5655","11.1548,6.5566","11.1509,6.565","11.1756,6.5884","11.2182,6.6059","11.2385,6.6079","11.247,6.6056","11.2557,6.6108","11.2687,6.6182","11.2829,6.6176","11.3286,6.6373","11.3274,6.6376","11.3483,6.6467","11.3719,6.6692","11.3672,6.6749","11.3842,6.687","11.3963,6.7162","11.4205,6.7299","11.4332,6.7383","11.4484,6.7432","11.4433,6.7453","11.4654,6.7511","11.4989,6.7783","11.5153,6.7809","11.5301,6.7801","11.5526,6.7786","11.545,6.7777","11.557,6.7652","11.5749,6.748","11.5819,6.7348","11.6009,6.7269","11.639,6.7378","11.6304,6.7399","11.6385,6.7399","11.6669,6.7415","11.6866,6.7427","11.6987,6.7514","11.7172,6.7463","11.7065,6.7586","11.7246,6.7362","11.7488,6.7249","11.7608,6.7071","11.7751,6.7107","11.7788,6.6929","11.789,6.7004","11.7904,6.696","11.8121,6.6933","11.8146,6.6858","11.8101,6.6831","11.8152,6.6936","11.8176,6.6941","11.8314,6.6925","11.8456,6.7072","11.8607,6.7025","11.8643,6.7042","11.8691,6.7159","11.862,6.7007","11.8776,6.7141","11.8783,6.7316","11.8806,6.7515","11.8915,6.7417","11.8925,6.7513","11.8952,6.7525","11.899,6.7583","11.9092,6.782","11.9291,6.7934","11.9266,6.7982","11.9545,6.8101","11.9507,6.815","11.9671,6.8065","12.0015,6.8067","12.0299,6.8156","12.05,6.8046","12.0607,6.8142","12.058,6.8037","12.0946,6.8072","12.152,6.8083","12.1872,6.788","12.2166,6.7858","12.2567,6.7838","12.2564,6.7847","12.2989,6.7574","12.366,6.7391","12.4089,6.7356","12.4506,6.7295","12.4765,6.7233","12.4896,6.7229","12.5099,6.7067","12.5798,6.7038","12.6061,6.7","12.6475,6.6957","12.6736,6.6852","12.672,6.6861","12.7026,6.6704","12.766,6.6603","12.8213,6.6505","12.8378,6.6493","12.878,6.6347","12.8805,6.6286","12.9162,6.6223","12.9767,6.5958","13.0123,6.5902","13.025,6.5635","13.0584,6.5418","13.0539,6.5554","13.0845,6.5289",,,,,,,,,,,,,,,,,,,,,,,,,,,,,,,,,,,,,,,,,,,,,,,,,,,,,,,,,,,,,,,,,,,,,,,,,,,,,
"7.4887,6.606","7.4875,6.6103","7.4915,6.6178","7.4861,6.6167","7.4871,6.6281","7.488,6.6197","7.4731,6.6504","7.4808,6.6486","7.4653,6.667","7.4583,6.6708","7.467,6.6669","7.4628,6.6668","7.4472,6.6857","7.4561,6.6849","7.4393,6.6971","7.4458,6.7011","7.4529,6.6877","7.4484,6.7079","7.4473,6.693","7.4513,6.7001","7.4554,6.7034","7.4573,6.702","7.4665,6.6985","7.4786,6.6933","7.4968,6.7027","7.506,6.6961","7.5237,6.706","7.5413,6.695","7.5414,6.7043","7.5734,6.7019","7.6276,6.6957","7.661,6.6798","7.6953,6.6641","7.7282,6.6705","7.7398,6.669","7.7805,6.6467","7.8951,6.6339","7.9746,6.6017","8.0517,6.5921","8.1199,6.5532","8.1131,6.5606","8.186,6.5331","8.321,6.5251","8.3905,6.5158","8.4505,6.5401","8.5175,6.5618","8.5024,6.563","8.5723,6.5781","8.6703,6.5869","8.711,6.5772","8.7653,6.581","8.826,6.5871","8.8196,6.5712","8.8771,6.5823","9.0073,6.57","9.072,6.5787","9.143,6.5743","9.2256,6.5702","9.2205,6.5556","9.2981,6.5539","9.4418,6.543","9.5258,6.5311","9.5909,6.5272","9.6766,6.5136","9.6638,6.5053","9.7544,6.5181","9.8914,6.5358","9.9742,6.5603","10.034,6.5435","10.0983,6.556","10.0932,6.5456","10.1632,6.5648","10.29,6.5841","10.3403,6.5781","10.4007,6.5978","10.446,6.6031","10.4383,6.6065","10.5035,6.6134","10.6115,6.6409","10.6579,6.6437","10.7228,6.684","10.7663,6.6835","10.7811,6.6973","10.822,6.7039","10.9422,6.7199","11.008,6.7228","11.0845,6.7348","11.1414,6.7365","11.1282,6.7342","11.2167,6.7386","11.3108,6.7415","11.3783,6.7494","11.4229,6.7415","11.4777,6.7635","11.4736,6.7594","11.5402,6.7748","11.6302,6.824","11.6815,6.8171","11.7429,6.8383","11.8015,6.847","11.79,6.8427","11.8304,6.8556","11.9341,6.8792","11.9757,6.8896","12.0295,6.8884","12.0728,6.874","12.0713,6.8778","12.1123,6.872","12.1843,6.8695","12.2084,6.8693","12.2438,6.8793","12.2739,6.8919","12.2586,6.8991","12.3106,6.8742","12.3347,6.8581","12.3517,6.8436","12.3702,6.8284","12.3988,6.8172","12.4065,6.82","12.4228,6.803","12.4951,6.7715","12.5223,6.7636","12.5414,6.7643","12.579,6.7279","12.5842,6.7267","12.6029,6.7105","12.6981,6.6662","12.736,6.6287","12.7597,6.6197","12.7934,6.6078","12.7912,6.6018","12.8166,6.5855","12.8858,6.5586","12.9266,6.5355","12.9597,6.5101","12.9935,6.5029","12.9868,6.503","13.0277,6.4763","13.0902,6.4151","13.1025,6.384","13.1238,6.3462","13.1324,6.2905",,,,,,,,,,,,,,,,,,,,,,,,,,,,,,,,,,,,,,,,,,,,,,,,,,,,,,,,,,,,,,,,,,,,,,,,,,,,,,,,,,,,,,,,,,,,,,,,,,,,,,,,,,,,,,,,,,,,,,,,,,,,,,,,,,,,,,,,,,,,,,,,,,,,,,,,,,,,,,,,,,,,,,,,,,,,,,,,,,,,,
"6.4268,6.9999","6.4094,6.9989","6.397,7.0113","6.3855,7.0112","6.3877,7.0105","6.3726,7.0119","6.3341,7.0117","6.3133,7.0291","6.3016,7.0366","6.2924,7.0363","6.2918,7.039","6.2816,7.0517","6.2456,7.0624","6.2386,7.0807","6.2162,7.087","6.2034,7.0849","6.1874,7.082","6.1821,7.107","6.1612,7.1105","6.1484,7.1084","6.1438,7.1231","6.1315,7.1209","6.1294,7.1227","6.1175,7.1179","6.1114,7.1224","6.1196,7.1408","6.1164,7.1643","6.1137,7.1471","6.1291,7.1555","6.1235,7.1622","6.1253,7.1715","6.1335,7.1821","6.1277,7.1719","6.142,7.1871","6.1581,7.1916","6.1551,7.2001","6.1846,7.2489","6.1969,7.2381","6.2102,7.2654","6.2363,7.2638","6.2272,7.2618","6.2541,7.2876","6.3134,7.3432","6.3245,7.3292","6.3499,7.3443","6.381,7.3623","6.3793,7.3744","6.4108,7.3828","6.4628,7.3687","6.4969,7.3641","6.5363,7.3577","6.5779,7.3423","6.5754,7.3321","6.6075,7.3131","6.7286,7.2872","6.7797,7.2201","6.8377,7.205","6.9027,7.1676","6.9,7.1528","6.9436,7.1269","7.0908,7.0736","7.1663,7.0655","7.253,7.0578","7.3342,7.0635","7.3467,7.0642","7.4309,7.0834","7.6168,7.16","7.7073,7.1866","7.7932,7.1828","7.878,7.2045","7.8769,7.2033","7.9694,7.2299","8.1125,7.2509","8.1901,7.2677","8.2738,7.2749","8.3431,7.291","8.3392,7.2842","8.4237,7.3032","8.5808,7.3424","8.6477,7.3434","8.735,7.3298","8.8162,7.3609","8.816,7.3624","8.8788,7.3661","9.0415,7.4178","9.0967,7.4344","9.1752,7.4654","9.2439,7.4963","9.2494,7.4962","9.3416,7.5365","9.482,7.5647","9.5586,7.5673","9.6138,7.5695","9.6723,7.5701","9.6752,7.5725","9.7462,7.5833","9.8573,7.5714","9.9077,7.5615","9.9787,7.5728","10.0314,7.5828","10.0201,7.5683","10.0647,7.5566","10.1788,7.5638","10.2203,7.5527","10.2554,7.5574","10.3056,7.5606","10.3041,7.5615","10.338,7.5735","10.3991,7.5677","10.4145,7.5562","10.4546,7.5728","10.4871,7.5826","10.4884,7.5778","10.5283,7.565","10.5749,7.5415","10.6096,7.5374","10.6242,7.5157","10.6593,7.5189","10.6593,7.5171","10.6735,7.4991","10.7265,7.5028","10.7597,7.4966","10.779,7.4894","10.8105,7.5059","10.8175,7.478","10.8296,7.4819","10.8818,7.4826","10.9084,7.4725","10.9369,7.4738","10.9571,7.4736","10.9664,7.4733","10.9865,7.4725","11.0069,7.4567","11.0397,7.4495","11.0491,7.4303","11.0584,7.4103","11.0565,7.4111","11.0771,7.384","11.0773,7.3149","11.0889,7.2694","11.1021,7.2332","11.1141,7.2117","11.114,7.2095","11.1517,7.197","11.1884,7.1766","11.2276,7.1578","11.244,7.1631","11.2594,7.1504","11.2611,7.1362","11.3039,7.1469","11.3465,7.1372","11.3517,7.1361","11.3903,7.1325","11.4181,7.1413","11.4184,7.154","11.4293,7.1402","11.4526,7.1376","11.4854,7.1394","11.4981,7.1303","11.5206,7.1386","11.5237,7.1352","11.5431,7.1139","11.5766,7.1132","11.6025,7.1075","11.6163,7.0961","11.6164,7.0949","11.6219,7.0837","11.6327,7.087","11.6528,7.0835","11.6622,7.0783","11.6787,7.0772","11.681,7.0738","11.6986,7.0804","11.7012,7.0782","11.7348,7.0904","11.7614,7.0996","11.7768,7.1008","11.8078,7.1093","11.8066,7.1105","11.8356,7.1237","11.862,7.1281","11.8907,7.1017","11.8995,7.104","11.9095,7.0966","11.917,7.0953","11.9282,7.0789","11.9462,7.0586","11.9556,7.0542","11.9715,7.0386","11.9744,7.0482","11.9905,7.0461","12.0216,7.05","12.0543,7.0615","12.0769,7.0629","12.093,7.0795","12.1148,7.0734","12.1298,7.0835","12.1418,7.0895","12.2106,7.1311","12.2521,7.1162","12.2633,7.113","12.2946,7.1165","12.2911,7.1248","12.3231,7.1328","12.3916,7.1159","12.4196,7.1177","12.4497,7.1083","12.4853,7.1072","12.4907,7.1031","12.5174,7.0864","12.5658,7.0568","12.5937,7.0444","12.6201,7.0327","12.6586,7.0246","12.656,7.0128","12.6851,7.006","12.7772,7.0066","12.8236,7.0153","12.8621,7.0086","12.8991,7.0059","12.9009,7.0078","12.9396,6.9985","13.0114,6.9858","13.052,6.974","13.0944,6.9703","13.1238,6.9578",,,,,,,,,,,,,,,,,,,,,,,,,,,,,,,,,,,,,,,,,,,,,,,,,,,,,,,,,,,,,,,,,,,,,,,,,,,,,,,,,,,,,,,,,,,,,,,,,
"7.4738,7.1396","7.4772,7.1564","7.48,7.1524","7.4781,7.1467","7.4869,7.1515","7.4836,7.1481","7.4921,7.1505","7.5012,7.1468","7.4961,7.1546","7.494,7.1554","7.5017,7.1552","7.5041,7.1643","7.5254,7.1766","7.5221,7.1731","7.533,7.1824","7.5339,7.1845","7.5299,7.1789","7.5463,7.1807","7.5742,7.1878","7.5846,7.192","7.6157,7.1972","7.6371,7.1913","7.636,7.1917","7.6644,7.1946","7.7263,7.1888","7.7671,7.1887","7.8056,7.1935","7.8579,7.189","7.8505,7.187","7.897,7.196","8.0136,7.2182","8.0838,7.2276","8.1625,7.2575","8.2072,7.2722","8.2223,7.2666","8.2746,7.2768","8.3846,7.3016","8.4353,7.2977","8.4839,7.3265","8.5406,7.3305","8.5428,7.3266","8.5841,7.3281","8.6835,7.3261","8.743,7.3359","8.8089,7.3424","8.8886,7.3751","8.8802,7.3751","8.9504,7.4077","9.1237,7.4824","9.1905,7.512","9.2698,7.5167","9.3512,7.5243","9.3549,7.5334","9.4299,7.527","9.6022,7.5344","9.6996,7.5578","9.7876,7.5677","9.8569,7.5657","9.8591,7.5681","9.9528,7.5982","10.0995,7.6159","10.1944,7.6079","10.2658,7.6136","10.3632,7.6079","10.3655,7.6103","10.4411,7.5984","10.609,7.5573","10.7056,7.5267","10.7655,7.4894","10.8552,7.456","10.8604,7.4493","10.963,7.4259","11.13,7.3858","11.2243,7.3641","11.3181,7.3475","11.406,7.3282","11.4168,7.3375","11.51,7.3268","11.6876,7.2918","11.7715,7.267","11.8599,7.2247","11.9395,7.2176","11.9414,7.2143","12.0165,7.1744","12.1638,7.1109","12.2499,7.0773","12.3206,7.0462","12.3848,7.0087","12.3887,7.0081","12.4658,6.9643","12.6043,6.8893","12.689,6.8552","12.7338,6.8326","12.8003,6.7845","12.8012,6.7962","12.8854,6.7397","12.974,6.6412","13.0533,6.5865",,,,,,,,,,,,,,,,,,,,,,,,,,,,,,,,,,,,,,,,,,,,,,,,,,,,,,,,,,,,,,,,,,,,,,,,,,,,,,,,,,,,,,,,,,,,,,,,,,,,,,,,,,,,,,,,,,,,,,,,,,,,,,,,,,,,,,,,,,,,,,,,,,,,,,,,,,,,,,,,,,,,,,,,,,,,,,,,,,,,,,,,,,,,,,,,,,,,,,,,,,,,,,,,,,,,,,,,,,,,,,,,,
"7.1055,7.7891","7.1169,7.7777","7.1175,7.7768","7.1167,7.7698","7.1208,7.7784","7.122,7.7784","7.1236,7.7764","7.1294,7.7877","7.1328,7.7876","7.1377,7.7856","7.1432,7.788","7.1521,7.788","7.1717,7.8054","7.1822,7.8107","7.1871,7.8148","7.1959,7.8222","7.1942,7.8262","7.2029,7.8284","7.2129,7.8388","7.2188,7.8389","7.2262,7.8392","7.2289,7.8361","7.2323,7.8369","7.2374,7.8368","7.2585,7.8266","7.2757,7.8233","7.2836,7.8169","7.3009,7.8181","7.3002,7.8157","7.322,7.807","7.3775,7.7906","7.4007,7.7836","7.4363,7.776","7.4718,7.7735","7.4774,7.7661","7.5138,7.7486","7.5998,7.7251","7.6512,7.7238","7.7279,7.729","7.7945,7.7266","7.8,7.7317","7.8624,7.7333","8.013,7.7502","8.0938,7.7303","8.1637,7.7088","8.2374,7.7097","8.2432,7.7112","8.3277,7.7003","8.478,7.7153","8.5511,7.7409","8.6398,7.7235","8.7096,7.7284","8.7122,7.7309","8.7878,7.7343","8.9344,7.7276","8.9992,7.6841","9.1016,7.6836","9.2021,7.6758","9.2048,7.6691","9.299,7.6961","9.4485,7.7189","9.5237,7.7296","9.602,7.7392","9.6723,7.7401","9.6723,7.7416","9.7505,7.7508","9.897,7.7425","9.9719,7.7311","10.0308,7.711","10.0962,7.6901","10.0933,7.6894","10.1564,7.6702","10.2877,7.6268","10.3517,7.6148","10.4198,7.5873","10.48,7.5769","10.4789,7.5921","10.5502,7.5762","10.6743,7.5324","10.7229,7.5055","10.7859,7.5077","10.8544,7.4783","10.8566,7.4732","10.9014,7.4586","11.0126,7.407","11.055,7.3925","11.0964,7.3841","11.1556,7.3633","11.1541,7.3663","11.2138,7.3566","11.2928,7.3159","11.3563,7.2863","11.3979,7.2893","11.4362,7.2818","11.4357,7.2932","11.4787,7.2765","11.5425,7.2426","11.5808,7.2382","11.6134,7.2231","11.6334,7.2088","11.6263,7.2068","11.6487,7.1946","11.6949,7.1707","11.7224,7.1605","11.7384,7.157","11.7664,7.1358","11.7815,7.1379","11.8064,7.1413","11.8449,7.0957","11.8802,7.0689","11.9337,7.0852","11.9601,7.072","11.9532,7.0731","12.0056,7.0664","12.0801,7.0607","12.0926,7.0374","12.1303,7.0183","12.1872,7.014","12.1937,7.0164","12.2113,6.9962","12.2985,6.9926","12.3276,6.9821","12.3562,6.979","12.383,6.9781","12.3945,6.9726","12.4049,6.9594","12.451,6.9555","12.4802,6.9348","12.4993,6.9223","12.5229,6.9184","12.5304,6.9182","12.5457,6.9013","12.6027,6.8771","12.6332,6.8542","12.6659,6.8387","12.6957,6.8299","12.6981,6.824","12.7379,6.8093","12.8056,6.7732","12.8502,6.754","12.8841,6.7181","12.925,6.7016","12.9195,6.7011","12.9647,6.6756","13.0347,6.6208",,,,,,,,,,,,,,,,,,,,,,,,,,,,,,,,,,,,,,,,,,,,,,,,,,,,,,,,,,,,,,,,,,,,,,,,,,,,,,,,,,,,,,,,,,,,,,,,,,,,,,,,,,,,,,,,,,,,,,,,,,,,,,,,,,,,,,,,,,,,,,,,,,,,,,,,,,,,,,,,,,,,,,,,,,,,,,,,,,
"5.2793,8.4723","5.2773,8.4757","5.2718,8.4715","5.2761,8.4794","5.2782,8.472","5.2748,8.4861","5.2833,8.483","5.2816,8.4718","5.2838,8.4712","5.2859,8.4742","5.2866,8.4637","5.29,8.4645","5.2929,8.4769","5.3017,8.4681","5.3022,8.4683","5.3053,8.4728","5.305,8.4719","5.3095,8.4695","5.3132,8.4681","5.3165,8.4628","5.3168,8.4611","5.3184,8.4568","5.3181,8.4582","5.3171,8.4575","5.3256,8.4535","5.3262,8.4516","5.3324,8.4545","5.3402,8.4549","5.3396,8.4426","5.3481,8.4456","5.3663,8.4436","5.3694,8.4492","5.3717,8.4551","5.3847,8.4521","5.381,8.4444","5.3853,8.4466","5.3839,8.4483","5.39,8.4495","5.3954,8.4753","5.406,8.4729","5.4068,8.4772","5.4223,8.4954","5.4417,8.4936","5.4528,8.507","5.4761,8.5076","5.4959,8.5046","5.4952,8.5121","5.5149,8.5106","5.5699,8.4958","5.6026,8.494","5.6292,8.4778","5.6703,8.4746","5.6762,8.477","5.706,8.4587","5.8054,8.4182","5.8625,8.3992","5.9129,8.3763","5.97,8.3631","5.9784,8.3702","6.0323,8.3455","6.1518,8.3038","6.224,8.2768","6.2996,8.2739","6.3692,8.2718","6.3709,8.2716","6.4458,8.2798","6.5967,8.2943","6.6885,8.3186","6.7544,8.3212","6.828,8.3181","6.831,8.322","6.908,8.3283","7.0529,8.3148","7.1348,8.3196","7.2075,8.3074","7.2901,8.2941","7.289,8.3006","7.3704,8.2965","7.5148,8.2765","7.5718,8.2565","7.6587,8.2523","7.7408,8.2405","7.7356,8.2453","7.8091,8.2356","7.9632,8.2148","8.0443,8.2234","8.1196,8.2356","8.2185,8.2623","8.2126,8.2418","8.2937,8.242","8.4543,8.1902","8.545,8.1759","8.6331,8.186","8.6998,8.1739","8.7147,8.1747","8.7852,8.1736","8.9451,8.1171","9.0185,8.1191","9.1009,8.0974","9.1717,8.0925","9.16,8.091","9.2415,8.0825","9.3975,8.0814","9.458,8.0841","9.5337,8.1005","9.5913,8.0994","9.5968,8.0927","9.6452,8.0995","9.773,8.0922","9.8233,8.0741","9.8924,8.0801","9.9509,8.081","9.9518,8.0814","10.0143,8.0766","10.0941,8.061","10.1487,8.0546","10.1837,8.0531","10.2146,8.032","10.2193,8.0357","10.2484,8.0153","10.3139,8.0104","10.3521,8.0058","10.3764,8.0052","10.4118,8.0021","10.4032,8.0008","10.437,7.9984","10.4823,8.0193","10.5119,8.0134","10.5457,8.009","10.5627,8.0131","10.5618,8.0175","10.5789,8.0083","10.635,8.0099","10.662,8.0091","10.6883,8.0154","10.7067,8.0117","10.7095,8.0098","10.7398,8.0044","10.7702,7.9819","10.7941,7.9705","10.8076,7.9615","10.828,7.9503","10.8292,7.9437","10.8483,7.9379","10.8787,7.8997","10.8953,7.8815","10.9124,7.8581","10.9189,7.836","10.9192,7.8318","10.9375,7.8156","10.966,7.7855","10.9705,7.7716","10.9948,7.7609","11.0183,7.7474","11.0141,7.7465","11.0274,7.7286","11.0587,7.6949","11.074,7.6778","11.0866,7.6612","11.1032,7.6478","11.1034,7.647","11.1151,7.6314","11.1308,7.6032","11.1422,7.5942","11.1505,7.5799","11.158,7.563","11.1626,7.5604","11.1733,7.5459","11.1889,7.5175","11.2019,7.4902","11.2096,7.4787","11.2242,7.459","11.2294,7.4612","11.2269,7.4411","11.2448,7.4012","11.2575,7.386","11.2658,7.3674","11.2824,7.3434","11.2826,7.35","11.2959,7.3228","11.3244,7.2877","11.3357,7.2696","11.3468,7.254","11.347,7.2403","11.3449,7.2375","11.3545,7.2256","11.3851,7.1979","11.4127,7.1914","11.4326,7.1829","11.4541,7.1778","11.4465,7.1745","11.4754,7.1729","11.5148,7.1675","11.5226,7.1611","11.5529,7.1747","11.5697,7.1646","11.569,7.1656","11.5785,7.1592","11.6151,7.1608","11.6323,7.1616","11.6345,7.1413","11.6471,7.1532","11.6546,7.1535","11.6591,7.1516","11.6726,7.1189","11.6779,7.1065","11.6916,7.1054","11.7007,7.0962","11.6975,7.0963","11.7009,7.0921","11.73,7.1052","11.7478,7.1216","11.7587,7.118","11.7687,7.1226","11.7623,7.1163","11.7655,7.1018","11.8004,7.1149","11.8171,7.1376","11.8372,7.156","11.8507,7.1453","11.8501,7.1479","11.8664,7.18","11.8894,7.1871","11.9062,7.1892","11.9239,7.1871","11.9426,7.19","11.9443,7.1871","11.9657,7.1923","12.0125,7.1867","12.0362,7.1865","12.0613,7.1636","12.0851,7.1573","12.0798,7.1552","12.1243,7.1426","12.1875,7.1287","12.2329,7.1083","12.2771,7.1082","12.3182,7.0951","12.3239,7.0974","12.3604,7.0864","12.4415,7.0756","12.4825,7.0804","12.521,7.0784","12.5581,7.0865","12.5596,7.0929","12.6015,7.0987","12.6815,7.1109","12.7173,7.1134","12.7596,7.1236","12.8104,7.1293","12.8124,7.1376","12.8546,7.1474","12.9489,7.1675",,,,,,,,,,,,,,,,,,,,,,,,,,,,,,,,,,,,,,,,,,,,,,,,,,,,,,,,,,,,,,,,,,,,,,
"6.5588,8.1744","6.56,8.1612","6.5535,8.1365","6.5505,8.1128","6.5446,8.1169","6.5488,8.0897","6.5336,8.0362","6.5236,8.0047","6.5309,7.9701","6.5232,7.9452","6.5202,7.9449","6.5246,7.9231","6.5181,7.8698","6.5216,7.8556","6.5119,7.8362","6.5066,7.8098","6.5108,7.8205","6.515,7.7957","6.523,7.757","6.5305,7.7372","6.5313,7.7236","6.531,7.7099","6.5331,7.7283","6.541,7.7122","6.566,7.689","6.5751,7.6749","6.5969,7.6694","6.6133,7.6742","6.6076,7.6725","6.6287,7.6636","6.6815,7.6446","6.7054,7.6275","6.7356,7.6216","6.754,7.6108","6.7563,7.606","6.7793,7.5905","6.8311,7.576","6.8518,7.5564","6.8854,7.5146","6.9106,7.4863","6.912,7.4839","6.9586,7.4629","7.061,7.4251","7.1246,7.4059","7.1929,7.4055","7.2631,7.3939","7.2638,7.3877","7.3416,7.3817","7.5024,7.3388","7.5618,7.3464","7.6211,7.3318","7.7113,7.3454","7.7171,7.3538","7.793,7.3615","7.9474,7.3772","8.0308,7.3954","8.1063,7.4146","8.19,7.4325","8.2009,7.4341","8.2803,7.4415","8.4394,7.4872","8.5232,7.4867","8.6107,7.5252","8.6869,7.526","8.7067,7.5248","8.7717,7.5512","8.9513,7.5853","9.0438,7.5999","9.1203,7.6225","9.2156,7.6414","9.2112,7.6422","9.3189,7.6643","9.4944,7.7069","9.577,7.7205","9.6653,7.7418","9.7423,7.7371","9.7411,7.7487","9.8246,7.7455","9.9394,7.7389","9.9996,7.7065","10.0658,7.7064","10.1206,7.6958","10.1321,7.6997","10.1898,7.6703","10.3128,7.6373","10.3654,7.6108","10.4289,7.6036","10.5018,7.5853","10.4915,7.5946","10.5446,7.5688","10.669,7.5398","10.714,7.5014","10.7758,7.4957","10.8278,7.4772","10.826,7.4708","10.8887,7.4747","11.0001,7.4687","11.0503,7.4625","11.1134,7.4669","11.1528,7.4696","11.1425,7.4655","11.1908,7.466","11.2623,7.4461","11.3154,7.4585","11.3594,7.4692","11.3961,7.475","11.4001,7.4601","11.4396,7.4699","11.4956,7.4602","11.5407,7.4418","11.5614,7.446","11.5838,7.432","11.5847,7.4323","11.6168,7.4231","11.6578,7.3846","11.6767,7.3758","11.7178,7.3649","11.7236,7.3373","11.7224,7.3519","11.7453,7.3275","11.7971,7.3027","11.829,7.2783","11.857,7.2541","11.8846,7.2432","11.8873,7.2431","11.9148,7.2319","11.9659,7.2082","12.0113,7.2112","12.0536,7.2116","12.0939,7.2075","12.093,7.2119","12.1255,7.2027","12.2106,7.2141","12.2405,7.2065","12.2786,7.2116","12.3032,7.2117","12.3094,7.204","12.342,7.1948","12.3899,7.1984","12.4191,7.1906","12.4642,7.1932","12.4909,7.1888","12.4909,7.1911","12.5296,7.1899","12.6257,7.1738","12.6547,7.1838","12.7149,7.1626","12.7413,7.1599","12.7454,7.1506","12.7849,7.152","12.8451,7.182","12.8769,7.2052","12.931,7.2445","12.9618,7.266","12.961,7.2641","13.0134,7.2862","13.1,7.3329","13.1374,7.3643","13.1746,7.3961",,,,,,,,,,,,,,,,,,,,,,,,,,,,,,,,,,,,,,,,,,,,,,,,,,,,,,,,,,,,,,,,,,,,,,,,,,,,,,,,,,,,,,,,,,,,,,,,,,,,,,,,,,,,,,,,,,,,,,,,,,,,,,,,,,,,,,,,,,,,,,,,,,,,,,,,,,,,,,,,,,,,
"6.8755,8.3962","6.8705,8.3938","6.8624,8.383","6.8643,8.3853","6.8714,8.3829","6.8488,8.3879","6.8444,8.3892","6.8278,8.3975","6.8243,8.3969","6.8188,8.4022","6.817,8.3965","6.8093,8.4077","6.8067,8.4202","6.7999,8.429","6.7823,8.4447","6.78,8.4632","6.7842,8.4546","6.7781,8.4711","6.7664,8.4947","6.7617,8.5091","6.757,8.5199","6.7434,8.5258","6.7368,8.5279","6.7319,8.5469","6.7299,8.5612","6.7236,8.5714","6.7257,8.5742","6.7233,8.5806","6.7273,8.5794","6.7245,8.5874","6.7313,8.5958","6.7416,8.5972","6.7474,8.5953","6.7629,8.5959","6.7689,8.599","6.7837,8.597","6.8054,8.5829","6.8207,8.5611","6.8467,8.5524","6.8613,8.539","6.8597,8.542","6.886,8.5244","6.9342,8.493","6.9548,8.4763","6.9974,8.4616","7.0361,8.4512","7.0338,8.4443","7.0878,8.4293","7.179,8.3817","7.2401,8.358","7.3129,8.3331","7.3603,8.3311","7.3687,8.3373","7.4265,8.3389","7.5712,8.3574","7.6628,8.3681","7.7333,8.3749","7.8162,8.3842","7.8185,8.3842","7.8936,8.39","8.0264,8.3976","8.0959,8.3951","8.161,8.395","8.2312,8.386","8.2281,8.3896","8.2927,8.3864","8.4346,8.3663","8.5083,8.3537","8.5693,8.3309","8.6329,8.3082","8.6382,8.3109","8.7165,8.2934","8.882,8.2724","8.9683,8.2695","9.0644,8.271","9.1433,8.2695","9.1398,8.2841","9.2115,8.2778","9.3835,8.2673","9.4187,8.2587","9.4985,8.2447","9.5574,8.2521","9.5638,8.2488","9.6256,8.2347","9.7444,8.2132","9.7993,8.2015","9.8647,8.191","9.9381,8.1726","9.932,8.1737","9.9828,8.1452","10.0913,8.1167","10.14,8.0917","10.1903,8.0789","10.2375,8.064","10.239,8.0633","10.2895,8.0462","10.3705,8.0054","10.41,7.9727","10.4383,7.9388","10.4814,7.9082","10.4701,7.9067","10.5075,7.8778","10.5741,7.8258","10.6266,7.8132","10.652,7.7957","10.702,7.7823","10.7079,7.7703","10.7245,7.766","10.8112,7.7238","10.8284,7.7092","10.8603,7.697","10.8937,7.6823","10.8989,7.6842","10.9387,7.6571","10.9913,7.6072","11.0354,7.5827","11.048,7.5626","11.0835,7.5384","11.1007,7.532","11.107,7.5191","11.2067,7.4642","11.2247,7.4413","11.2652,7.408","11.3048,7.3851","11.2932,7.3834","11.3142,7.3502","11.3727,7.3143","11.4143,7.307","11.4331,7.2821","11.4558,7.2743","11.4549,7.2787","11.4712,7.2638","11.5043,7.2516","11.5161,7.2489","11.5399,7.2367","11.551,7.2264","11.5539,7.2277","11.5855,7.2114","11.6166,7.1934","11.6369,7.1835","11.6507,7.1786","11.6615,7.174","11.6575,7.1751","11.6867,7.1748","11.7324,7.171","11.7453,7.1713","11.7832,7.1678","11.786,7.1639","11.7854,7.1653","11.8117,7.1596","11.8412,7.1665","11.8584,7.1742","11.8873,7.1726","11.9139,7.1673","11.9092,7.173","11.9266,7.1589","11.967,7.144","11.9802,7.1224","12.0065,7.1108","12.0293,7.0957","12.0282,7.0989","12.0513,7.0896","12.0906,7.0749","12.1181,7.0635","12.1346,7.0521","12.1379,7.0515","12.1403,7.0487","12.1612,7.0537","12.1996,7.0677","12.2103,7.0638","12.2284,7.0733","12.2454,7.0803","12.2446,7.0785","12.2571,7.0915","12.2922,7.1215","12.3107,7.1388","12.322,7.1468","12.3498,7.1589","12.3496,7.1587","12.3652,7.162","12.3839,7.2039","12.408,7.1955","12.4278,7.2067","12.4717,7.2106","12.4737,7.2199","12.509,7.2262","12.5982,7.2366","12.6288,7.2458","12.6586,7.2457","12.7053,7.2475","12.7001,7.256","12.7369,7.2648","12.7852,7.2654","12.7993,7.2732","12.8339,7.2739","12.8553,7.2887","12.8596,7.2787","12.8867,7.2934","12.9701,7.3217","13.0151,7.3373","13.0574,7.3408","13.1017,7.3544","13.0937,7.3635","13.1456,7.3764","13.2499,7.3993","13.2976,7.4156","13.328,7.4356","13.3767,7.4554","13.3714,7.4601","13.4162,7.4877","13.4686,7.5342","13.4947,7.5583",,,,,,,,,,,,,,,,,,,,,,,,,,,,,,,,,,,,,,,,,,,,,,,,,,,,,,,,,,,,,,,,,,,,,,,,,,,,,,,,,,,,,,,,,,,,,,,,,,,,,,,,,,,,,,,
"7.4792,8.4762","7.4869,8.4707","7.4876,8.4622","7.4968,8.4593","7.5115,8.4533","7.5108,8.4553","7.5219,8.4551","7.5448,8.4578","7.5213,8.453","7.5393,8.4539","7.5369,8.4515","7.5412,8.4561","7.5578,8.4584","7.558,8.4556","7.5482,8.4629","7.5555,8.4674","7.5424,8.4561","7.562,8.4747","7.5452,8.484","7.5489,8.4836","7.5441,8.477","7.5447,8.4845","7.5477,8.4704","7.5475,8.4802","7.5513,8.4806","7.5584,8.4765","7.5628,8.4641","7.5456,8.4612","7.5725,8.4704","7.5646,8.4647","7.5769,8.4461","7.57,8.4326","7.586,8.4189","7.6085,8.4008","7.6277,8.397","7.6448,8.3797","7.7437,8.3632","7.7917,8.3628","7.8673,8.3894","7.9496,8.3805","7.9466,8.3783","8.0214,8.3817","8.1882,8.349","8.2749,8.3268","8.3592,8.3042","8.426,8.2905","8.4205,8.2805","8.4993,8.2606","8.6679,8.1948","8.7393,8.1797","8.8201,8.1389","8.9048,8.1184","8.9008,8.1204","8.9772,8.1032","9.1548,8.1184","9.2624,8.1208","9.3405,8.1411","9.4436,8.1529","9.4332,8.144","9.5126,8.1543","9.6689,8.1561","9.7572,8.1647","9.8385,8.1608","9.9201,8.1494","9.9049,8.1647","9.9869,8.1588","10.1692,8.1406","10.2248,8.1257","10.2881,8.1036","10.3676,8.1","10.3627,8.0899","10.4305,8.0782","10.5519,8.0676","10.6105,8.0556","10.6646,8.0476","10.7159,8.0179","10.7094,8.0272","10.7914,8.0058","10.8929,7.963","10.931,7.9369","10.9881,7.9007","11.0418,7.8724","11.0507,7.8868","11.1061,7.8529","11.2051,7.8011","11.2557,7.7665","11.3067,7.7502","11.3707,7.7274","11.3583,7.7252","11.4106,7.6943","11.5124,7.6663","11.5547,7.628","11.5997,7.6161","11.6516,7.6009","11.6443,7.6035","11.6922,7.6","11.7606,7.5447","11.8239,7.5333","11.8584,7.4924","11.8919,7.4548","11.8998,7.4691","11.9287,7.4481","11.9882,7.3883","12.0294,7.3672","12.0649,7.3638","12.0822,7.326","12.0928,7.334","12.1389,7.3102","12.2003,7.2711","12.2324,7.2603","12.2927,7.26","12.3301,7.276","12.3288,7.2798","12.3899,7.2813","12.4949,7.3124","12.5445,7.3273","12.5823,7.3513","12.6501,7.3691","12.6396,7.3677","12.6842,7.396","12.7828,7.4212","12.8139,7.4441","12.8697,7.4525","12.91,7.479","12.9257,7.4794",,,,,,,,,,,,,,,,,,,,,,,,,,,,,,,,,,,,,,,,,,,,,,,,,,,,,,,,,,,,,,,,,,,,,,,,,,,,,,,,,,,,,,,,,,,,,,,,,,,,,,,,,,,,,,,,,,,,,,,,,,,,,,,,,,,,,,,,,,,,,,,,,,,,,,,,,,,,,,,,,,,,,,,,,,,,,,,,,,,,,,,,,,,,,,,,,,,,,,
"7.8436,8.7084","7.8411,8.7093","7.8328,8.7117","7.8302,8.7115","7.8301,8.7108","7.8253,8.7132","7.8145,8.7194","7.8103,8.7281","7.8074,8.7344","7.8025,8.7412","7.8023,8.7417","7.7994,8.749","7.792,8.7625","7.7887,8.7695","7.7834,8.7771","7.7808,8.7857","7.7876,8.7929","7.7767,8.7933","7.7722,8.8014","7.7686,8.8085","7.7679,8.817","7.7692,8.8276","7.7659,8.8227","7.7655,8.8289","7.7683,8.8357","7.7655,8.8395","7.7689,8.8439","7.7666,8.8487","7.7677,8.8464","7.7741,8.8495","7.7877,8.8524","7.7961,8.8525","7.8003,8.851","7.8124,8.8486","7.8174,8.8523","7.8339,8.8547","7.8704,8.8524","7.9,8.847","7.9354,8.8441","7.9778,8.8371","7.9785,8.8368","8.0265,8.8264","8.1288,8.7945","8.1877,8.7702","8.2457,8.7403","8.3067,8.7241","8.3061,8.7188","8.3672,8.6923","8.5004,8.6425","8.565,8.6237","8.6333,8.6056","8.7119,8.5972","8.7006,8.5905","8.7592,8.5832","8.9229,8.5905","9.0127,8.5869","9.0653,8.5817","9.1555,8.584","9.1509,8.5849","9.2114,8.5785","9.3694,8.5545","9.4322,8.5362","9.4989,8.5311","9.5687,8.5125","9.5712,8.5147","9.6351,8.4952","9.7686,8.4586","9.8456,8.4494","9.9043,8.4341","9.966,8.4227","9.9648,8.4173","10.0339,8.4055","10.1624,8.3624","10.2321,8.3494","10.3018,8.3318","10.3582,8.3165","10.3587,8.3175","10.4184,8.3071","10.5359,8.2583","10.5787,8.2227","10.6538,8.202","10.7236,8.1818","10.7225,8.184","10.7771,8.164","10.8869,8.1262","10.9423,8.1127","10.9931,8.1103","11.04,8.0997","11.0393,8.0981","11.0791,8.0821","11.1431,8.0337","11.1816,8.0176","11.2136,8.0009","11.2422,7.988","11.2435,7.9849","11.2914,7.9842","11.352,7.952","11.3911,7.9379","11.4197,7.9241","11.435,7.9299","11.4408,7.9185","11.4544,7.9117","11.5005,7.8882","11.5246,7.8727","11.5484,7.8605","11.564,7.8363","11.559,7.8404","11.5861,7.8169","11.6071,7.7782","11.6258,7.7603","11.6423,7.7512","11.6714,7.753","11.6639,7.7569","11.7001,7.7427","11.7254,7.723","11.7321,7.718","11.7487,7.7046","11.7792,7.6943","11.7792,7.6927","11.7913,7.6793","11.8424,7.6552","11.8677,7.6375","11.8738,7.6076","11.8777,7.5831","11.8863,7.5992","11.8972,7.5686","11.9066,7.537","11.9223,7.5269","11.9416,7.5172","11.9449,7.509","11.9599,7.5101","11.9555,7.4973","11.9605,7.4763","11.9863,7.4705","11.9891,7.4488","12.0082,7.4385","12.0037,7.4438","12.0188,7.4257","12.0492,7.4078","12.0597,7.3959","12.0762,7.3855","12.0943,7.3731","12.0961,7.3716","12.1186,7.3652","12.1511,7.3451","12.1711,7.3346","12.1974,7.3334","12.2079,7.3159","12.2035,7.3152","12.2357,7.3161","12.285,7.3171","12.2992,7.3231","12.3372,7.3206","12.3651,7.3287","12.368,7.3355","12.3878,7.3429","12.4408,7.3419","12.4737,7.3597","12.5131,7.3765","12.5407,7.3989","12.5525,7.3956","12.5904,7.4218","12.6413,7.4668","12.6776,7.4997","12.7084,7.5286","12.7279,7.5522","12.7383,7.5484","12.7638,7.5797","12.8272,7.6052","12.8706,7.6273","12.8957,7.653","12.9365,7.6769","12.9378,7.6696","12.9608,7.6891","13.0219,7.7196","13.0534,7.7307","13.0957,7.7353","13.1276,7.7404","13.1298,7.7383",,,,,,,,,,,,,,,,,,,,,,,,,,,,,,,,,,,,,,,,,,,,,,,,,,,,,,,,,,,,,,,,,,,,,,,,,,,,,,,,,,,,,,,,,,,,,,,,,,,,,,,,,,,,,,,,,,,,,,,,,,,,,,,,,,,,,,,,,,,,,,,,
"5.4163,9.1111","5.4332,9.1012","5.4297,9.0862","5.4323,9.0716","5.4358,9.0673","5.4282,9.0614","5.4432,9.0309","5.4476,9.0319","5.4518,9.0214","5.4542,9.0072","5.4498,9.0021","5.4684,8.9888","5.4796,8.9812","5.4831,8.9674","5.491,8.9474","5.4872,8.946","5.5026,8.9383","5.5068,8.9366","5.5131,8.9206","5.5223,8.9038","5.5177,8.9035","5.5252,8.9096","5.5254,8.8921","5.5244,8.8935","5.5434,8.8749","5.5655,8.8598","5.5806,8.8627","5.586,8.86","5.5924,8.8639","5.611,8.8632","5.6362,8.8544","5.6506,8.866","5.6484,8.8606","5.66,8.8775","5.6553,8.8728","5.6764,8.8947","5.6894,8.9225","5.6908,8.9339","5.6781,8.9425","5.6943,8.9638","5.7113,8.9601","5.7039,8.9765","5.7291,9.0127","5.7269,9.0272","5.7297,9.036","5.7174,9.0623","5.7259,9.0624","5.75,9.0749","5.7564,9.1113","5.7634,9.1181","5.7799,9.1354","5.7942,9.1462","5.7927,9.1469","5.7924,9.135","5.8562,9.1553","5.9091,9.1528","5.9457,9.167","5.9893,9.1872","6.0014,9.1945","6.0588,9.2373","6.1766,9.2713","6.2429,9.2762","6.3024,9.3023","6.3732,9.3062","6.3788,9.296","6.4294,9.3092","6.5762,9.3142","6.6398,9.3214","6.7041,9.3095","6.7755,9.3109","6.7745,9.3119","6.8517,9.3014","6.9892,9.2995","7.0704,9.3156","7.156,9.3233","7.2327,9.3486","7.2268,9.3309","7.3201,9.3606","7.4888,9.3936","7.5545,9.3973","7.6427,9.412","7.7176,9.4153","7.729,9.4196","7.8081,9.4092","7.9475,9.4227","8.0128,9.4147","8.106,9.415","8.1841,9.4159","8.1875,9.4197","8.272,9.431","8.3943,9.3761","8.4864,9.3705","8.5648,9.3641","8.636,9.3756","8.6382,9.3716","8.726,9.371","8.8665,9.3624","8.9459,9.373","9.0363,9.365","9.1117,9.3517","9.1174,9.3514","9.1913,9.3314","9.3594,9.3005","9.4387,9.3067","9.5268,9.3089","9.6095,9.2996","9.6096,9.2967","9.6897,9.2826","9.8217,9.2453","9.8891,9.2225","9.9618,9.2027","10.0168,9.1865","10.023,9.177","10.1018,9.1555","10.2127,9.0793","10.2929,9.0463","10.3631,9.0066","10.4132,8.9859","10.4097,8.9842","10.4774,8.9619","10.601,8.9178","10.6506,8.9132","10.7117,8.9021","10.7795,8.8737","10.7766,8.8799","10.823,8.864","10.9237,8.8169","10.9856,8.795","11.0385,8.7583","11.0592,8.7328","11.0699,8.7395","11.1011,8.7071","11.1679,8.6599","11.1981,8.6304","11.2279,8.5833","11.2619,8.5876","11.2608,8.5719","11.2903,8.5587","11.3095,8.4987","11.3208,8.4538","11.334,8.4484","11.3739,8.4152","11.3544,8.4133","11.394,8.4158","11.4451,8.3791","11.4611,8.3676","11.5065,8.361","11.5064,8.3303","11.5065,8.3343","11.5327,8.3222","11.5749,8.2918","11.5906,8.2689","11.6108,8.2702","11.6162,8.2429","11.6265,8.2463","11.6284,8.2339","11.6341,8.1862","11.6373,8.1687","11.6435,8.1597","11.657,8.1464","11.6575,8.1427","11.6629,8.1299","11.6494,8.0943","11.6597,8.0757","11.6567,8.0574","11.6749,8.0383","11.6769,8.0424","11.6684,8.0286","11.6833,8.0203","11.7161,7.9894","11.7047,7.9899","11.7334,7.969","11.7199,7.9713","11.7296,7.9565","11.766,7.9278","11.7741,7.9263","11.7906,7.9292","11.7929,7.8986","11.7924,7.9113","11.8176,7.9075","11.8359,7.8895","11.8446,7.8874","11.8445,7.8677","11.8404,7.8715","11.8592,7.8586","11.8539,7.863","11.8479,7.8452","11.84,7.829","11.8408,7.8269","11.8376,7.8059","11.8309,7.8087","11.8524,7.791","11.8442,7.7766","11.8377,7.7573","11.8579,7.7439","11.8505,7.7317","11.8523,7.7258","11.8663,7.7174","11.8824,7.7079","11.8845,7.6999","11.8983,7.6852","11.9008,7.6732","11.8976,7.668","11.901,7.6596","11.9158,7.6499","11.9326,7.6448","11.9494,7.6229","11.9609,7.6127","11.953,7.6074","11.9778,7.5964","11.9806,7.5731","11.9863,7.563","11.9965,7.5471","12.0043,7.5394","12.0022,7.5341","12.0112,7.5316","12.0444,7.512","12.0627,7.5081","12.0712,7.515","12.1106,7.5054","12.1024,7.5102","12.124,7.5066","12.1606,7.5171","12.1868,7.5219","12.2014,7.5278","12.2328,7.5227","12.2343,7.5303","12.2436,7.536","12.3094,7.5437","12.3269,7.5493","12.3434,7.5396","12.3676,7.5343","12.382,7.5354","12.4021,7.5452","12.4503,7.5354","12.483,7.5312","12.5212,7.5216","12.5413,7.5027","12.5535,7.4997","12.5871,7.4967","12.6442,7.477","12.6816,7.4608","12.709,7.4525","12.7622,7.4542","12.7466,7.4508","12.775,7.4506","12.8517,7.4618","12.878,7.463","12.9208,7.4636","12.9491,7.4858","12.9506,7.4719","12.9735,7.4761","13.0276,7.5032","13.0527,7.5062",,,,,,,,,,,,,,,,,,,,,,,,,,,,,,,,,,,,,,,,,,,,,,,,,,,,,,,,,,,,,,,,,,,,,
"6.7907,9.2572","6.7913,9.2619","6.7897,9.26","6.7867,9.2635","6.789,9.2597","6.789,9.2604","6.7887,9.2599","6.789,9.2645","6.7883,9.2661","6.7824,9.2688","6.7812,9.2659","6.7816,9.2701","6.7863,9.2766","6.7872,9.2717","6.7862,9.2803","6.7833,9.283","6.7849,9.2785","6.7845,9.2827","6.7824,9.2837","6.7801,9.2843","6.7825,9.2824","6.7823,9.2831","6.7773,9.282","6.783,9.284","6.7776,9.2861","6.7822,9.2827","6.7812,9.2828","6.7833,9.2831","6.7768,9.2796","6.7868,9.2798","6.7899,9.2751","6.7927,9.2768","6.7936,9.2754","6.7981,9.2738","6.7947,9.2723","6.7986,9.2746","6.8004,9.2695","6.8062,9.2681","6.8185,9.2677","6.8319,9.267","6.8299,9.2625","6.8462,9.2615","6.8739,9.2546","6.8898,9.2508","6.9148,9.2479","6.9353,9.2405","6.9334,9.2422","6.9621,9.2407","7.0172,9.2236","7.0402,9.2174","7.0727,9.2097","7.1096,9.2033","7.1088,9.2058","7.14,9.1923","7.2147,9.1813","7.2585,9.178","7.3018,9.1805","7.3303,9.1832","7.3406,9.185","7.3794,9.1904","7.445,9.1837","7.4653,9.1582","7.5053,9.1554","7.5431,9.1462","7.5408,9.1504","7.5654,9.1359","7.6402,9.1078","7.6856,9.1118","7.7167,9.0821","7.7558,9.0648","7.7566,9.0601","7.7849,9.0392","7.8642,9.0049","7.8884,8.988","7.9327,8.9657","7.9618,8.9442","7.9596,8.9443","8.0032,8.9301","8.0529,8.8852","8.071,8.8676","8.1213,8.8584","8.1683,8.8395","8.1718,8.8464","8.2008,8.827","8.2857,8.8016","8.3154,8.7912","8.3732,8.7838","8.4227,8.7738","8.419,8.7801","8.446,8.7523","8.5395,8.7411","8.5932,8.7311","8.6353,8.732","8.6626,8.7324","8.6617,8.7367","8.7119,8.7476","8.7905,8.7216","8.8375,8.7162","8.8698,8.7214","8.9097,8.703","8.9235,8.703","8.9563,8.6941","9.029,8.6666","9.0559,8.6629","9.0892,8.6521","9.1444,8.6464","9.1347,8.6316","9.1589,8.6328","9.2481,8.5989","9.2736,8.59","9.3267,8.5966","9.3641,8.5954","9.3559,8.5895","9.4271,8.5903","9.4888,8.5864","9.5267,8.5846","9.5692,8.5798","9.602,8.5831","9.5968,8.5769","9.6462,8.5804","9.7239,8.5841","9.7567,8.5864","9.7957,8.5857","9.8239,8.5872","9.8325,8.5909","9.8672,8.5932","9.9389,8.6062","9.9749,8.6209","10.016,8.6205","10.0307,8.6201","10.0442,8.622","10.0644,8.619","10.135,8.621","10.1607,8.6133","10.2011,8.6126","10.2311,8.6049","10.2266,8.6044","10.2614,8.5961","10.3039,8.5697","10.3383,8.5614","10.3432,8.5415","10.3767,8.5354","10.3829,8.5335","10.4238,8.5279","10.4509,8.5007","10.4742,8.4753","10.5052,8.4638","10.5088,8.4519","10.5055,8.4526","10.5362,8.4502","10.5912,8.4361","10.6072,8.4423","10.6482,8.4339","10.6707,8.4316","10.6693,8.4413","10.6964,8.4302","10.7505,8.4292","10.7554,8.4183","10.7862,8.4309","10.8093,8.4241","10.811,8.4223","10.8415,8.4229","10.8872,8.4346","10.9171,8.4371","10.9395,8.445","10.9564,8.4361","10.9569,8.4353","10.9709,8.4378","11.0175,8.4299","11.034,8.4247","11.0402,8.4236","11.068,8.4204","11.0724,8.4141","11.0809,8.4079","11.1067,8.3987","11.1153,8.3885","11.1156,8.3826","11.1277,8.3601","11.1257,8.3712","11.1234,8.363","11.15,8.3337","11.1501,8.3143","11.1467,8.3057","11.1585,8.2884","11.1554,8.2902","11.1553,8.2671","11.1758,8.2341","11.1695,8.211","11.1695,8.1946","11.1778,8.1755","11.1795,8.1785","11.1894,8.1617","11.1813,8.11","11.1867,8.0961","11.1835,8.0816","11.1935,8.0502","11.1995,8.0545","11.1926,8.0318","11.21,8.0049","11.2148,7.9964","11.2211,7.9795","11.2277,7.9775","11.2271,7.9862","11.2394,7.9765","11.258,7.9573","11.2652,7.95","11.2848,7.9456","11.293,7.9402","11.2958,7.9444","11.3062,7.9324","11.3275,7.931","11.3547,7.9411","11.3734,7.9308","11.3827,7.9361","11.3814,7.9339","11.3922,7.9223","11.4009,7.9256","11.4207,7.9259","11.4202,7.9178","11.4395,7.913","11.435,7.9055","11.4401,7.8983","11.4555,7.8877","11.4739,7.8836","11.4671,7.8749","11.4762,7.8568","11.4882,7.8602","11.4817,7.8491","11.4937,7.8224","11.5023,7.8127","11.5065,7.7835","11.505,7.7668","11.5019,7.7786","11.5224,7.748","11.5204,7.7155","11.52,7.691","11.5412,7.6714","11.5319,7.6432","11.5357,7.648","11.5316,7.6325","11.5484,7.5909","11.5635,7.5671","11.5713,7.5535","11.5803,7.5326","11.5773,7.54","11.583,7.5259","11.6237,7.4951","11.6453,7.49","11.6498,7.4757","11.6711,7.4741","11.6776,7.4727","11.6968,7.4646","11.7343,7.4509","11.7496,7.4597","11.7675,7.4586","11.8036,7.4531","11.8161,7.4472","11.8284,7.4499","11.8803,7.4514","11.9132,7.4534","11.9421,7.4566","11.9777,7.4632","11.9907,7.4595","12.0054,7.4585","12.066,7.4687","12.0919,7.4585","12.1241,7.4599","12.1507,7.4624","12.1415,7.4568","12.1738,7.4548","12.2427,7.442","12.2689,7.4465","12.2943,7.4282","12.3282,7.4175","12.3159,7.413","12.3411,7.4064","12.4029,7.3902","12.4312,7.3697","12.4594,7.3693","12.4921,7.3589","12.4929,7.3565","12.5207,7.3403","12.5744,7.3345","12.6165,7.3317","12.6471,7.3342","12.6662,7.3381","12.6741,7.3311","12.6999,7.3238","12.7626,7.3495","12.7927,7.3342","12.8237,7.3569","12.8571,7.3597","12.8487,7.3629","12.8803,7.3776","12.9334,7.3997","12.9605,7.4139","12.9785,7.42","13.0093,7.4412","13.0095,7.4457","13.0278,7.4532","13.086,7.4898","13.1026,7.5148","13.1327,7.5374","13.1488,7.5499",,,,,,,,,,,,,,,,,,,
"7.9406,9.3098","7.9316,9.3236","7.926,9.3212","7.9176,9.3296","7.922,9.3256","7.9159,9.3372","7.9054,9.3447","7.8915,9.3526","7.8912,9.3572","7.8806,9.3615","7.8822,9.3619","7.8732,9.3682","7.8607,9.3783","7.8555,9.3812","7.8464,9.3865","7.8459,9.3911","7.8449,9.391","7.839,9.393","7.8295,9.4023","7.8261,9.4055","7.8243,9.4083","7.8214,9.4107","7.8184,9.4074","7.8199,9.4096","7.8202,9.4121","7.8237,9.4178","7.8262,9.4127","7.8331,9.4133","7.8339,9.4135","7.8397,9.4156","7.8569,9.4028","7.8653,9.3998","7.8705,9.3938","7.884,9.3854","7.8862,9.3842","7.9014,9.3823","7.9379,9.3658","7.9588,9.362","7.9867,9.3535","8.0133,9.3487","8.0144,9.348","8.0417,9.3393","8.1206,9.3021","8.1624,9.278","8.2198,9.2528","8.2733,9.2266","8.2714,9.2261","8.3234,9.2014","8.4237,9.1332","8.4825,9.093","8.5354,9.0668","8.5955,9.0405","8.5946,9.0393","8.6403,9.0084","8.7494,8.973","8.8148,8.9506","8.8718,8.9404","8.9326,8.9298","8.9356,8.9269","8.9976,8.921","9.1173,8.8902","9.1766,8.8615","9.2419,8.8436","9.3144,8.8288","9.3149,8.8325","9.3781,8.8151","9.516,8.7723","9.5883,8.7449","9.6505,8.7121","9.7113,8.6808","9.7109,8.6775","9.7828,8.6557","9.907,8.6079","9.9706,8.601","10.0298,8.5891","10.0884,8.5807","10.093,8.5815","10.1525,8.5859","10.2638,8.5696","10.2783,8.553","10.3483,8.5249","10.391,8.5061","10.3899,8.5092","10.4243,8.491","10.49,8.4443","10.5097,8.4283","10.5459,8.4106","10.5596,8.3726","10.5777,8.3774","10.5936,8.3438","10.6327,8.2881","10.6688,8.2752","10.7166,8.26","10.7465,8.2476","10.7373,8.2516","10.7864,8.2391","10.8574,8.2128","10.8924,8.2059","10.9431,8.1884","10.9827,8.1801","10.9825,8.1813","11.0091,8.1634","11.0794,8.1287","11.1012,8.1109","11.1276,8.0962","11.1594,8.0694","11.157,8.0722","11.1738,8.0561","11.2122,8.0071","11.2225,7.9773","11.2449,7.9497","11.258,7.93","11.258,7.9287","11.2804,7.8987","11.322,7.8592","11.3199,7.8516","11.3649,7.8305","11.3874,7.8275","11.3809,7.8396","11.4137,7.8212","11.4644,7.8178","11.4855,7.8202","11.5048,7.8047","11.5281,7.797","11.5275,7.7969","11.551,7.7791","11.5837,7.7442","11.6035,7.7347","11.6183,7.7167","11.6243,7.7053","11.6283,7.7008","11.6327,7.685","11.6386,7.6643","11.6723,7.655","11.6871,7.6605","11.6878,7.6557","11.6919,7.6513","11.7058,7.647","11.729,7.6381","11.7359,7.6315","11.7481,7.6178","11.7689,7.6095","11.7707,7.612","11.7835,7.604","11.811,7.5758","11.8229,7.5624","11.8415,7.5363","11.84,7.5174","11.8414,7.5164","11.8667,7.499","11.9014,7.4704","11.9067,7.4707","11.9387,7.4675","11.9531,7.4609","11.954,7.4603","11.9627,7.4544","11.9952,7.4425","12.0128,7.4344","12.0382,7.4317","12.0675,7.427","12.0631,7.4281","12.0941,7.4177","12.158,7.4079","12.1914,7.3954","12.2258,7.3901","12.257,7.3741","12.2577,7.3756","12.2905,7.3726","12.3481,7.3712","12.3801,7.3652","12.4098,7.3786","12.4423,7.3799","12.443,7.38","12.4677,7.3837","12.5206,7.3993","12.5494,7.4141","12.5849,7.4253","12.6196,7.4387","12.6183,7.4372","12.6471,7.4543","12.7242,7.4844","12.7637,7.4966","12.813,7.503","12.8559,7.5147","12.8567,7.5142","12.9026,7.5211","12.9872,7.5323","13.0319,7.5409",,,,,,,,,,,,,,,,,,,,,,,,,,,,,,,,,,,,,,,,,,,,,,,,,,,,,,,,,,,,,,,,,,,,,,,,,,,,,,,,,,,,,,,,,,,,,,,,,,,,,,,,,,,,,,,,,,,,,,,,,,,,,,,,,,,,,,,
"7.4066,9.7748","7.4074,9.7737","7.4128,9.7678","7.4066,9.7874","7.4182,9.7788","7.4106,9.7851","7.4143,9.797","7.4131,9.8029","7.4238,9.8112","7.4197,9.82","7.4168,9.8166","7.421,9.8178","7.4201,9.833","7.4182,9.8362","7.4239,9.8413","7.4237,9.8534","7.4236,9.8497","7.4241,9.8475","7.4212,9.852","7.426,9.8559","7.4225,9.8551","7.428,9.8552","7.4258,9.8575","7.4262,9.8547","7.4328,9.8584","7.4398,9.8571","7.4458,9.8537","7.4473,9.858","7.4557,9.8528","7.4581,9.8498","7.4746,9.8545","7.4779,9.8629","7.486,9.8656","7.501,9.8602","7.4955,9.8552","7.508,9.8535","7.53,9.8586","7.5326,9.8603","7.5678,9.8685","7.5716,9.8751","7.5594,9.8799","7.5899,9.8807","7.639,9.8843","7.6428,9.8775","7.6783,9.892","7.6889,9.8856","7.6824,9.8831","7.721,9.883","7.7926,9.8503","7.8185,9.8232","7.8545,9.7952","7.8799,9.7686","7.8818,9.7733","7.9001,9.7283","7.9939,9.6614","8.0376,9.6439","8.0655,9.6151","8.1374,9.5847","8.1424,9.5796","8.1915,9.5306","8.2967,9.456","8.3483,9.4202","8.411,9.3937","8.464,9.3742","8.4735,9.3808","8.536,9.3548","8.6514,9.2777","8.7265,9.2289","8.772,9.1675","8.8265,9.1235","8.8221,9.1225","8.8883,9.0798","8.9969,9.0056","9.0674,8.9744","9.1216,8.9567","9.1904,8.9283","9.1909,8.933","9.2592,8.9144","9.3883,8.8947","9.4443,8.87","9.5116,8.8458","9.5659,8.8309","9.5671,8.8293","9.6215,8.8035","9.728,8.7644","9.784,8.7438","9.8362,8.7303","9.8851,8.7059","9.9032,8.7017","9.9451,8.6747","10.0212,8.6055","10.0831,8.5786","10.128,8.559","10.171,8.5381","10.1751,8.5418","10.2366,8.5277","10.3311,8.4646","10.3746,8.4475","10.4143,8.4274","10.4475,8.4025","10.45,8.4024","10.4838,8.3821","10.5704,8.3202","10.6025,8.3011","10.6352,8.2846","10.6797,8.2637","10.6872,8.2632","10.7185,8.2391","10.7744,8.1971","10.7903,8.166","10.8224,8.1695","10.8531,8.1473","10.8542,8.1474","10.8853,8.1275","10.9151,8.0905","10.9276,8.0769","10.9574,8.056","10.9712,8.0508","10.9653,8.0466","10.9961,8.0309","11.0449,8.0095","11.064,7.9853","11.0884,7.9598","11.1044,7.9499","11.1068,7.9467","11.1193,7.9372","11.1602,7.9034","11.1784,7.8934","11.1945,7.8712","11.2071,7.8604","11.2122,7.8567","11.2215,7.8332","11.2597,7.8205","11.2843,7.8097","11.301,7.808","11.3361,7.7906","11.3298,7.7862","11.36,7.7767","11.3853,7.7776","11.3919,7.7674","11.4046,7.762","11.4181,7.7463","11.4215,7.7474","11.4382,7.7323","11.4812,7.7174","11.4835,7.7013","11.5096,7.6905","11.4973,7.6664","11.4956,7.6734","11.518,7.6483","11.5355,7.6102","11.5394,7.5963","11.5776,7.5856","11.5922,7.5704","11.5865,7.5727","11.5985,7.5561","11.6117,7.5315","11.634,7.5283","11.6521,7.5223","11.6926,7.5095","11.6714,7.5132","11.694,7.5099","11.7277,7.4887","11.756,7.4676","11.7692,7.4749","11.774,7.4667","11.7779,7.47","11.7975,7.4664","11.8209,7.4481","11.8384,7.4451","11.8448,7.4569","11.8801,7.4492","11.8895,7.4463","11.8871,7.4493","11.9121,7.4703","11.9177,7.4746","11.9434,7.4643","11.963,7.4749","11.973,7.4619","11.9845,7.472","12.0092,7.4758","12.0147,7.5103","12.0397,7.4876","12.0558,7.4915","12.056,7.4991","12.0611,7.4845","12.1001,7.5195","12.1053,7.5365","12.1148,7.5456","12.1409,7.5496","12.1399,7.5487","12.162,7.5514","12.1916,7.5678","12.2007,7.5749","12.2207,7.5861","12.2377,7.6068","12.2445,7.6015","12.2558,7.6191","12.3055,7.6495","12.3238,7.6596","12.3468,7.6643","12.3765,7.6787","12.3793,7.6784","12.4054,7.6852","12.476,7.6871","12.5022,7.6794","12.5311,7.6936","12.5326,7.7117","12.5276,7.7132","12.5535,7.7215","12.5756,7.7272","12.5991,7.7202","12.6184,7.7202","12.6197,7.7226","12.6381,7.7119","12.6637,7.7202","12.7,7.7314","12.7387,7.7342","12.7758,7.7386","12.8099,7.7314","12.812,7.7339","12.8329,7.7384","12.9096,7.7455","12.9383,7.7472","12.972,7.7493","12.9988,7.7571","13.0032,7.755","13.0266,7.7576","13.0862,7.7719",,,,,,,,,,,,,,,,,,,,,,,,,,,,,,,,,,,,,,,,,,,,,,,,,,,,,,,,,,,,,,,,,,,,,,,,,,,,,,,,,,,,,,,,,,,,,,
"8.3504,9.6867","8.3244,9.6811","8.3048,9.6744","8.2678,9.6642","8.2756,9.6616","8.2649,9.6686","8.2105,9.6508","8.1989,9.6581","8.183,9.6552","8.177,9.6505","8.175,9.6535","8.1643,9.6506","8.1455,9.6704","8.1345,9.6688","8.1291,9.6762","8.1139,9.6845","8.1211,9.675","8.1124,9.6895","8.1026,9.703","8.0951,9.7017","8.1067,9.7062","8.1003,9.6965","8.1016,9.704","8.1073,9.7114","8.1057,9.7118","8.1018,9.7028","8.0877,9.713","8.0766,9.7021","8.0747,9.7029","8.0749,9.7051","8.0655,9.7095","8.0575,9.7164","8.06,9.7139","8.0588,9.6993","8.0501,9.694","8.0461,9.6991","8.0438,9.6782","8.035,9.6701","8.0417,9.661","8.0514,9.6536","8.057,9.6468","8.0779,9.6456","8.1294,9.6426","8.159,9.6405","8.1967,9.6426","8.2308,9.6494","8.2301,9.6601","8.2721,9.6636","8.3693,9.6599","8.4118,9.6562","8.4456,9.6485","8.4998,9.6496","8.51,9.6511","8.544,9.6418","8.6628,9.6174","8.702,9.6087","8.7434,9.5795","8.8001,9.5797","8.7953,9.5678","8.8444,9.5438","8.9396,9.5294","8.9883,9.5022","9.0412,9.488","9.1066,9.4787","9.0992,9.4774","9.155,9.4697","9.2757,9.4447","9.3232,9.4244","9.3769,9.3853","9.4108,9.3403","9.4164,9.3264","9.472,9.3382","9.5681,9.2898","9.6233,9.2711","9.6759,9.2168","9.7255,9.1675","9.7278,9.1678","9.7915,9.1752","9.9085,9.1171","9.9437,9.0818","10.0183,9.0606","10.0668,9.0411","10.0744,9.0477","10.1199,9.0112","10.2229,8.9775","10.2657,8.933","10.3083,8.9082","10.3738,8.8831","10.3636,8.8825","10.4124,8.8551","10.4864,8.7987","10.552,8.7768","10.5951,8.7507","10.6376,8.7418","10.6393,8.7323","10.6974,8.7265","10.7982,8.6867","10.8643,8.6723","10.9065,8.6508","10.9598,8.6367","10.9528,8.6269","10.9981,8.6113","11.0776,8.5777","11.1178,8.5779","11.15,8.5684","11.1869,8.5216","11.1873,8.5222","11.2107,8.495","11.2758,8.4399","11.3094,8.4099","11.3469,8.3887","11.3731,8.3775","11.3782,8.3746","11.4346,8.3539","11.4854,8.2937","11.5134,8.2758","11.5447,8.2515","11.5744,8.2258","11.5671,8.2335","11.5859,8.2071","11.6282,8.1861","11.6335,8.1536","11.6513,8.1379","11.6627,8.1187","11.6605,8.1221","11.6775,8.086","11.7186,8.0711","11.7334,8.0599","11.7467,8.0418","11.7673,8.0434","11.7663,8.0482","11.7836,8.0198","11.8209,8.0176","11.8414,7.9951","11.8609,7.9919","11.8681,7.9721","11.8674,7.9661","11.8938,7.9557","11.8963,7.9348","11.9075,7.9152","11.916,7.9089","11.9145,7.8954","11.922,7.8923","11.9312,7.8697","11.9483,7.8533","11.9515,7.8562","11.981,7.827","11.9702,7.819","11.9697,7.821","12.0024,7.8054","12.035,7.7816","12.0376,7.7669","12.0556,7.7674","12.0752,7.7645","12.0763,7.7477","12.102,7.7359","12.1211,7.7279","12.1341,7.7115","12.1558,7.7014","12.1622,7.7005","12.163,7.706","12.1814,7.6955","12.2033,7.6818","12.2149,7.7036","12.226,7.7205","12.2436,7.7055","12.2445,7.7065","12.2613,7.7083","12.3076,7.7174","12.3223,7.7219","12.3295,7.7357","12.3502,7.7329","12.3495,7.735","12.3593,7.7179","12.3785,7.7247","12.3907,7.7192","12.4054,7.7157","12.4313,7.6966","12.4278,7.7112","12.443,7.7037","12.4777,7.6572","12.4888,7.6317","12.4902,7.615","12.5085,7.601","12.5123,7.6029","12.5401,7.592","12.5846,7.6058","12.6113,7.5991","12.6231,7.6051","12.6554,7.6117","12.646,7.6161","12.6755,7.6388","12.7266,7.6819","12.7427,7.685","12.7808,7.7094","12.7949,7.7255","12.8037,7.7221","12.8025,7.7529","12.8359,7.7737","12.8568,7.8053","12.8827,7.8118","12.8902,7.8383","12.9104,7.8228","12.9186,7.8376","12.9637,7.8909",,,,,,,,,,,,,,,,,,,,,,,,,,,,,,,,,,,,,,,,,,,,,,,,,,,,,,,,,,,,,,,,,,,,,,,,,,,,,,,,,,,,,,,,,,,,,,,,,,,,,,,,,,,,,,,,,,,,,,
"8.0019,10.1549","7.9938,10.1557","8.0115,10.152","8.0053,10.157","7.9965,10.1393","8.0022,10.1416","7.9973,10.1346","8.0048,10.15","8.0096,10.1388","7.999,10.1316","8.0049,10.1404","8.006,10.1391","8.012,10.1365","8.0167,10.1411","8.0182,10.1437","8.0154,10.1404","8.028,10.142","8.0278,10.1458","8.039,10.1414","8.033,10.1453","8.0481,10.1409","8.0492,10.1465","8.0557,10.1467","8.0656,10.1419","8.0773,10.1305","8.0866,10.1275","8.1011,10.1261","8.1085,10.1122","8.1026,10.1088","8.1188,10.0961","8.1528,10.0693","8.1876,10.0721","8.1971,10.0525","8.2352,10.0384","8.2333,10.0352","8.2709,10.0299","8.362,9.9999","8.4226,9.9874","8.4761,9.9683","8.5328,9.9509","8.5375,9.9541","8.6096,9.9421","8.7303,9.8642","8.7939,9.8214","8.869,9.752","8.9391,9.7024","8.9306,9.6862","8.9854,9.6188","9.1134,9.4979","9.1986,9.4574","9.2893,9.4172","9.3811,9.387","9.3871,9.3853","9.4698,9.3657","9.6285,9.2943","9.7524,9.2606","9.8252,9.2042","9.914,9.1673","9.9122,9.1603","9.9862,9.1015","10.1549,8.974","10.2511,8.8901","10.3313,8.8313","10.4213,8.7738","10.4402,8.7711","10.5224,8.7311","10.6997,8.62","10.787,8.552","10.8491,8.4924","10.9075,8.4278","10.912,8.4291","10.9857,8.365","11.0923,8.2869","11.1487,8.2251","11.2136,8.1841","11.2684,8.1329","11.2717,8.1366","11.3296,8.0992","11.4236,8.0239","11.4539,7.9557","11.5018,7.9098","11.5425,7.8498","11.5478,7.8623","11.5681,7.8012","11.6229,7.7013","11.6645,7.6519","11.719,7.6143","11.7865,7.5952","11.786,7.5933","11.8505,7.5693","11.9493,7.5581","12.0048,7.5207","12.0641,7.5022","12.1023,7.4815","12.1038,7.4874","12.1772,7.4642","12.2401,7.4246","12.2897,7.415","12.3315,7.4037","12.3835,7.3955","12.3731,7.3988","12.4396,7.3941","12.5439,7.3912","12.5998,7.4021","12.664,7.4161","12.7265,7.4155","12.7323,7.4134","12.783,7.409","12.9008,7.439","12.949,7.4365","12.9979,7.4554","13.0425,7.4793","13.0335,7.4815",,,,,,,,,,,,,,,,,,,,,,,,,,,,,,,,,,,,,,,,,,,,,,,,,,,,,,,,,,,,,,,,,,,,,,,,,,,,,,,,,,,,,,,,,,,,,,,,,,,,,,,,,,,,,,,,,,,,,,,,,,,,,,,,,,,,,,,,,,,,,,,,,,,,,,,,,,,,,,,,,,,,,,,,,,,,,,,,,,,,,,,,,,,,,,,,,,,,,,,,,,,,,,,,,,
"7.6447,10.242","7.6483,10.2544","7.6355,10.2403","7.6466,10.241","7.6484,10.2387","7.6459,10.2338","7.6305,10.2033","7.6321,10.1975","7.6212,10.197","7.619,10.1708","7.6283,10.1787","7.6285,10.1668","7.612,10.1437","7.6281,10.1392","7.6227,10.1394","7.6193,10.1241","7.6031,10.1209","7.6227,10.1173","7.6081,10.1216","7.6154,10.1187","7.6293,10.1152","7.63,10.1158","7.632,10.1116","7.6453,10.12","7.645,10.1209","7.6606,10.1184","7.6704,10.1251","7.6629,10.1259","7.6705,10.1302","7.6857,10.1395","7.7159,10.1668","7.7353,10.1791","7.7423,10.1885","7.7603,10.1978","7.7648,10.1972","7.7778,10.2117","7.8067,10.237","7.821,10.2391","7.8385,10.2493","7.8621,10.2553","7.8498,10.259","7.8758,10.2569","7.9114,10.2657","7.9389,10.2494","7.9782,10.2418","8.0029,10.2293","7.999,10.2383","8.0409,10.2384","8.1435,10.2118","8.2035,10.1994","8.2799,10.1843","8.3549,10.1601","8.354,10.1625","8.415,10.1405","8.5858,10.0582","8.7051,10.0137","8.7888,9.9786","8.8855,9.9516","8.8844,9.9516","8.9849,9.9429","9.1828,9.9018","9.2966,9.8613","9.3938,9.8339","9.4892,9.7847","9.4915,9.7876","9.588,9.731","9.7497,9.6308","9.8533,9.5668","9.9396,9.4973","10.023,9.4376","10.028,9.431","10.1372,9.3815","10.3167,9.2803","10.4251,9.2042","10.5172,9.1425","10.6139,9.1054","10.6284,9.1073","10.7449,9.0622","10.8604,8.9652","10.935,8.8914","11.0033,8.8093","11.0757,8.7668","11.0871,8.7604","11.1413,8.6997","11.2868,8.5978","11.3162,8.5494","11.4026,8.499","11.4782,8.4453","11.4767,8.4456","11.5354,8.3773","11.6552,8.266","11.7109,8.2283","11.757,8.1932","11.8037,8.1554","11.7972,8.1666","11.8466,8.1406","11.9158,8.0534","11.9858,8.0028","12.0313,7.938","12.0686,7.895","12.066,7.887","12.0968,7.8452","12.1708,7.7922","12.2068,7.7812","12.2491,7.7669","12.2886,7.7608","12.2867,7.7632","12.3217,7.7556","12.3636,7.7481","12.3764,7.7481","12.3919,7.7573","12.4149,7.7679","12.416,7.7675","12.4471,7.7822","12.4707,7.8138","12.4862,7.8391","12.4842,7.8554","12.4807,7.8791","12.4815,7.8783","12.4736,7.9046","12.4584,7.9413","12.4617,7.9519","12.4654,7.9558","12.4766,7.9602","12.4776,7.9594","12.4747,7.9616","12.4772,7.9588","12.4849,7.9565","12.4899,7.9466","12.4996,7.9291","12.5005,7.9309","12.5086,7.8988","12.5309,7.8368","12.552,7.8051","12.5708,7.7536","12.569,7.7324","12.5673,7.7332","12.5993,7.7049","12.6521,7.6986","12.7013,7.7012","12.7273,7.7214","12.7828,7.7312","12.7791,7.728","12.8373,7.744","12.9107,7.7469","12.9986,7.7515","13.0354,7.7699","13.0776,7.7861","13.0701,7.777",,,,,,,,,,,,,,,,,,,,,,,,,,,,,,,,,,,,,,,,,,,,,,,,,,,,,,,,,,,,,,,,,,,,,,,,,,,,,,,,,,,,,,,,,,,,,,,,,,,,,,,,,,,,,,,,,,,,,,,,,,,,,,,,,,,,,,,,,,,,,,,,,,,,,,,,,,,,,,,,,,,,,,,,,,,,,,
"5.9955,5.4987","6.0051,5.5023","6.0035,5.4956","6.008,5.4882","6.014,5.4909","6.0114,5.4892","6.0187,5.4664","6.0259,5.4496","6.0259,5.4462","6.0277,5.4327","6.0338,5.4242","6.0369,5.4192","6.0497,5.4001","6.0517,5.3899","6.0542,5.3726","6.0679,5.3513","6.0619,5.3456","6.0646,5.3328","6.0721,5.3055","6.0885,5.2964","6.0847,5.2762","6.0996,5.2625","6.0944,5.2647","6.1077,5.2477","6.1115,5.2229","6.1229,5.209","6.133,5.1926","6.1324,5.1764","6.1477,5.1871","6.1459,5.184","6.1775,5.1696","6.1806,5.1612","6.1938,5.1587","6.2086,5.1549","6.2181,5.1624","6.2257,5.1561","6.2687,5.1637","6.2777,5.1602","6.3025,5.1564","6.3314,5.1711","6.3289,5.1584","6.3613,5.1701","6.4176,5.1767","6.4509,5.176","6.4753,5.1782","6.5209,5.1947","6.5148,5.2001","6.5632,5.2093","6.6497,5.2309","6.684,5.2335","6.7178,5.2389","6.7381,5.2405","6.7417,5.2364","6.7696,5.2465","6.8095,5.2247","6.8284,5.2166","6.8669,5.2087","6.8793,5.1984","6.8811,5.1873","6.8909,5.1891","6.9018,5.156","6.9293,5.1385","6.9448,5.1218","6.9595,5.1087","6.953,5.0945","6.9612,5.0864","6.9963,5.0706","7.0021,5.0668","7.0093,5.0324","7.0172,5.0363","7.013,5.0275","7.0329,5.027","7.0587,5.02","7.0706,5.0236","7.0837,5.0212","7.1001,5.0295","7.0947,5.0372","7.1215,5.0298","7.1697,5.0401","7.1945,5.0498","7.2205,5.0525","7.2567,5.0664","7.2531,5.0664","7.2822,5.0808","7.347,5.0951","7.3886,5.1176","7.4162,5.1427","7.4657,5.1601","7.4546,5.1525","7.4996,5.1666","7.5806,5.1976","7.6234,5.2052","7.662,5.2282","7.7018,5.2506","7.6978,5.2441","7.7606,5.2561","7.8664,5.2904","7.9118,5.2906","7.9556,5.3024","8.0091,5.3117","7.9987,5.3068","8.0433,5.3237","8.1507,5.3615","8.1955,5.3947","8.2445,5.4143","8.2987,5.4367","8.3012,5.4359","8.3366,5.4713","8.4362,5.4988","8.4786,5.5142","8.5338,5.5412","8.5846,5.563","8.5823,5.5634","8.64,5.585","8.7567,5.6209","8.8117,5.6297","8.8544,5.6517","8.9125,5.6674","8.9139,5.6643","8.9645,5.6831","9.0717,5.7187","9.1136,5.7304","9.1738,5.7429","9.2383,5.7741","9.2417,5.763","9.287,5.7874","9.3711,5.8441","9.4274,5.8723","9.4727,5.9068","9.5109,5.9331","9.511,5.9302","9.5496,5.9531","9.6261,6.0111","9.6768,6.0207","9.7217,6.0452","9.7662,6.0787","9.766,6.0752","9.806,6.0877","9.8843,6.1263","9.9102,6.131","9.9435,6.1486","9.9859,6.1671","9.9863,6.1684","10.0306,6.1866","10.0881,6.2252","10.1232,6.2527","10.1535,6.2658","10.1632,6.2756","10.1739,6.2678","10.2057,6.291","10.2563,6.3329","10.2678,6.3448","10.3044,6.3755","10.3266,6.3735","10.33,6.3834","10.3494,6.3893","10.3927,6.4228","10.4093,6.4243","10.4306,6.4312","10.4436,6.4427","10.4488,6.4425","10.4601,6.4597","10.5033,6.4716","10.5254,6.4668","10.5552,6.4664","10.5635,6.4654","10.5652,6.4626","10.5808,6.4614","10.6038,6.4542","10.6272,6.4561","10.6467,6.4474","10.652,6.4443","10.6635,6.4541","10.6711,6.4377","10.6999,6.4481","10.721,6.4518","10.7379,6.4557","10.7536,6.4487","10.7538,6.4481","10.7629,6.451","10.7908,6.4573","10.8047,6.4702","10.8047,6.469","10.8268,6.4784","10.8168,6.4799","10.8281,6.4806","10.8424,6.499","10.8605,6.5051","10.8644,6.5097","10.8622,6.5132","10.8715,6.5132","10.8807,6.5158","10.8976,6.523","10.9068,6.5235","10.9133,6.5215","10.9076,6.517","10.9253,6.5215","10.9286,6.5158","10.95,6.5168","10.9665,6.5164","10.9764,6.4974","10.9799,6.4865","10.9837,6.4842","10.9826,6.4766","11.002,6.456","11.0133,6.4374","11.0201,6.4237","11.0339,6.4268","11.0358,6.4133","11.0434,6.4074","11.0574,6.3721","11.0681,6.3636","11.0733,6.3444","11.0772,6.3419","11.0808,6.3396","11.0822,6.3227","11.093,6.3151","11.1147,6.3135","11.1149,6.3148","11.1264,6.3033","11.1353,6.3061","11.1308,6.3046","11.1414,6.312","11.1422,6.3089","11.1554,6.3059","11.1592,6.3059","11.1506,6.3099","11.1604,6.3076","11.1818,6.3051","11.1933,6.3165","11.1954,6.3118","11.2089,6.3082","11.2145,6.3133","11.2203,6.3162","11.2401,6.3037","11.2494,6.3084","11.2604,6.2954","11.271,6.2733","11.2798,6.2822","11.2884,6.2701","11.3317,6.2489","11.3461,6.2497","11.3678,6.2493","11.3896,6.2529","11.3714,6.2641","11.3981,6.2593","11.437,6.2732","11.4413,6.2788","11.4609,6.2889","11.4735,6.2984","11.4721,6.2959","11.482,6.2994","11.514,6.3143","11.5237,6.3309","11.5507,6.3406","11.5638,6.335","11.5692,6.3399","11.5731,6.338","11.6177,6.3403","11.6202,6.3417","11.6396,6.3448","11.6453,6.3608","11.6462,6.3452","11.6654,6.3577","11.7014,6.3847","11.709,6.3933","11.7228,6.3991","11.7197,6.4203","11.7255,6.41","11.7358,6.4217","11.757,6.448","11.7713,6.4766","11.7825,6.4892","11.797,6.5106","11.7972,6.5152","11.812,6.5298","11.8473,6.564","11.8625,6.5802","11.8855,6.5891","11.9019,6.6002","11.9024,6.5922","11.917,6.5985","11.968,6.6102","11.9851,6.6105","12.0027,6.6086","12.0266,6.6052","12.0293,6.6022","12.0712,6.6184","12.1159,6.6175","12.1437,6.6255","12.174,6.6321","12.2068,6.6335","12.198,6.6456","12.2227,6.6556","12.2699,6.6686","12.3045,6.6937","12.3451,6.6943","12.3557,6.7136","12.3595,6.7107","12.3778,6.7327","12.4326,6.7567","12.4857,6.7701","12.5035,6.7656","12.5278,6.7817","12.5299,6.7766","12.559,6.7836","12.6048,6.7825","12.6226,6.783","12.6515,6.789","12.6849,6.7836","12.6815,6.7815","12.7033,6.7923","12.7648,6.7907","12.779,6.7672","12.801,6.7718","12.8332,6.7562","12.8347,6.7526","12.8601,6.7499","12.9243,6.7413","12.9466,6.7549","12.9702,6.7385","13.0036,6.7421","13.0015,6.7424"
